{
"type": "FeatureCollection",
"name": "kabkota_geo",
"crs": { "type": "name", "properties": { "name": "urn:ogc:def:crs:OGC:1.3:CRS84" } },
"xy_coordinate_resolution": 0.0001,
"features": [
{ "type": "Feature", "properties": { "balita": 17618.0, "u5mr": 24.68, "kabkota": "Aceh Barat", "jenis": "Kabupaten", "provinsi": "ACEH", "pulau": "Sumatera", "provinsi_geojson": "Aceh", "jenis_geo": "Kabupaten", "label": "Kab. Aceh Barat", "kode_bps": "1107", "geo_key": "aceh barat", "name_geojson": "Kabupaten Aceh Barat", "peringkat_nasional": 127, "peringkat_provinsi": 9, "kelas_jenks": 3, "kelas_kuantil": 4 }, "geometry": { "type": "MultiPolygon", "coordinates": [ [ [ [ 96.1676, 4.7501 ], [ 96.1068, 4.7497 ], [ 96.0002, 4.7495 ], [ 96.0428, 4.6599 ], [ 96.0419, 4.5855 ], [ 95.9575, 4.5101 ], [ 95.8763, 4.3698 ], [ 96.0193, 4.2124 ], [ 96.1897, 4.1069 ], [ 96.2679, 4.1439 ], [ 96.2713, 4.1689 ], [ 96.252, 4.2443 ], [ 96.3411, 4.377 ], [ 96.364, 4.3927 ], [ 96.4822, 4.4611 ], [ 96.4728, 4.5453 ], [ 96.4475, 4.6231 ], [ 96.381, 4.6759 ], [ 96.3612, 4.67 ], [ 96.2575, 4.7067 ], [ 96.2603, 4.7124 ], [ 96.2433, 4.7123 ], [ 96.1676, 4.7501 ] ] ] ] } },
{ "type": "Feature", "properties": { "balita": 14566.0, "u5mr": 30.72, "kabkota": "Aceh Barat Daya", "jenis": "Kabupaten", "provinsi": "ACEH", "pulau": "Sumatera", "provinsi_geojson": "Aceh", "jenis_geo": "Kabupaten", "label": "Kab. Aceh Barat Daya", "kode_bps": "1112", "geo_key": "aceh barat daya", "name_geojson": "Kabupaten Aceh Barat Daya", "peringkat_nasional": 67, "peringkat_provinsi": 7, "kelas_jenks": 3, "kelas_kuantil": 5 }, "geometry": { "type": "MultiPolygon", "coordinates": [ [ [ [ 96.7189, 4.0788 ], [ 96.7129, 4.0217 ], [ 96.6319, 3.9634 ], [ 96.6213, 3.9127 ], [ 96.601, 3.8798 ], [ 96.6118, 3.7982 ], [ 96.62, 3.737 ], [ 96.7731, 3.7391 ], [ 96.882, 3.673 ], [ 96.9032, 3.6022 ], [ 96.9695, 3.6183 ], [ 97.0356, 3.6008 ], [ 97.1311, 3.6843 ], [ 97.1545, 3.7415 ], [ 97.1116, 3.8329 ], [ 97.1087, 3.8875 ], [ 97.0461, 3.9584 ], [ 96.9839, 3.9372 ], [ 96.8383, 3.9544 ], [ 96.8038, 4.0068 ], [ 96.7518, 4.0861 ], [ 96.7189, 4.0788 ] ] ] ] } },
{ "type": "Feature", "properties": { "balita": 35765.0, "u5mr": 18.38, "kabkota": "Aceh Besar", "jenis": "Kabupaten", "provinsi": "ACEH", "pulau": "Sumatera", "provinsi_geojson": "Aceh", "jenis_geo": "Kabupaten", "label": "Kab. Aceh Besar", "kode_bps": "1108", "geo_key": "aceh besar", "name_geojson": "Kabupaten Aceh Besar", "peringkat_nasional": 240, "peringkat_provinsi": 17, "kelas_jenks": 2, "kelas_kuantil": 3 }, "geometry": { "type": "MultiPolygon", "coordinates": [ [ [ [ 95.3503, 5.5947 ], [ 95.3529, 5.5609 ], [ 95.2801, 5.536 ], [ 95.1935, 5.5275 ], [ 95.2439, 5.4576 ], [ 95.2387, 5.3246 ], [ 95.2543, 5.2208 ], [ 95.3321, 5.179 ], [ 95.3488, 5.2336 ], [ 95.3664, 5.2542 ], [ 95.4015, 5.2125 ], [ 95.4987, 5.2202 ], [ 95.5971, 5.1922 ], [ 95.6222, 5.1648 ], [ 95.6318, 5.1268 ], [ 95.6301, 5.0917 ], [ 95.7055, 5.052 ], [ 95.7336, 5.053 ], [ 95.8207, 5.0855 ], [ 95.8399, 5.1415 ], [ 95.8283, 5.1715 ], [ 95.7892, 5.2171 ], [ 95.7748, 5.2534 ], [ 95.7485, 5.3189 ], [ 95.7588, 5.4312 ], [ 95.7749, 5.4563 ], [ 95.726, 5.5005 ], [ 95.7447, 5.5694 ], [ 95.6107, 5.6278 ], [ 95.4914, 5.609 ], [ 95.4336, 5.6566 ], [ 95.3503, 5.5947 ] ] ] ] } },
{ "type": "Feature", "properties": { "balita": 9977.0, "u5mr": 29.25, "kabkota": "Aceh Jaya", "jenis": "Kabupaten", "provinsi": "ACEH", "pulau": "Sumatera", "provinsi_geojson": "Aceh", "jenis_geo": "Kabupaten", "label": "Kab. Aceh Jaya", "kode_bps": "1116", "geo_key": "aceh jaya", "name_geojson": "Kabupaten Aceh Jaya", "peringkat_nasional": 80, "peringkat_provinsi": 8, "kelas_jenks": 3, "kelas_kuantil": 5 }, "geometry": { "type": "MultiPolygon", "coordinates": [ [ [ [ 95.3664, 5.2542 ], [ 95.3488, 5.2336 ], [ 95.3321, 5.179 ], [ 95.3016, 5.1389 ], [ 95.3673, 5.0325 ], [ 95.4007, 4.895 ], [ 95.4534, 4.7822 ], [ 95.5328, 4.6846 ], [ 95.7382, 4.5087 ], [ 95.8763, 4.3698 ], [ 95.9575, 4.5101 ], [ 96.0419, 4.5855 ], [ 96.0428, 4.6599 ], [ 95.9945, 4.7556 ], [ 95.9921, 4.786 ], [ 95.9013, 4.8681 ], [ 95.8814, 4.9159 ], [ 95.7835, 5.0088 ], [ 95.7621, 5.0555 ], [ 95.7336, 5.053 ], [ 95.7055, 5.052 ], [ 95.6301, 5.0917 ], [ 95.6318, 5.1268 ], [ 95.6222, 5.1648 ], [ 95.5971, 5.1922 ], [ 95.4987, 5.2202 ], [ 95.4015, 5.2125 ], [ 95.3664, 5.2542 ] ] ] ] } },
{ "type": "Feature", "properties": { "balita": 21793.0, "u5mr": 32.04, "kabkota": "Aceh Selatan", "jenis": "Kabupaten", "provinsi": "ACEH", "pulau": "Sumatera", "provinsi_geojson": "Aceh", "jenis_geo": "Kabupaten", "label": "Kab. Aceh Selatan", "kode_bps": "1103", "geo_key": "aceh selatan", "name_geojson": "Kabupaten Aceh Selatan", "peringkat_nasional": 59, "peringkat_provinsi": 6, "kelas_jenks": 3, "kelas_kuantil": 5 }, "geometry": { "type": "MultiPolygon", "coordinates": [ [ [ [ 97.3575, 3.6221 ], [ 97.2836, 3.6434 ], [ 97.267, 3.6488 ], [ 97.2109, 3.6865 ], [ 97.1545, 3.7415 ], [ 97.1311, 3.6843 ], [ 97.0356, 3.6008 ], [ 96.9695, 3.6183 ], [ 97.1694, 3.2576 ], [ 97.243, 3.2354 ], [ 97.316, 3.0551 ], [ 97.3962, 2.9606 ], [ 97.6146, 2.8334 ], [ 97.65, 2.6761 ], [ 97.665, 2.3949 ], [ 97.71, 2.4091 ], [ 97.733, 2.4236 ], [ 97.791, 2.4984 ], [ 97.7955, 2.5484 ], [ 97.8252, 2.6369 ], [ 97.7665, 2.7881 ], [ 97.7846, 2.8049 ], [ 97.8586, 2.8819 ], [ 97.9057, 2.9118 ], [ 97.9004, 2.9663 ], [ 97.8148, 2.983 ], [ 97.8073, 2.9607 ], [ 97.7982, 2.975 ], [ 97.7722, 2.9609 ], [ 97.7536, 2.9271 ], [ 97.6406, 2.9535 ], [ 97.6429, 3.0299 ], [ 97.6155, 3.0921 ], [ 97.6038, 3.1086 ], [ 97.5168, 3.1705 ], [ 97.4774, 3.217 ], [ 97.4747, 3.3232 ], [ 97.4403, 3.3961 ], [ 97.3983, 3.4504 ], [ 97.4509, 3.5359 ], [ 97.4631, 3.6187 ], [ 97.3575, 3.6221 ] ] ] ] } },
{ "type": "Feature", "properties": { "balita": 15704.0, "u5mr": 33.58, "kabkota": "Aceh Singkil", "jenis": "Kabupaten", "provinsi": "ACEH", "pulau": "Sumatera", "provinsi_geojson": "Aceh", "jenis_geo": "Kabupaten", "label": "Kab. Aceh Singkil", "kode_bps": "1102", "geo_key": "aceh singkil", "name_geojson": "Kabupaten Aceh Singkil", "peringkat_nasional": 55, "peringkat_provinsi": 4, "kelas_jenks": 4, "kelas_kuantil": 5 }, "geometry": { "type": "MultiPolygon", "coordinates": [ [ [ [ 97.1616, 2.2241 ], [ 97.1738, 2.1787 ], [ 97.2614, 2.1353 ], [ 97.3069, 2.0633 ], [ 97.3582, 2.0978 ], [ 97.3388, 2.1626 ], [ 97.27, 2.2325 ], [ 97.1616, 2.2241 ] ] ], [ [ [ 97.9127, 2.5706 ], [ 97.865, 2.4988 ], [ 97.7912, 2.5002 ], [ 97.7311, 2.4218 ], [ 97.665, 2.3949 ], [ 97.7345, 2.3147 ], [ 97.8814, 2.2432 ], [ 97.9497, 2.2704 ], [ 98.1273, 2.1695 ], [ 98.1785, 2.2391 ], [ 98.1865, 2.2942 ], [ 98.197, 2.3119 ], [ 98.1474, 2.4237 ], [ 98.0861, 2.5007 ], [ 98.0767, 2.5747 ], [ 97.9127, 2.5706 ] ] ] ] } },
{ "type": "Feature", "properties": { "balita": 27231.0, "u5mr": 17.27, "kabkota": "Aceh Tamiang", "jenis": "Kabupaten", "provinsi": "ACEH", "pulau": "Sumatera", "provinsi_geojson": "Aceh", "jenis_geo": "Kabupaten", "label": "Kab. Aceh Tamiang", "kode_bps": "1114", "geo_key": "aceh tamiang", "name_geojson": "Kabupaten Aceh Tamiang", "peringkat_nasional": 283, "peringkat_provinsi": 18, "kelas_jenks": 2, "kelas_kuantil": 3 }, "geometry": { "type": "MultiPolygon", "coordinates": [ [ [ [ 98.2439, 4.294 ], [ 98.2799, 4.3876 ], [ 98.2342, 4.4636 ], [ 98.1188, 4.5232 ], [ 98.062, 4.5109 ], [ 98.0459, 4.4637 ], [ 98.0258, 4.4083 ], [ 98.0206, 4.4166 ], [ 97.9639, 4.3698 ], [ 97.8384, 4.3698 ], [ 97.7849, 4.3565 ], [ 97.7497, 4.2949 ], [ 97.741, 4.218 ], [ 97.7555, 4.1182 ], [ 97.8134, 4.0399 ], [ 97.8411, 4.0008 ], [ 97.9133, 3.9141 ], [ 98.0078, 3.9018 ], [ 98.0412, 3.9534 ], [ 98.0743, 3.9574 ], [ 98.0776, 3.9494 ], [ 98.0957, 3.9841 ], [ 98.0402, 4.0412 ], [ 98.0918, 4.2285 ], [ 98.1438, 4.2598 ], [ 98.1988, 4.3025 ], [ 98.2114, 4.2987 ], [ 98.2146, 4.2873 ], [ 98.2439, 4.294 ] ] ] ] } },
{ "type": "Feature", "properties": { "balita": 20918.0, "u5mr": 20.25, "kabkota": "Aceh Tengah", "jenis": "Kabupaten", "provinsi": "ACEH", "pulau": "Sumatera", "provinsi_geojson": "Aceh", "jenis_geo": "Kabupaten", "label": "Kab. Aceh Tengah", "kode_bps": "1106", "geo_key": "aceh tengah", "name_geojson": "Kabupaten Aceh Tengah", "peringkat_nasional": 200, "peringkat_provinsi": 15, "kelas_jenks": 2, "kelas_kuantil": 4 }, "geometry": { "type": "MultiPolygon", "coordinates": [ [ [ [ 96.6165, 4.9556 ], [ 96.5984, 4.9385 ], [ 96.5731, 4.9477 ], [ 96.466, 4.8686 ], [ 96.4773, 4.8447 ], [ 96.4704, 4.762 ], [ 96.3988, 4.76 ], [ 96.2821, 4.7798 ], [ 96.2575, 4.7067 ], [ 96.3612, 4.67 ], [ 96.381, 4.6759 ], [ 96.4475, 4.6231 ], [ 96.4844, 4.6309 ], [ 96.4921, 4.6246 ], [ 96.5031, 4.6322 ], [ 96.576, 4.5756 ], [ 96.6557, 4.5297 ], [ 96.6887, 4.4698 ], [ 96.6839, 4.3942 ], [ 96.7189, 4.354 ], [ 96.7585, 4.2953 ], [ 96.8366, 4.2816 ], [ 96.8875, 4.2211 ], [ 96.9281, 4.2002 ], [ 96.973, 4.2002 ], [ 97.0151, 4.2045 ], [ 97.1095, 4.2365 ], [ 97.162, 4.2791 ], [ 97.2159, 4.2357 ], [ 97.2407, 4.1745 ], [ 97.3589, 4.2143 ], [ 97.3494, 4.25 ], [ 97.3682, 4.3822 ], [ 97.3429, 4.4999 ], [ 97.29, 4.5006 ], [ 97.297, 4.5269 ], [ 97.3171, 4.5486 ], [ 97.3125, 4.6046 ], [ 97.2322, 4.6042 ], [ 97.1696, 4.5781 ], [ 97.0508, 4.6032 ], [ 97.0207, 4.6439 ], [ 96.8091, 4.6728 ], [ 96.7106, 4.7526 ], [ 96.6858, 4.7676 ], [ 96.7084, 4.8183 ], [ 96.6716, 4.9382 ], [ 96.6165, 4.9556 ] ] ] ] } },
{ "type": "Feature", "properties": { "balita": 24443.0, "u5mr": 22.0, "kabkota": "Aceh Tenggara", "jenis": "Kabupaten", "provinsi": "ACEH", "pulau": "Sumatera", "provinsi_geojson": "Aceh", "jenis_geo": "Kabupaten", "label": "Kab. Aceh Tenggara", "kode_bps": "1104", "geo_key": "aceh tenggara", "name_geojson": "Kabupaten Aceh Tenggara", "peringkat_nasional": 164, "peringkat_provinsi": 11, "kelas_jenks": 2, "kelas_kuantil": 4 }, "geometry": { "type": "MultiPolygon", "coordinates": [ [ [ [ 97.636, 3.7337 ], [ 97.3514, 3.6759 ], [ 97.2065, 3.6913 ], [ 97.2818, 3.6462 ], [ 97.295, 3.5952 ], [ 97.3575, 3.6221 ], [ 97.4631, 3.6187 ], [ 97.4509, 3.5359 ], [ 97.3982, 3.4508 ], [ 97.4403, 3.3961 ], [ 97.4747, 3.3232 ], [ 97.4774, 3.217 ], [ 97.5168, 3.1705 ], [ 97.6117, 3.0988 ], [ 97.6429, 3.0299 ], [ 97.6406, 2.9535 ], [ 97.7472, 2.9276 ], [ 97.7625, 2.9343 ], [ 97.7704, 2.9588 ], [ 97.7885, 2.972 ], [ 97.8148, 2.983 ], [ 97.9376, 3.0292 ], [ 97.9301, 3.0547 ], [ 97.9499, 3.0748 ], [ 97.9528, 3.065 ], [ 97.9752, 3.073 ], [ 97.9838, 3.0856 ], [ 97.9822, 3.1161 ], [ 97.9706, 3.1384 ], [ 97.9424, 3.1641 ], [ 97.9477, 3.2008 ], [ 97.9322, 3.2104 ], [ 98.0293, 3.3308 ], [ 98.0034, 3.3689 ], [ 97.9778, 3.3718 ], [ 97.9507, 3.413 ], [ 97.9066, 3.5552 ], [ 97.8681, 3.5711 ], [ 97.8447, 3.6606 ], [ 97.8005, 3.7226 ], [ 97.636, 3.7337 ] ] ] ] } },
{ "type": "Feature", "properties": { "balita": 40209.0, "u5mr": 22.68, "kabkota": "Aceh Timur", "jenis": "Kabupaten", "provinsi": "ACEH", "pulau": "Sumatera", "provinsi_geojson": "Aceh", "jenis_geo": "Kabupaten", "label": "Kab. Aceh Timur", "kode_bps": "1105", "geo_key": "aceh timur", "name_geojson": "Kabupaten Aceh Timur", "peringkat_nasional": 153, "peringkat_provinsi": 10, "kelas_jenks": 2, "kelas_kuantil": 4 }, "geometry": { "type": "MultiPolygon", "coordinates": [ [ [ [ 97.9542, 4.5369 ], [ 97.9982, 4.5882 ], [ 97.9072, 4.8914 ], [ 97.8403, 4.9072 ], [ 97.6752, 5.0479 ], [ 97.652, 5.1232 ], [ 97.591, 5.1437 ], [ 97.5534, 5.2123 ], [ 97.4996, 5.2131 ], [ 97.488, 5.2092 ], [ 97.4962, 5.203 ], [ 97.4983, 5.1585 ], [ 97.4658, 5.1535 ], [ 97.4917, 5.0719 ], [ 97.5135, 5.0509 ], [ 97.4736, 4.9241 ], [ 97.4785, 4.921 ], [ 97.49, 4.9072 ], [ 97.5062, 4.8913 ], [ 97.4968, 4.8753 ], [ 97.4881, 4.8668 ], [ 97.4114, 4.7807 ], [ 97.3621, 4.7678 ], [ 97.3549, 4.7719 ], [ 97.3501, 4.7794 ], [ 97.3282, 4.706 ], [ 97.2757, 4.6285 ], [ 97.3057, 4.6202 ], [ 97.3143, 4.5976 ], [ 97.3171, 4.5486 ], [ 97.297, 4.5269 ], [ 97.29, 4.5006 ], [ 97.3429, 4.4999 ], [ 97.3682, 4.3822 ], [ 97.3494, 4.25 ], [ 97.4246, 4.1743 ], [ 97.498, 4.1557 ], [ 97.6025, 4.2506 ], [ 97.6463, 4.2199 ], [ 97.7329, 4.2492 ], [ 97.7497, 4.2949 ], [ 97.7849, 4.3565 ], [ 97.8384, 4.3698 ], [ 97.9639, 4.3698 ], [ 97.9826, 4.4108 ], [ 97.9825, 4.4193 ], [ 97.9659, 4.4434 ], [ 97.8678, 4.4548 ], [ 97.9542, 4.5369 ] ] ] ] } },
{ "type": "Feature", "properties": { "balita": 56663.0, "u5mr": 20.98, "kabkota": "Aceh Utara", "jenis": "Kabupaten", "provinsi": "ACEH", "pulau": "Sumatera", "provinsi_geojson": "Aceh", "jenis_geo": "Kabupaten", "label": "Kab. Aceh Utara", "kode_bps": "1111", "geo_key": "aceh utara", "name_geojson": "Kabupaten Aceh Utara", "peringkat_nasional": 187, "peringkat_provinsi": 14, "kelas_jenks": 2, "kelas_kuantil": 4 }, "geometry": { "type": "MultiPolygon", "coordinates": [ [ [ [ 97.0486, 5.199 ], [ 96.9771, 5.2627 ], [ 96.9082, 5.2215 ], [ 96.9169, 5.2226 ], [ 96.9163, 5.2065 ], [ 96.8757, 5.1172 ], [ 96.8336, 5.0888 ], [ 96.821, 4.9954 ], [ 96.7883, 4.9378 ], [ 96.8444, 4.8981 ], [ 96.9554, 4.8588 ], [ 97.0105, 4.9037 ], [ 97.0465, 4.9054 ], [ 97.1013, 4.8985 ], [ 97.121, 4.9096 ], [ 97.1456, 4.9103 ], [ 97.2427, 4.8735 ], [ 97.2802, 4.8264 ], [ 97.28, 4.8076 ], [ 97.2522, 4.758 ], [ 97.2954, 4.7416 ], [ 97.3501, 4.7794 ], [ 97.3549, 4.7719 ], [ 97.3621, 4.7678 ], [ 97.4114, 4.7807 ], [ 97.4881, 4.8668 ], [ 97.4968, 4.8753 ], [ 97.5062, 4.8913 ], [ 97.49, 4.9072 ], [ 97.4785, 4.921 ], [ 97.4736, 4.9241 ], [ 97.5135, 5.0509 ], [ 97.4917, 5.0719 ], [ 97.4658, 5.1535 ], [ 97.4983, 5.1585 ], [ 97.4962, 5.203 ], [ 97.488, 5.2092 ], [ 97.4996, 5.2131 ], [ 97.4836, 5.2431 ], [ 97.1763, 5.1421 ], [ 97.1777, 5.0837 ], [ 97.1525, 5.0803 ], [ 97.1465, 5.092 ], [ 97.0486, 5.199 ] ] ] ] } },
{ "type": "Feature", "properties": { "balita": 16250.0, "u5mr": 21.32, "kabkota": "Bener Meriah", "jenis": "Kabupaten", "provinsi": "ACEH", "pulau": "Sumatera", "provinsi_geojson": "Aceh", "jenis_geo": "Kabupaten", "label": "Kab. Bener Meriah", "kode_bps": "1117", "geo_key": "bener meriah", "name_geojson": "Kabupaten Bener Meriah", "peringkat_nasional": 176, "peringkat_provinsi": 13, "kelas_jenks": 2, "kelas_kuantil": 4 }, "geometry": { "type": "MultiPolygon", "coordinates": [ [ [ [ 96.682, 4.972 ], [ 96.6277, 4.9685 ], [ 96.5731, 4.9477 ], [ 96.5984, 4.9385 ], [ 96.6165, 4.9556 ], [ 96.6716, 4.9382 ], [ 96.7084, 4.8183 ], [ 96.6858, 4.7676 ], [ 96.7106, 4.7526 ], [ 96.8091, 4.6728 ], [ 97.0207, 4.6439 ], [ 97.0508, 4.6032 ], [ 97.1696, 4.5781 ], [ 97.2322, 4.6042 ], [ 97.2757, 4.6285 ], [ 97.3287, 4.7117 ], [ 97.2954, 4.7416 ], [ 97.2522, 4.758 ], [ 97.2821, 4.8163 ], [ 97.2427, 4.8735 ], [ 97.1387, 4.9119 ], [ 97.1013, 4.8985 ], [ 97.0465, 4.9054 ], [ 97.0105, 4.9037 ], [ 96.9554, 4.8588 ], [ 96.8444, 4.8981 ], [ 96.7787, 4.9515 ], [ 96.746, 4.966 ], [ 96.682, 4.972 ] ] ] ] } },
{ "type": "Feature", "properties": { "balita": 42041.0, "u5mr": 16.87, "kabkota": "Bireuen", "jenis": "Kabupaten", "provinsi": "ACEH", "pulau": "Sumatera", "provinsi_geojson": "Aceh", "jenis_geo": "Kabupaten", "label": "Kab. Bireuen", "kode_bps": "1110", "geo_key": "bireuen", "name_geojson": "Kabupaten Bireuen", "peringkat_nasional": 297, "peringkat_provinsi": 20, "kelas_jenks": 2, "kelas_kuantil": 3 }, "geometry": { "type": "MultiPolygon", "coordinates": [ [ [ [ 96.9082, 5.2215 ], [ 96.8489, 5.2764 ], [ 96.6407, 5.2141 ], [ 96.5332, 5.1985 ], [ 96.4661, 5.2369 ], [ 96.3977, 5.2096 ], [ 96.3433, 5.2265 ], [ 96.335, 5.1505 ], [ 96.3552, 5.0921 ], [ 96.3271, 4.9679 ], [ 96.3766, 4.9304 ], [ 96.4025, 4.9411 ], [ 96.4638, 4.9142 ], [ 96.6277, 4.9685 ], [ 96.682, 4.972 ], [ 96.746, 4.966 ], [ 96.7787, 4.9515 ], [ 96.821, 4.9954 ], [ 96.8336, 5.0888 ], [ 96.8757, 5.1172 ], [ 96.9163, 5.2065 ], [ 96.9169, 5.2226 ], [ 96.9082, 5.2215 ] ] ] ] } },
{ "type": "Feature", "properties": { "balita": 11575.0, "u5mr": 34.21, "kabkota": "Gayo Lues", "jenis": "Kabupaten", "provinsi": "ACEH", "pulau": "Sumatera", "provinsi_geojson": "Aceh", "jenis_geo": "Kabupaten", "label": "Kab. Gayo Lues", "kode_bps": "1113", "geo_key": "gayo lues", "name_geojson": "Kabupaten Gayo Lues", "peringkat_nasional": 53, "peringkat_provinsi": 3, "kelas_jenks": 4, "kelas_kuantil": 5 }, "geometry": { "type": "MultiPolygon", "coordinates": [ [ [ [ 96.973, 4.2002 ], [ 96.93, 4.1996 ], [ 96.8885, 4.2206 ], [ 96.8377, 4.2808 ], [ 96.8067, 4.2826 ], [ 96.7937, 4.2804 ], [ 96.7898, 4.2444 ], [ 96.749, 4.1604 ], [ 96.7518, 4.0861 ], [ 96.8038, 4.0068 ], [ 96.8383, 3.9544 ], [ 96.9839, 3.9372 ], [ 97.0461, 3.9584 ], [ 97.1087, 3.8875 ], [ 97.1116, 3.8329 ], [ 97.1489, 3.7494 ], [ 97.2065, 3.6913 ], [ 97.3514, 3.6759 ], [ 97.636, 3.7337 ], [ 97.8258, 3.7508 ], [ 97.9087, 3.8184 ], [ 97.9024, 3.8855 ], [ 97.8411, 4.0008 ], [ 97.8134, 4.0399 ], [ 97.7555, 4.1182 ], [ 97.741, 4.218 ], [ 97.7329, 4.2492 ], [ 97.6463, 4.2199 ], [ 97.6025, 4.2506 ], [ 97.498, 4.1557 ], [ 97.4246, 4.1743 ], [ 97.3589, 4.2143 ], [ 97.2407, 4.1745 ], [ 97.2159, 4.2357 ], [ 97.1621, 4.2791 ], [ 97.1095, 4.2365 ], [ 97.0151, 4.2045 ], [ 96.973, 4.2002 ] ] ] ] } },
{ "type": "Feature", "properties": { "balita": 15607.0, "u5mr": 21.7, "kabkota": "Nagan Raya", "jenis": "Kabupaten", "provinsi": "ACEH", "pulau": "Sumatera", "provinsi_geojson": "Aceh", "jenis_geo": "Kabupaten", "label": "Kab. Nagan Raya", "kode_bps": "1115", "geo_key": "nagan raya", "name_geojson": "Kabupaten Nagan Raya", "peringkat_nasional": 167, "peringkat_provinsi": 12, "kelas_jenks": 2, "kelas_kuantil": 4 }, "geometry": { "type": "MultiPolygon", "coordinates": [ [ [ [ 96.576, 4.5756 ], [ 96.5137, 4.6246 ], [ 96.5028, 4.6322 ], [ 96.4901, 4.6248 ], [ 96.4922, 4.5477 ], [ 96.4728, 4.5453 ], [ 96.4822, 4.4611 ], [ 96.364, 4.3927 ], [ 96.3411, 4.377 ], [ 96.252, 4.2443 ], [ 96.2713, 4.1689 ], [ 96.2679, 4.1439 ], [ 96.1897, 4.1069 ], [ 96.2869, 3.9952 ], [ 96.3831, 3.8497 ], [ 96.529, 3.7326 ], [ 96.613, 3.7354 ], [ 96.6118, 3.7982 ], [ 96.601, 3.8798 ], [ 96.6213, 3.9127 ], [ 96.6319, 3.9634 ], [ 96.7129, 4.0217 ], [ 96.7189, 4.0788 ], [ 96.749, 4.1604 ], [ 96.7898, 4.2444 ], [ 96.7585, 4.2953 ], [ 96.7189, 4.354 ], [ 96.6839, 4.3942 ], [ 96.6887, 4.4698 ], [ 96.6557, 4.5297 ], [ 96.576, 4.5756 ] ] ] ] } },
{ "type": "Feature", "properties": { "balita": 39849.0, "u5mr": 32.15, "kabkota": "Pidie", "jenis": "Kabupaten", "provinsi": "ACEH", "pulau": "Sumatera", "provinsi_geojson": "Aceh", "jenis_geo": "Kabupaten", "label": "Kab. Pidie", "kode_bps": "1109", "geo_key": "pidie", "name_geojson": "Kabupaten Pidie", "peringkat_nasional": 58, "peringkat_provinsi": 5, "kelas_jenks": 4, "kelas_kuantil": 5 }, "geometry": { "type": "MultiPolygon", "coordinates": [ [ [ [ 95.7447, 5.5694 ], [ 95.726, 5.5005 ], [ 95.7749, 5.4563 ], [ 95.7588, 5.4312 ], [ 95.7485, 5.3189 ], [ 95.7748, 5.2534 ], [ 95.7915, 5.2134 ], [ 95.8326, 5.1647 ], [ 95.8407, 5.1361 ], [ 95.8207, 5.0855 ], [ 95.7621, 5.0555 ], [ 95.7835, 5.0088 ], [ 95.8814, 4.9159 ], [ 95.9013, 4.8681 ], [ 95.9921, 4.786 ], [ 96.1068, 4.7497 ], [ 96.1676, 4.7501 ], [ 96.2433, 4.7123 ], [ 96.2603, 4.7124 ], [ 96.2821, 4.7798 ], [ 96.3988, 4.76 ], [ 96.4709, 4.7623 ], [ 96.4773, 4.8447 ], [ 96.466, 4.8686 ], [ 96.4638, 4.9142 ], [ 96.4025, 4.9411 ], [ 96.3766, 4.9304 ], [ 96.2767, 4.9097 ], [ 96.248, 4.9367 ], [ 96.19, 4.9974 ], [ 96.193, 5.0769 ], [ 96.1264, 5.0779 ], [ 96.0203, 5.1459 ], [ 96.0565, 5.2022 ], [ 96.0641, 5.2971 ], [ 95.9387, 5.4104 ], [ 95.8856, 5.5061 ], [ 95.7447, 5.5694 ] ] ] ] } },
{ "type": "Feature", "properties": { "balita": 15676.0, "u5mr": 19.61, "kabkota": "Pidie Jaya", "jenis": "Kabupaten", "provinsi": "ACEH", "pulau": "Sumatera", "provinsi_geojson": "Aceh", "jenis_geo": "Kabupaten", "label": "Kab. Pidie Jaya", "kode_bps": "1118", "geo_key": "pidie jaya", "name_geojson": "Kabupaten Pidie Jaya", "peringkat_nasional": 211, "peringkat_provinsi": 16, "kelas_jenks": 2, "kelas_kuantil": 3 }, "geometry": { "type": "MultiPolygon", "coordinates": [ [ [ [ 96.0641, 5.2971 ], [ 96.0565, 5.2022 ], [ 96.0203, 5.1459 ], [ 96.1264, 5.0779 ], [ 96.193, 5.0769 ], [ 96.19, 4.9974 ], [ 96.248, 4.9367 ], [ 96.3271, 4.9679 ], [ 96.3643, 5.0372 ], [ 96.3552, 5.0921 ], [ 96.335, 5.1505 ], [ 96.3433, 5.2265 ], [ 96.2618, 5.2655 ], [ 96.1873, 5.2593 ], [ 96.0641, 5.2971 ] ] ] ] } },
{ "type": "Feature", "properties": { "balita": 10112.0, "u5mr": 36.09, "kabkota": "Simeulue", "jenis": "Kabupaten", "provinsi": "ACEH", "pulau": "Sumatera", "provinsi_geojson": "Aceh", "jenis_geo": "Kabupaten", "label": "Kab. Simeulue", "kode_bps": "1101", "geo_key": "simeulue", "name_geojson": "Kabupaten Simeulue", "peringkat_nasional": 44, "peringkat_provinsi": 1, "kelas_jenks": 4, "kelas_kuantil": 5 }, "geometry": { "type": "MultiPolygon", "coordinates": [ [ [ [ 95.7835, 2.9219 ], [ 95.6921, 2.7737 ], [ 95.7856, 2.6815 ], [ 95.9494, 2.5699 ], [ 96.0109, 2.5905 ], [ 96.1607, 2.5121 ], [ 96.2283, 2.4419 ], [ 96.3163, 2.4178 ], [ 96.3145, 2.3596 ], [ 96.4434, 2.3283 ], [ 96.4987, 2.3635 ], [ 96.4537, 2.4759 ], [ 96.3496, 2.5465 ], [ 96.2532, 2.5853 ], [ 96.0847, 2.7534 ], [ 96.0262, 2.7566 ], [ 95.9756, 2.8115 ], [ 95.8651, 2.8584 ], [ 95.8723, 2.9132 ], [ 95.7835, 2.9219 ] ] ] ] } },
{ "type": "Feature", "properties": { "balita": 21538.0, "u5mr": 11.02, "kabkota": "Kota Banda Aceh", "jenis": "Kota", "provinsi": "ACEH", "pulau": "Sumatera", "provinsi_geojson": "Aceh", "jenis_geo": "Kota", "label": "Kota Banda Aceh", "kode_bps": "1171", "geo_key": "kota banda aceh", "name_geojson": "Kota Banda Aceh", "peringkat_nasional": 507, "peringkat_provinsi": 23, "kelas_jenks": 1, "kelas_kuantil": 1 }, "geometry": { "type": "MultiPolygon", "coordinates": [ [ [ [ 95.3503, 5.5947 ], [ 95.2801, 5.536 ], [ 95.3529, 5.5609 ], [ 95.3503, 5.5947 ] ] ] ] } },
{ "type": "Feature", "properties": { "balita": 17603.0, "u5mr": 14.78, "kabkota": "Kota Langsa", "jenis": "Kota", "provinsi": "ACEH", "pulau": "Sumatera", "provinsi_geojson": "Aceh", "jenis_geo": "Kota", "label": "Kota Langsa", "kode_bps": "1173", "geo_key": "kota langsa", "name_geojson": "Kota Langsa", "peringkat_nasional": 395, "peringkat_provinsi": 21, "kelas_jenks": 1, "kelas_kuantil": 2 }, "geometry": { "type": "MultiPolygon", "coordinates": [ [ [ [ 98.062, 4.5109 ], [ 98.0372, 4.5461 ], [ 97.9542, 4.5369 ], [ 97.8678, 4.4548 ], [ 97.9659, 4.4434 ], [ 97.9825, 4.4193 ], [ 97.9826, 4.4108 ], [ 98.0206, 4.4166 ], [ 98.0258, 4.4083 ], [ 98.0459, 4.4637 ], [ 98.062, 4.5109 ] ] ] ] } },
{ "type": "Feature", "properties": { "balita": 18538.0, "u5mr": 11.42, "kabkota": "Kota Lhokseumawe", "jenis": "Kota", "provinsi": "ACEH", "pulau": "Sumatera", "provinsi_geojson": "Aceh", "jenis_geo": "Kota", "label": "Kota Lhokseumawe", "kode_bps": "1174", "geo_key": "kota lhokseumawe", "name_geojson": "Kota Lhokseumawe", "peringkat_nasional": 498, "peringkat_provinsi": 22, "kelas_jenks": 1, "kelas_kuantil": 1 }, "geometry": { "type": "MultiPolygon", "coordinates": [ [ [ [ 97.1465, 5.092 ], [ 97.1564, 5.0858 ], [ 97.1763, 5.0821 ], [ 97.1788, 5.1396 ], [ 97.143, 5.1559 ], [ 97.1454, 5.1967 ], [ 97.0486, 5.199 ], [ 97.1465, 5.092 ] ] ] ] } },
{ "type": "Feature", "properties": { "balita": 3775.0, "u5mr": 17.22, "kabkota": "Kota Sabang", "jenis": "Kota", "provinsi": "ACEH", "pulau": "Sumatera", "provinsi_geojson": "Aceh", "jenis_geo": "Kota", "label": "Kota Sabang", "kode_bps": "1172", "geo_key": "kota sabang", "name_geojson": "Kota Sabang", "peringkat_nasional": 287, "peringkat_provinsi": 19, "kelas_jenks": 2, "kelas_kuantil": 3 }, "geometry": { "type": "MultiPolygon", "coordinates": [ [ [ [ 95.2201, 5.8752 ], [ 95.285, 5.7805 ], [ 95.375, 5.8052 ], [ 95.3367, 5.8981 ], [ 95.2926, 5.8385 ], [ 95.2201, 5.8752 ] ] ] ] } },
{ "type": "Feature", "properties": { "balita": 12047.0, "u5mr": 34.74, "kabkota": "Kota Subulussalam", "jenis": "Kota", "provinsi": "ACEH", "pulau": "Sumatera", "provinsi_geojson": "Aceh", "jenis_geo": "Kota", "label": "Kota Subulussalam", "kode_bps": "1175", "geo_key": "kota subulussalam", "name_geojson": "Kota Subulussalam", "peringkat_nasional": 50, "peringkat_provinsi": 2, "kelas_jenks": 4, "kelas_kuantil": 5 }, "geometry": { "type": "MultiPolygon", "coordinates": [ [ [ [ 97.9567, 2.9604 ], [ 97.9004, 3.0074 ], [ 97.8148, 2.983 ], [ 97.9004, 2.9663 ], [ 97.9057, 2.9118 ], [ 97.8586, 2.8819 ], [ 97.7846, 2.8049 ], [ 97.7665, 2.7881 ], [ 97.8252, 2.6369 ], [ 97.7955, 2.5484 ], [ 97.7912, 2.5002 ], [ 97.865, 2.4988 ], [ 97.9127, 2.5706 ], [ 98.0848, 2.6034 ], [ 98.1071, 2.6042 ], [ 98.104, 2.6819 ], [ 98.0694, 2.7642 ], [ 98.0994, 2.8227 ], [ 98.0553, 2.8188 ], [ 97.993, 2.8818 ], [ 97.9567, 2.9604 ] ] ] ] } },
{ "type": "Feature", "properties": { "balita": 39921.0, "u5mr": 11.8, "kabkota": "Badung", "jenis": "Kabupaten", "provinsi": "BALI", "pulau": "Bali & Nusa Tenggara", "provinsi_geojson": "Bali", "jenis_geo": "Kabupaten", "label": "Kab. Badung", "kode_bps": "5103", "geo_key": "badung", "name_geojson": "Kabupaten Badung", "peringkat_nasional": 485, "peringkat_provinsi": 8, "kelas_jenks": 1, "kelas_kuantil": 1 }, "geometry": { "type": "MultiPolygon", "coordinates": [ [ [ [ 115.2431, -8.2967 ], [ 115.1858, -8.2759 ], [ 115.2016, -8.293 ], [ 115.2019, -8.3334 ], [ 115.209, -8.3793 ], [ 115.2174, -8.4382 ], [ 115.1954, -8.4895 ], [ 115.189, -8.443 ], [ 115.1767, -8.4872 ], [ 115.15, -8.5809 ], [ 115.0992, -8.6373 ], [ 115.1693, -8.722 ], [ 115.1234, -8.848 ], [ 115.1985, -8.8417 ], [ 115.1876, -8.707 ], [ 115.1802, -8.6162 ], [ 115.2273, -8.5917 ], [ 115.2299, -8.5252 ], [ 115.2296, -8.4449 ], [ 115.2344, -8.3578 ], [ 115.2431, -8.2967 ] ] ] ] } },
{ "type": "Feature", "properties": { "balita": 19929.0, "u5mr": 15.82, "kabkota": "Bangli", "jenis": "Kabupaten", "provinsi": "BALI", "pulau": "Bali & Nusa Tenggara", "provinsi_geojson": "Bali", "jenis_geo": "Kabupaten", "label": "Kab. Bangli", "kode_bps": "5106", "geo_key": "bangli", "name_geojson": "Kabupaten Bangli", "peringkat_nasional": 340, "peringkat_provinsi": 2, "kelas_jenks": 1, "kelas_kuantil": 2 }, "geometry": { "type": "MultiPolygon", "coordinates": [ [ [ [ 115.338, -8.1481 ], [ 115.3029, -8.1727 ], [ 115.2425, -8.2153 ], [ 115.2431, -8.2967 ], [ 115.2625, -8.3328 ], [ 115.3364, -8.3695 ], [ 115.3311, -8.4136 ], [ 115.3175, -8.4337 ], [ 115.3857, -8.467 ], [ 115.403, -8.4621 ], [ 115.4116, -8.4426 ], [ 115.4162, -8.4034 ], [ 115.3986, -8.3442 ], [ 115.4299, -8.2674 ], [ 115.448, -8.2455 ], [ 115.4537, -8.1985 ], [ 115.3974, -8.1768 ], [ 115.338, -8.1481 ] ] ] ] } },
{ "type": "Feature", "properties": { "balita": 66329.0, "u5mr": 13.59, "kabkota": "Buleleng", "jenis": "Kabupaten", "provinsi": "BALI", "pulau": "Bali & Nusa Tenggara", "provinsi_geojson": "Bali", "jenis_geo": "Kabupaten", "label": "Kab. Buleleng", "kode_bps": "5108", "geo_key": "buleleng", "name_geojson": "Kabupaten Buleleng", "peringkat_nasional": 435, "peringkat_provinsi": 4, "kelas_jenks": 1, "kelas_kuantil": 1 }, "geometry": { "type": "MultiPolygon", "coordinates": [ [ [ [ 115.3974, -8.1768 ], [ 115.1838, -8.0617 ], [ 115.1164, -8.0813 ], [ 115.0013, -8.1756 ], [ 114.8233, -8.1922 ], [ 114.618, -8.1229 ], [ 114.5226, -8.1338 ], [ 114.4912, -8.1918 ], [ 114.5973, -8.1766 ], [ 114.6322, -8.2142 ], [ 114.7015, -8.2011 ], [ 114.8116, -8.2511 ], [ 114.8239, -8.3331 ], [ 114.9017, -8.3713 ], [ 114.9501, -8.3605 ], [ 114.9834, -8.2966 ], [ 115.1258, -8.3084 ], [ 115.1745, -8.2459 ], [ 115.2425, -8.2153 ], [ 115.3029, -8.1727 ], [ 115.338, -8.1481 ], [ 115.3974, -8.1768 ] ] ] ] } },
{ "type": "Feature", "properties": { "balita": 36192.0, "u5mr": 11.83, "kabkota": "Gianyar", "jenis": "Kabupaten", "provinsi": "BALI", "pulau": "Bali & Nusa Tenggara", "provinsi_geojson": "Bali", "jenis_geo": "Kabupaten", "label": "Kab. Gianyar", "kode_bps": "5104", "geo_key": "gianyar", "name_geojson": "Kabupaten Gianyar", "peringkat_nasional": 484, "peringkat_provinsi": 7, "kelas_jenks": 1, "kelas_kuantil": 1 }, "geometry": { "type": "MultiPolygon", "coordinates": [ [ [ [ 115.2625, -8.3328 ], [ 115.2344, -8.3578 ], [ 115.2296, -8.4449 ], [ 115.2299, -8.5252 ], [ 115.2749, -8.6504 ], [ 115.3711, -8.5749 ], [ 115.3175, -8.4337 ], [ 115.3311, -8.4136 ], [ 115.3364, -8.3695 ], [ 115.2625, -8.3328 ] ] ] ] } },
{ "type": "Feature", "properties": { "balita": 24447.0, "u5mr": 13.37, "kabkota": "Jembrana", "jenis": "Kabupaten", "provinsi": "BALI", "pulau": "Bali & Nusa Tenggara", "provinsi_geojson": "Bali", "jenis_geo": "Kabupaten", "label": "Kab. Jembrana", "kode_bps": "5101", "geo_key": "jembrana", "name_geojson": "Kabupaten Jembrana", "peringkat_nasional": 439, "peringkat_provinsi": 5, "kelas_jenks": 1, "kelas_kuantil": 1 }, "geometry": { "type": "MultiPolygon", "coordinates": [ [ [ [ 114.4912, -8.1918 ], [ 114.4542, -8.2297 ], [ 114.584, -8.3994 ], [ 114.7997, -8.4128 ], [ 114.9156, -8.4671 ], [ 114.9017, -8.3713 ], [ 114.8239, -8.3331 ], [ 114.8116, -8.2511 ], [ 114.7015, -8.2011 ], [ 114.6322, -8.2142 ], [ 114.5973, -8.1766 ], [ 114.4912, -8.1918 ] ] ] ] } },
{ "type": "Feature", "properties": { "balita": 41052.0, "u5mr": 17.27, "kabkota": "Karangasem", "jenis": "Kabupaten", "provinsi": "BALI", "pulau": "Bali & Nusa Tenggara", "provinsi_geojson": "Bali", "jenis_geo": "Kabupaten", "label": "Kab. Karangasem", "kode_bps": "5107", "geo_key": "karangasem", "name_geojson": "Kabupaten Karangasem", "peringkat_nasional": 283, "peringkat_provinsi": 1, "kelas_jenks": 2, "kelas_kuantil": 3 }, "geometry": { "type": "MultiPolygon", "coordinates": [ [ [ [ 115.4792, -8.5507 ], [ 115.5378, -8.5006 ], [ 115.6121, -8.5058 ], [ 115.6881, -8.4322 ], [ 115.6978, -8.3583 ], [ 115.6289, -8.3237 ], [ 115.5605, -8.2334 ], [ 115.4537, -8.1985 ], [ 115.448, -8.2455 ], [ 115.4299, -8.2674 ], [ 115.3986, -8.3442 ], [ 115.3958, -8.3572 ], [ 115.416, -8.4088 ], [ 115.4152, -8.5085 ], [ 115.4098, -8.5301 ], [ 115.4763, -8.52 ], [ 115.4792, -8.5507 ] ] ] ] } },
{ "type": "Feature", "properties": { "balita": 15320.0, "u5mr": 15.02, "kabkota": "Klungkung", "jenis": "Kabupaten", "provinsi": "BALI", "pulau": "Bali & Nusa Tenggara", "provinsi_geojson": "Bali", "jenis_geo": "Kabupaten", "label": "Kab. Klungkung", "kode_bps": "5105", "geo_key": "klungkung", "name_geojson": "Kabupaten Klungkung", "peringkat_nasional": 383, "peringkat_provinsi": 3, "kelas_jenks": 1, "kelas_kuantil": 2 }, "geometry": { "type": "MultiPolygon", "coordinates": [ [ [ [ 115.4904, -8.6737 ], [ 115.4513, -8.7483 ], [ 115.5882, -8.8195 ], [ 115.6286, -8.77 ], [ 115.5632, -8.6722 ], [ 115.4904, -8.6737 ] ] ], [ [ [ 115.3857, -8.467 ], [ 115.3534, -8.5098 ], [ 115.3711, -8.5749 ], [ 115.4792, -8.5507 ], [ 115.4763, -8.52 ], [ 115.4098, -8.5301 ], [ 115.4152, -8.5085 ], [ 115.3857, -8.467 ] ] ] ] } },
{ "type": "Feature", "properties": { "balita": 28706.0, "u5mr": 12.88, "kabkota": "Tabanan", "jenis": "Kabupaten", "provinsi": "BALI", "pulau": "Bali & Nusa Tenggara", "provinsi_geojson": "Bali", "jenis_geo": "Kabupaten", "label": "Kab. Tabanan", "kode_bps": "5102", "geo_key": "tabanan", "name_geojson": "Kabupaten Tabanan", "peringkat_nasional": 455, "peringkat_provinsi": 6, "kelas_jenks": 1, "kelas_kuantil": 1 }, "geometry": { "type": "MultiPolygon", "coordinates": [ [ [ [ 115.1858, -8.2759 ], [ 115.1258, -8.3084 ], [ 114.9834, -8.2966 ], [ 114.9501, -8.3605 ], [ 114.9156, -8.4671 ], [ 115.0559, -8.5789 ], [ 115.0992, -8.6373 ], [ 115.15, -8.5809 ], [ 115.1767, -8.4872 ], [ 115.189, -8.443 ], [ 115.1954, -8.4895 ], [ 115.2174, -8.4382 ], [ 115.209, -8.3793 ], [ 115.2019, -8.3334 ], [ 115.2016, -8.293 ], [ 115.1858, -8.2759 ] ] ] ] } },
{ "type": "Feature", "properties": { "balita": 52727.0, "u5mr": 11.47, "kabkota": "Kota Denpasar", "jenis": "Kota", "provinsi": "BALI", "pulau": "Bali & Nusa Tenggara", "provinsi_geojson": "Bali", "jenis_geo": "Kota", "label": "Kota Denpasar", "kode_bps": "5171", "geo_key": "kota denpasar", "name_geojson": "Kota Denpasar", "peringkat_nasional": 494, "peringkat_provinsi": 9, "kelas_jenks": 1, "kelas_kuantil": 1 }, "geometry": { "type": "MultiPolygon", "coordinates": [ [ [ [ 115.2749, -8.6504 ], [ 115.235, -8.5915 ], [ 115.1802, -8.6162 ], [ 115.1876, -8.707 ], [ 115.2646, -8.7043 ], [ 115.2749, -8.6504 ] ] ] ] } },
{ "type": "Feature", "properties": { "balita": 119707.0, "u5mr": 20.03, "kabkota": "Lebak", "jenis": "Kabupaten", "provinsi": "BANTEN", "pulau": "Jawa", "provinsi_geojson": "Banten", "jenis_geo": "Kabupaten", "label": "Kab. Lebak", "kode_bps": "3602", "geo_key": "lebak", "name_geojson": "Kabupaten Lebak", "peringkat_nasional": 205, "peringkat_provinsi": 2, "kelas_jenks": 2, "kelas_kuantil": 4 }, "geometry": { "type": "MultiPolygon", "coordinates": [ [ [ [ 106.2344, -6.3021 ], [ 106.1564, -6.2981 ], [ 106.1515, -6.325 ], [ 106.1321, -6.3463 ], [ 106.1315, -6.3775 ], [ 106.1181, -6.4205 ], [ 106.0557, -6.4144 ], [ 106.0428, -6.4113 ], [ 105.9851, -6.515 ], [ 105.9828, -6.5421 ], [ 105.9287, -6.6166 ], [ 105.9195, -6.7176 ], [ 105.884, -6.7645 ], [ 105.8778, -6.7948 ], [ 105.8792, -6.8137 ], [ 105.8781, -6.8223 ], [ 105.8884, -6.8208 ], [ 105.9693, -6.8116 ], [ 106.0641, -6.8363 ], [ 106.1061, -6.8829 ], [ 106.2377, -6.9309 ], [ 106.31, -6.9957 ], [ 106.3897, -6.9422 ], [ 106.4361, -6.8198 ], [ 106.4976, -6.7912 ], [ 106.4507, -6.7267 ], [ 106.43, -6.58 ], [ 106.422, -6.5499 ], [ 106.4119, -6.468 ], [ 106.4013, -6.4529 ], [ 106.4547, -6.4269 ], [ 106.4539, -6.414 ], [ 106.4103, -6.3451 ], [ 106.4009, -6.3303 ], [ 106.2597, -6.3108 ], [ 106.2438, -6.3046 ], [ 106.2344, -6.3021 ] ] ] ] } },
{ "type": "Feature", "properties": { "balita": 111158.0, "u5mr": 20.73, "kabkota": "Pandeglang", "jenis": "Kabupaten", "provinsi": "BANTEN", "pulau": "Jawa", "provinsi_geojson": "Banten", "jenis_geo": "Kabupaten", "label": "Kab. Pandeglang", "kode_bps": "3601", "geo_key": "pandeglang", "name_geojson": "Kabupaten Pandeglang", "peringkat_nasional": 192, "peringkat_provinsi": 1, "kelas_jenks": 2, "kelas_kuantil": 4 }, "geometry": { "type": "MultiPolygon", "coordinates": [ [ [ [ 105.239, -6.5335 ], [ 105.1602, -6.5754 ], [ 105.2162, -6.6382 ], [ 105.2591, -6.6046 ], [ 105.239, -6.5335 ] ] ], [ [ [ 105.9164, -6.25 ], [ 105.8777, -6.2396 ], [ 105.8269, -6.2478 ], [ 105.8229, -6.4373 ], [ 105.7721, -6.5165 ], [ 105.7147, -6.5327 ], [ 105.6501, -6.4812 ], [ 105.6113, -6.6329 ], [ 105.5067, -6.7304 ], [ 105.4303, -6.7674 ], [ 105.3696, -6.6464 ], [ 105.2349, -6.7581 ], [ 105.2377, -6.836 ], [ 105.3271, -6.8026 ], [ 105.4793, -6.8651 ], [ 105.6705, -6.836 ], [ 105.7742, -6.8503 ], [ 105.8884, -6.8208 ], [ 105.8781, -6.8223 ], [ 105.8792, -6.8137 ], [ 105.8778, -6.7948 ], [ 105.884, -6.7645 ], [ 105.9195, -6.7176 ], [ 105.9287, -6.6166 ], [ 105.9828, -6.5421 ], [ 105.9851, -6.515 ], [ 106.0428, -6.4113 ], [ 106.0557, -6.4144 ], [ 106.1181, -6.4205 ], [ 106.1315, -6.3775 ], [ 106.1321, -6.3463 ], [ 106.1515, -6.325 ], [ 106.1564, -6.2981 ], [ 106.135, -6.2577 ], [ 106.1226, -6.2489 ], [ 106.1048, -6.2391 ], [ 105.9814, -6.2652 ], [ 105.9496, -6.2483 ], [ 105.9345, -6.2403 ], [ 105.9164, -6.25 ] ] ] ] } },
{ "type": "Feature", "properties": { "balita": 145979.0, "u5mr": 16.14, "kabkota": "Serang", "jenis": "Kabupaten", "provinsi": "BANTEN", "pulau": "Jawa", "provinsi_geojson": "Banten", "jenis_geo": "Kabupaten", "label": "Kab. Serang", "kode_bps": "3604", "geo_key": "serang", "name_geojson": "Kabupaten Serang", "peringkat_nasional": 330, "peringkat_provinsi": 3, "kelas_jenks": 1, "kelas_kuantil": 2 }, "geometry": { "type": "MultiPolygon", "coordinates": [ [ [ [ 106.1483, -6.0203 ], [ 106.0722, -5.8823 ], [ 106.0314, -5.9338 ], [ 106.0851, -6.0356 ], [ 106.0203, -6.0781 ], [ 105.9443, -6.0459 ], [ 105.8849, -6.0696 ], [ 105.8269, -6.2478 ], [ 105.8777, -6.2396 ], [ 105.9164, -6.25 ], [ 105.9345, -6.2403 ], [ 105.9496, -6.2483 ], [ 105.9814, -6.2652 ], [ 106.1048, -6.2391 ], [ 106.1226, -6.2489 ], [ 106.135, -6.2577 ], [ 106.2344, -6.3021 ], [ 106.2438, -6.3046 ], [ 106.2597, -6.3108 ], [ 106.4009, -6.3303 ], [ 106.3993, -6.316 ], [ 106.3919, -6.3139 ], [ 106.3828, -6.2619 ], [ 106.3926, -6.1518 ], [ 106.3507, -6.1099 ], [ 106.3665, -6.0385 ], [ 106.3804, -6.0391 ], [ 106.265, -5.9589 ], [ 106.2164, -6.0162 ], [ 106.2192, -6.0834 ], [ 106.2557, -6.1462 ], [ 106.2419, -6.174 ], [ 106.2195, -6.1869 ], [ 106.1349, -6.1924 ], [ 106.0757, -6.183 ], [ 106.0762, -6.1501 ], [ 106.1483, -6.0203 ] ] ] ] } },
{ "type": "Feature", "properties": { "balita": 261565.0, "u5mr": 12.98, "kabkota": "Tangerang", "jenis": "Kabupaten", "provinsi": "BANTEN", "pulau": "Jawa", "provinsi_geojson": "Banten", "jenis_geo": "Kabupaten", "label": "Kab. Tangerang", "kode_bps": "3603", "geo_key": "tangerang", "name_geojson": "Kabupaten Tangerang", "peringkat_nasional": 449, "peringkat_provinsi": 6, "kelas_jenks": 1, "kelas_kuantil": 1 }, "geometry": { "type": "MultiPolygon", "coordinates": [ [ [ [ 106.6758, -6.0986 ], [ 106.7097, -6.0366 ], [ 106.6476, -6.0058 ], [ 106.4851, -6.0487 ], [ 106.3804, -6.0391 ], [ 106.3665, -6.0385 ], [ 106.3507, -6.1099 ], [ 106.3926, -6.1518 ], [ 106.3828, -6.2619 ], [ 106.3919, -6.3139 ], [ 106.3993, -6.316 ], [ 106.4103, -6.3451 ], [ 106.4425, -6.3241 ], [ 106.4763, -6.3507 ], [ 106.5939, -6.3627 ], [ 106.647, -6.3404 ], [ 106.6575, -6.2898 ], [ 106.6519, -6.2692 ], [ 106.6125, -6.2159 ], [ 106.6011, -6.2055 ], [ 106.5526, -6.1995 ], [ 106.592, -6.1585 ], [ 106.6428, -6.1086 ], [ 106.6726, -6.1195 ], [ 106.6758, -6.0986 ] ] ] ] } },
{ "type": "Feature", "properties": { "balita": 37115.0, "u5mr": 13.78, "kabkota": "Kota Cilegon", "jenis": "Kota", "provinsi": "BANTEN", "pulau": "Jawa", "provinsi_geojson": "Banten", "jenis_geo": "Kota", "label": "Kota Cilegon", "kode_bps": "3672", "geo_key": "kota cilegon", "name_geojson": "Kota Cilegon", "peringkat_nasional": 424, "peringkat_provinsi": 5, "kelas_jenks": 1, "kelas_kuantil": 1 }, "geometry": { "type": "MultiPolygon", "coordinates": [ [ [ [ 106.0314, -5.9338 ], [ 105.9443, -6.0459 ], [ 106.0203, -6.0781 ], [ 106.0851, -6.0356 ], [ 106.0314, -5.9338 ] ] ] ] } },
{ "type": "Feature", "properties": { "balita": 61400.0, "u5mr": 14.13, "kabkota": "Kota Serang", "jenis": "Kota", "provinsi": "BANTEN", "pulau": "Jawa", "provinsi_geojson": "Banten", "jenis_geo": "Kota", "label": "Kota Serang", "kode_bps": "3673", "geo_key": "kota serang", "name_geojson": "Kota Serang", "peringkat_nasional": 410, "peringkat_provinsi": 4, "kelas_jenks": 1, "kelas_kuantil": 2 }, "geometry": { "type": "MultiPolygon", "coordinates": [ [ [ [ 106.2164, -6.0162 ], [ 106.1483, -6.0203 ], [ 106.0762, -6.1501 ], [ 106.0757, -6.183 ], [ 106.1349, -6.1924 ], [ 106.2195, -6.1869 ], [ 106.2419, -6.174 ], [ 106.2557, -6.1462 ], [ 106.2192, -6.0834 ], [ 106.2164, -6.0162 ] ] ] ] } },
{ "type": "Feature", "properties": { "balita": 139731.0, "u5mr": 12.1, "kabkota": "Kota Tangerang", "jenis": "Kota", "provinsi": "BANTEN", "pulau": "Jawa", "provinsi_geojson": "Banten", "jenis_geo": "Kota", "label": "Kota Tangerang", "kode_bps": "3671", "geo_key": "kota tangerang", "name_geojson": "Kota Tangerang", "peringkat_nasional": 476, "peringkat_provinsi": 7, "kelas_jenks": 1, "kelas_kuantil": 1 }, "geometry": { "type": "MultiPolygon", "coordinates": [ [ [ [ 106.688, -6.0971 ], [ 106.6758, -6.0986 ], [ 106.6726, -6.1195 ], [ 106.6428, -6.1086 ], [ 106.592, -6.1585 ], [ 106.5526, -6.1995 ], [ 106.6011, -6.2055 ], [ 106.6125, -6.2159 ], [ 106.6871, -6.2386 ], [ 106.704, -6.2561 ], [ 106.7181, -6.223 ], [ 106.6969, -6.1106 ], [ 106.688, -6.0971 ] ] ] ] } },
{ "type": "Feature", "properties": { "balita": 92577.0, "u5mr": 11.18, "kabkota": "Kota Tangerang Selatan", "jenis": "Kota", "provinsi": "BANTEN", "pulau": "Jawa", "provinsi_geojson": "Banten", "jenis_geo": "Kota", "label": "Kota Tangerang Selatan", "kode_bps": "3674", "geo_key": "kota tangerang selatan", "name_geojson": "Kota Tangerang Selatan", "peringkat_nasional": 502, "peringkat_provinsi": 8, "kelas_jenks": 1, "kelas_kuantil": 1 }, "geometry": { "type": "MultiPolygon", "coordinates": [ [ [ [ 106.6871, -6.2386 ], [ 106.6519, -6.2692 ], [ 106.6575, -6.2898 ], [ 106.647, -6.3404 ], [ 106.7699, -6.3612 ], [ 106.7601, -6.2864 ], [ 106.7515, -6.2745 ], [ 106.704, -6.2561 ], [ 106.6871, -6.2386 ] ] ] ] } },
{ "type": "Feature", "properties": { "balita": 14961.0, "u5mr": 20.87, "kabkota": "Bengkulu Selatan", "jenis": "Kabupaten", "provinsi": "BENGKULU", "pulau": "Sumatera", "provinsi_geojson": "Bengkulu", "jenis_geo": "Kabupaten", "label": "Kab. Bengkulu Selatan", "kode_bps": "1701", "geo_key": "bengkulu selatan", "name_geojson": "Kabupaten Bengkulu Selatan", "peringkat_nasional": 188, "peringkat_provinsi": 7, "kelas_jenks": 2, "kelas_kuantil": 4 }, "geometry": { "type": "MultiPolygon", "coordinates": [ [ [ [ 102.9873, -4.1682 ], [ 102.9004, -4.1785 ], [ 102.908, -4.2416 ], [ 102.8856, -4.263 ], [ 102.843, -4.3446 ], [ 102.8126, -4.3236 ], [ 102.7962, -4.3545 ], [ 102.8836, -4.4406 ], [ 102.8995, -4.4879 ], [ 103.0068, -4.5207 ], [ 103.0803, -4.5086 ], [ 103.1211, -4.4822 ], [ 103.201, -4.3077 ], [ 103.2796, -4.2905 ], [ 103.2241, -4.2407 ], [ 103.1907, -4.2361 ], [ 103.1378, -4.2576 ], [ 103.0848, -4.2679 ], [ 103.0347, -4.1725 ], [ 102.9873, -4.1682 ] ] ] ] } },
{ "type": "Feature", "properties": { "balita": 11098.0, "u5mr": 21.42, "kabkota": "Bengkulu Tengah", "jenis": "Kabupaten", "provinsi": "BENGKULU", "pulau": "Sumatera", "provinsi_geojson": "Bengkulu", "jenis_geo": "Kabupaten", "label": "Kab. Bengkulu Tengah", "kode_bps": "1709", "geo_key": "bengkulu tengah", "name_geojson": "Kabupaten Bengkulu Tengah", "peringkat_nasional": 173, "peringkat_provinsi": 5, "kelas_jenks": 2, "kelas_kuantil": 4 }, "geometry": { "type": "MultiPolygon", "coordinates": [ [ [ [ 102.4168, -3.4762 ], [ 102.3693, -3.4947 ], [ 102.3309, -3.53 ], [ 102.2639, -3.5491 ], [ 102.2585, -3.6049 ], [ 102.2156, -3.6331 ], [ 102.2576, -3.7557 ], [ 102.2986, -3.7411 ], [ 102.3542, -3.8127 ], [ 102.3617, -3.8551 ], [ 102.3915, -3.8542 ], [ 102.3937, -3.8709 ], [ 102.4148, -3.8692 ], [ 102.5098, -3.8371 ], [ 102.6203, -3.8022 ], [ 102.597, -3.748 ], [ 102.4912, -3.5754 ], [ 102.4337, -3.5491 ], [ 102.4245, -3.5241 ], [ 102.4168, -3.4762 ] ] ] ] } },
{ "type": "Feature", "properties": { "balita": 26717.0, "u5mr": 21.31, "kabkota": "Bengkulu Utara", "jenis": "Kabupaten", "provinsi": "BENGKULU", "pulau": "Sumatera", "provinsi_geojson": "Bengkulu", "jenis_geo": "Kabupaten", "label": "Kab. Bengkulu Utara", "kode_bps": "1703", "geo_key": "bengkulu utara", "name_geojson": "Kabupaten Bengkulu Utara", "peringkat_nasional": 177, "peringkat_provinsi": 6, "kelas_jenks": 2, "kelas_kuantil": 4 }, "geometry": { "type": "MultiPolygon", "coordinates": [ [ [ [ 102.1475, -5.2825 ], [ 102.0884, -5.3574 ], [ 102.2808, -5.4768 ], [ 102.3602, -5.5052 ], [ 102.3813, -5.3859 ], [ 102.2839, -5.3564 ], [ 102.1475, -5.2825 ] ] ], [ [ [ 101.9064, -2.7403 ], [ 101.8067, -2.8842 ], [ 101.7845, -2.9376 ], [ 101.7614, -2.982 ], [ 101.7003, -3.0451 ], [ 101.5319, -3.1286 ], [ 101.6223, -3.2448 ], [ 101.7922, -3.3689 ], [ 101.907, -3.4345 ], [ 101.9275, -3.4791 ], [ 102.2156, -3.6331 ], [ 102.2585, -3.6049 ], [ 102.2604, -3.5515 ], [ 102.3309, -3.53 ], [ 102.3693, -3.4947 ], [ 102.4168, -3.4762 ], [ 102.4034, -3.4342 ], [ 102.3741, -3.3813 ], [ 102.2702, -3.3649 ], [ 102.291, -3.2838 ], [ 102.1664, -3.2239 ], [ 102.133, -3.128 ], [ 102.1066, -3.0419 ], [ 102.0422, -2.9841 ], [ 102.0193, -2.8559 ], [ 101.9413, -2.7817 ], [ 101.9263, -2.7703 ], [ 101.9191, -2.7356 ], [ 101.9064, -2.7403 ] ] ] ] } },
{ "type": "Feature", "properties": { "balita": 11978.0, "u5mr": 23.28, "kabkota": "Kaur", "jenis": "Kabupaten", "provinsi": "BENGKULU", "pulau": "Sumatera", "provinsi_geojson": "Bengkulu", "jenis_geo": "Kabupaten", "label": "Kab. Kaur", "kode_bps": "1704", "geo_key": "kaur", "name_geojson": "Kabupaten Kaur", "peringkat_nasional": 149, "peringkat_provinsi": 1, "kelas_jenks": 3, "kelas_kuantil": 4 }, "geometry": { "type": "MultiPolygon", "coordinates": [ [ [ [ 103.3227, -4.2836 ], [ 103.2796, -4.2905 ], [ 103.201, -4.3077 ], [ 103.1211, -4.4822 ], [ 103.0803, -4.5086 ], [ 103.0864, -4.5521 ], [ 103.2836, -4.7094 ], [ 103.3279, -4.8082 ], [ 103.4038, -4.8184 ], [ 103.5326, -4.9167 ], [ 103.596, -4.9224 ], [ 103.7311, -4.7993 ], [ 103.7905, -4.779 ], [ 103.7633, -4.7423 ], [ 103.7013, -4.723 ], [ 103.7047, -4.7041 ], [ 103.7024, -4.6644 ], [ 103.6301, -4.5575 ], [ 103.5931, -4.5229 ], [ 103.4874, -4.5779 ], [ 103.4209, -4.506 ], [ 103.413, -4.4665 ], [ 103.4359, -4.3865 ], [ 103.4422, -4.3301 ], [ 103.3227, -4.2836 ] ] ] ] } },
{ "type": "Feature", "properties": { "balita": 12959.0, "u5mr": 22.34, "kabkota": "Kepahiang", "jenis": "Kabupaten", "provinsi": "BENGKULU", "pulau": "Sumatera", "provinsi_geojson": "Bengkulu", "jenis_geo": "Kabupaten", "label": "Kab. Kepahiang", "kode_bps": "1708", "geo_key": "kepahiang", "name_geojson": "Kabupaten Kepahiang", "peringkat_nasional": 158, "peringkat_provinsi": 3, "kelas_jenks": 2, "kelas_kuantil": 4 }, "geometry": { "type": "MultiPolygon", "coordinates": [ [ [ [ 102.5007, -3.4972 ], [ 102.4969, -3.5136 ], [ 102.4337, -3.5491 ], [ 102.4912, -3.5754 ], [ 102.597, -3.748 ], [ 102.6412, -3.7936 ], [ 102.6927, -3.7584 ], [ 102.7028, -3.7569 ], [ 102.7344, -3.7463 ], [ 102.7706, -3.7082 ], [ 102.8078, -3.6128 ], [ 102.7946, -3.5829 ], [ 102.8108, -3.5539 ], [ 102.8102, -3.5299 ], [ 102.7745, -3.5471 ], [ 102.5944, -3.5257 ], [ 102.5007, -3.4972 ] ] ] ] } },
{ "type": "Feature", "properties": { "balita": 10075.0, "u5mr": 23.02, "kabkota": "Lebong", "jenis": "Kabupaten", "provinsi": "BENGKULU", "pulau": "Sumatera", "provinsi_geojson": "Bengkulu", "jenis_geo": "Kabupaten", "label": "Kab. Lebong", "kode_bps": "1707", "geo_key": "lebong", "name_geojson": "Kabupaten Lebong", "peringkat_nasional": 150, "peringkat_provinsi": 2, "kelas_jenks": 2, "kelas_kuantil": 4 }, "geometry": { "type": "MultiPolygon", "coordinates": [ [ [ [ 101.9538, -2.7307 ], [ 101.9191, -2.7356 ], [ 101.9263, -2.7703 ], [ 101.9413, -2.7817 ], [ 102.0193, -2.8559 ], [ 102.0422, -2.9841 ], [ 102.1066, -3.0419 ], [ 102.133, -3.128 ], [ 102.1664, -3.2239 ], [ 102.291, -3.2838 ], [ 102.2702, -3.3649 ], [ 102.3876, -3.3693 ], [ 102.4229, -3.3585 ], [ 102.5005, -3.3087 ], [ 102.4842, -3.2545 ], [ 102.4843, -3.2282 ], [ 102.4939, -3.1691 ], [ 102.4867, -3.157 ], [ 102.4865, -3.1099 ], [ 102.4423, -3.0586 ], [ 102.4083, -3.0547 ], [ 102.3176, -3.0699 ], [ 102.2429, -3.0195 ], [ 102.222, -2.9277 ], [ 102.1313, -2.8748 ], [ 102.0734, -2.7949 ], [ 102.0327, -2.758 ], [ 101.9538, -2.7307 ] ] ] ] } },
{ "type": "Feature", "properties": { "balita": 17956.0, "u5mr": 17.84, "kabkota": "Mukomuko", "jenis": "Kabupaten", "provinsi": "BENGKULU", "pulau": "Sumatera", "provinsi_geojson": "Bengkulu", "jenis_geo": "Kabupaten", "label": "Kab. Mukomuko", "kode_bps": "1706", "geo_key": "mukomuko", "name_geojson": "Kabupaten Mukomuko", "peringkat_nasional": 258, "peringkat_provinsi": 8, "kelas_jenks": 2, "kelas_kuantil": 3 }, "geometry": { "type": "MultiPolygon", "coordinates": [ [ [ [ 101.37, -2.3473 ], [ 101.3617, -2.3289 ], [ 101.3014, -2.2899 ], [ 101.2776, -2.2914 ], [ 101.2662, -2.2999 ], [ 101.2607, -2.3197 ], [ 101.0224, -2.4784 ], [ 101.1423, -2.6285 ], [ 101.3219, -2.7374 ], [ 101.3998, -2.9222 ], [ 101.4805, -3.0121 ], [ 101.5319, -3.1286 ], [ 101.7003, -3.0451 ], [ 101.7614, -2.982 ], [ 101.7845, -2.9376 ], [ 101.8067, -2.8842 ], [ 101.8658, -2.7895 ], [ 101.8121, -2.692 ], [ 101.67, -2.5283 ], [ 101.5401, -2.5499 ], [ 101.5607, -2.4589 ], [ 101.4056, -2.3567 ], [ 101.37, -2.3473 ] ] ] ] } },
{ "type": "Feature", "properties": { "balita": 23953.0, "u5mr": 17.65, "kabkota": "Rejang Lebong", "jenis": "Kabupaten", "provinsi": "BENGKULU", "pulau": "Sumatera", "provinsi_geojson": "Bengkulu", "jenis_geo": "Kabupaten", "label": "Kab. Rejang Lebong", "kode_bps": "1702", "geo_key": "rejang lebong", "name_geojson": "Kabupaten Rejang Lebong", "peringkat_nasional": 267, "peringkat_provinsi": 9, "kelas_jenks": 2, "kelas_kuantil": 3 }, "geometry": { "type": "MultiPolygon", "coordinates": [ [ [ [ 102.5677, -3.2766 ], [ 102.5005, -3.3087 ], [ 102.4229, -3.3585 ], [ 102.3876, -3.3693 ], [ 102.4034, -3.4342 ], [ 102.4271, -3.5 ], [ 102.4245, -3.5241 ], [ 102.4969, -3.5136 ], [ 102.5007, -3.4972 ], [ 102.5944, -3.5257 ], [ 102.7745, -3.5471 ], [ 102.8187, -3.5276 ], [ 102.8476, -3.5369 ], [ 102.8859, -3.5788 ], [ 102.9071, -3.6165 ], [ 102.9947, -3.5248 ], [ 103.0056, -3.4673 ], [ 102.9969, -3.4453 ], [ 103.0044, -3.4354 ], [ 102.995, -3.3871 ], [ 102.9816, -3.3631 ], [ 102.9566, -3.3607 ], [ 102.8963, -3.3762 ], [ 102.798, -3.3317 ], [ 102.7761, -3.2818 ], [ 102.7396, -3.3051 ], [ 102.6381, -3.3378 ], [ 102.5677, -3.2766 ] ] ] ] } },
{ "type": "Feature", "properties": { "balita": 19481.0, "u5mr": 22.01, "kabkota": "Seluma", "jenis": "Kabupaten", "provinsi": "BENGKULU", "pulau": "Sumatera", "provinsi_geojson": "Bengkulu", "jenis_geo": "Kabupaten", "label": "Kab. Seluma", "kode_bps": "1705", "geo_key": "seluma", "name_geojson": "Kabupaten Seluma", "peringkat_nasional": 163, "peringkat_provinsi": 4, "kelas_jenks": 2, "kelas_kuantil": 4 }, "geometry": { "type": "MultiPolygon", "coordinates": [ [ [ [ 102.6203, -3.8022 ], [ 102.5098, -3.8371 ], [ 102.4629, -3.8437 ], [ 102.4071, -3.8714 ], [ 102.3702, -3.8736 ], [ 102.3597, -3.8768 ], [ 102.342, -3.9007 ], [ 102.3006, -3.9821 ], [ 102.7965, -4.3539 ], [ 102.8126, -4.3236 ], [ 102.843, -4.3446 ], [ 102.8856, -4.263 ], [ 102.908, -4.2416 ], [ 102.9004, -4.1785 ], [ 102.9873, -4.1682 ], [ 103.0027, -4.1605 ], [ 102.9196, -4.0966 ], [ 102.922, -4.0763 ], [ 102.9308, -4.0482 ], [ 102.9584, -4.0547 ], [ 102.9119, -3.9696 ], [ 102.7929, -3.9601 ], [ 102.7701, -3.9102 ], [ 102.6697, -3.826 ], [ 102.6203, -3.8022 ] ] ] ] } },
{ "type": "Feature", "properties": { "balita": 35817.0, "u5mr": 14.12, "kabkota": "Kota Bengkulu", "jenis": "Kota", "provinsi": "BENGKULU", "pulau": "Sumatera", "provinsi_geojson": "Bengkulu", "jenis_geo": "Kota", "label": "Kota Bengkulu", "kode_bps": "1771", "geo_key": "kota bengkulu", "name_geojson": "Kota Bengkulu", "peringkat_nasional": 411, "peringkat_provinsi": 10, "kelas_jenks": 1, "kelas_kuantil": 2 }, "geometry": { "type": "MultiPolygon", "coordinates": [ [ [ [ 102.2986, -3.7411 ], [ 102.247, -3.7884 ], [ 102.3072, -3.8908 ], [ 102.3006, -3.9821 ], [ 102.342, -3.9007 ], [ 102.3597, -3.8768 ], [ 102.3702, -3.8736 ], [ 102.3617, -3.8551 ], [ 102.3542, -3.8127 ], [ 102.2986, -3.7411 ] ] ] ] } },
{ "type": "Feature", "properties": { "balita": 66312.0, "u5mr": 12.19, "kabkota": "Bantul", "jenis": "Kabupaten", "provinsi": "D I YOGYAKARTA", "pulau": "Jawa", "provinsi_geojson": "Di Yogyakarta", "jenis_geo": "Kabupaten", "label": "Kab. Bantul", "kode_bps": "3402", "geo_key": "bantul", "name_geojson": "Kabupaten Bantul", "peringkat_nasional": 474, "peringkat_provinsi": 1, "kelas_jenks": 1, "kelas_kuantil": 1 }, "geometry": { "type": "MultiPolygon", "coordinates": [ [ [ [ 110.3306, -7.8066 ], [ 110.3094, -7.8187 ], [ 110.2804, -7.8185 ], [ 110.2536, -7.7965 ], [ 110.2574, -7.8662 ], [ 110.2479, -7.9282 ], [ 110.2115, -7.9855 ], [ 110.339, -8.0281 ], [ 110.3656, -7.9725 ], [ 110.4634, -7.9684 ], [ 110.4726, -7.9536 ], [ 110.4889, -7.8378 ], [ 110.4814, -7.8174 ], [ 110.4677, -7.8281 ], [ 110.43, -7.8359 ], [ 110.421, -7.7863 ], [ 110.3933, -7.8263 ], [ 110.3751, -7.8244 ], [ 110.3448, -7.8078 ], [ 110.3306, -7.8066 ] ] ] ] } },
{ "type": "Feature", "properties": { "balita": 45580.0, "u5mr": 11.95, "kabkota": "Gunung Kidul", "jenis": "Kabupaten", "provinsi": "D I YOGYAKARTA", "pulau": "Jawa", "provinsi_geojson": "Di Yogyakarta", "jenis_geo": "Kabupaten", "label": "Kab. Gunung Kidul", "kode_bps": "3403", "geo_key": "gunungkidul", "name_geojson": "Kabupaten Gunungkidul", "peringkat_nasional": 481, "peringkat_provinsi": 2, "kelas_jenks": 1, "kelas_kuantil": 1 }, "geometry": { "type": "MultiPolygon", "coordinates": [ [ [ [ 110.5759, -7.8059 ], [ 110.555, -7.7951 ], [ 110.5424, -7.8234 ], [ 110.4889, -7.8378 ], [ 110.4726, -7.9536 ], [ 110.4634, -7.9684 ], [ 110.3656, -7.9725 ], [ 110.339, -8.0281 ], [ 110.4365, -8.1 ], [ 110.604, -8.1452 ], [ 110.7081, -8.2003 ], [ 110.8326, -8.1692 ], [ 110.7887, -8.1108 ], [ 110.7557, -8.0249 ], [ 110.7674, -7.9826 ], [ 110.7705, -7.904 ], [ 110.7829, -7.871 ], [ 110.7856, -7.8167 ], [ 110.7679, -7.8082 ], [ 110.7622, -7.8235 ], [ 110.7523, -7.825 ], [ 110.7403, -7.8048 ], [ 110.6818, -7.8063 ], [ 110.6712, -7.7861 ], [ 110.6001, -7.8067 ], [ 110.5862, -7.8027 ], [ 110.5759, -7.8059 ] ] ] ] } },
{ "type": "Feature", "properties": { "balita": 28926.0, "u5mr": 11.09, "kabkota": "Kulon Progo", "jenis": "Kabupaten", "provinsi": "D I YOGYAKARTA", "pulau": "Jawa", "provinsi_geojson": "Di Yogyakarta", "jenis_geo": "Kabupaten", "label": "Kab. Kulon Progo", "kode_bps": "3401", "geo_key": "kulon progo", "name_geojson": "Kabupaten Kulon Progo", "peringkat_nasional": 505, "peringkat_provinsi": 4, "kelas_jenks": 1, "kelas_kuantil": 1 }, "geometry": { "type": "MultiPolygon", "coordinates": [ [ [ [ 110.2607, -7.6875 ], [ 110.2149, -7.6459 ], [ 110.1448, -7.6507 ], [ 110.1385, -7.6943 ], [ 110.1235, -7.7306 ], [ 110.1126, -7.7646 ], [ 110.0501, -7.8416 ], [ 110.0262, -7.8889 ], [ 110.1435, -7.947 ], [ 110.2057, -7.9831 ], [ 110.2157, -7.9817 ], [ 110.2479, -7.9282 ], [ 110.2574, -7.8662 ], [ 110.2284, -7.8059 ], [ 110.2202, -7.777 ], [ 110.2325, -7.7135 ], [ 110.2607, -7.6875 ] ] ] ] } },
{ "type": "Feature", "properties": { "balita": 77440.0, "u5mr": 11.85, "kabkota": "Sleman", "jenis": "Kabupaten", "provinsi": "D I YOGYAKARTA", "pulau": "Jawa", "provinsi_geojson": "Di Yogyakarta", "jenis_geo": "Kabupaten", "label": "Kab. Sleman", "kode_bps": "3404", "geo_key": "sleman", "name_geojson": "Kabupaten Sleman", "peringkat_nasional": 483, "peringkat_provinsi": 3, "kelas_jenks": 1, "kelas_kuantil": 1 }, "geometry": { "type": "MultiPolygon", "coordinates": [ [ [ [ 110.455, -7.5548 ], [ 110.4452, -7.5412 ], [ 110.3858, -7.5991 ], [ 110.3028, -7.6558 ], [ 110.2325, -7.7135 ], [ 110.2202, -7.777 ], [ 110.2284, -7.8059 ], [ 110.2536, -7.7965 ], [ 110.2804, -7.8185 ], [ 110.3094, -7.8187 ], [ 110.3306, -7.8066 ], [ 110.421, -7.7863 ], [ 110.43, -7.8359 ], [ 110.4677, -7.8281 ], [ 110.4814, -7.8174 ], [ 110.5424, -7.8234 ], [ 110.5095, -7.7693 ], [ 110.4918, -7.7668 ], [ 110.455, -7.5548 ] ] ] ] } },
{ "type": "Feature", "properties": { "balita": 23094.0, "u5mr": 9.95, "kabkota": "Kota Yogyakarta", "jenis": "Kota", "provinsi": "D I YOGYAKARTA", "pulau": "Jawa", "provinsi_geojson": "Di Yogyakarta", "jenis_geo": "Kota", "label": "Kota Yogyakarta", "kode_bps": "3471", "geo_key": "kota yogyakarta", "name_geojson": "Kota Yogyakarta", "peringkat_nasional": 514, "peringkat_provinsi": 5, "kelas_jenks": 1, "kelas_kuantil": 1 }, "geometry": { "type": "MultiPolygon", "coordinates": [ [ [ [ 110.3933, -7.8263 ], [ 110.3448, -7.8078 ], [ 110.3751, -7.8244 ], [ 110.3933, -7.8263 ] ] ] ] } },
{ "type": "Feature", "properties": { "balita": 2532.0, "u5mr": 12.36, "kabkota": "Kepulauan Seribu", "jenis": "Kabupaten", "provinsi": "DKI JAKARTA", "pulau": "Jawa", "provinsi_geojson": "Dki Jakarta", "jenis_geo": "Kabupaten", "label": "Kab. Kepulauan Seribu", "kode_bps": "3101", "geo_key": "administrasi kepulauan seribu", "name_geojson": "Kabupaten Administrasi Kepulauan Seribu", "peringkat_nasional": 468, "peringkat_provinsi": 1, "kelas_jenks": 1, "kelas_kuantil": 1 }, "geometry": { "type": "MultiPolygon", "coordinates": [ [ [ [ 106.4784, -5.7934 ], [ 106.5116, -5.803 ], [ 106.5004, -5.7958 ], [ 106.4784, -5.7934 ] ] ] ] } },
{ "type": "Feature", "properties": { "balita": 174037.0, "u5mr": 11.15, "kabkota": "Kota Jakarta Barat", "jenis": "Kota", "provinsi": "DKI JAKARTA", "pulau": "Jawa", "provinsi_geojson": "Dki Jakarta", "jenis_geo": "Kota", "label": "Kota Jakarta Barat", "kode_bps": "3174", "geo_key": "kota administrasi jakarta barat", "name_geojson": "Kota Administrasi Jakarta Barat", "peringkat_nasional": 504, "peringkat_provinsi": 4, "kelas_jenks": 1, "kelas_kuantil": 1 }, "geometry": { "type": "MultiPolygon", "coordinates": [ [ [ [ 106.688, -6.0971 ], [ 106.6969, -6.1106 ], [ 106.7181, -6.223 ], [ 106.7784, -6.2269 ], [ 106.7982, -6.1614 ], [ 106.8283, -6.1623 ], [ 106.8006, -6.1419 ], [ 106.688, -6.0971 ] ] ] ] } },
{ "type": "Feature", "properties": { "balita": 60701.0, "u5mr": 10.13, "kabkota": "Kota Jakarta Pusat", "jenis": "Kota", "provinsi": "DKI JAKARTA", "pulau": "Jawa", "provinsi_geojson": "Dki Jakarta", "jenis_geo": "Kota", "label": "Kota Jakarta Pusat", "kode_bps": "3173", "geo_key": "kota administrasi jakarta pusat", "name_geojson": "Kota Administrasi Jakarta Pusat", "peringkat_nasional": 513, "peringkat_provinsi": 6, "kelas_jenks": 1, "kelas_kuantil": 1 }, "geometry": { "type": "MultiPolygon", "coordinates": [ [ [ [ 106.8307, -6.1351 ], [ 106.8283, -6.1623 ], [ 106.7982, -6.1614 ], [ 106.8227, -6.2027 ], [ 106.8618, -6.1939 ], [ 106.8751, -6.1923 ], [ 106.8452, -6.1534 ], [ 106.8441, -6.145 ], [ 106.8307, -6.1351 ] ] ] ] } },
{ "type": "Feature", "properties": { "balita": 142196.0, "u5mr": 10.57, "kabkota": "Kota Jakarta Selatan", "jenis": "Kota", "provinsi": "DKI JAKARTA", "pulau": "Jawa", "provinsi_geojson": "Dki Jakarta", "jenis_geo": "Kota", "label": "Kota Jakarta Selatan", "kode_bps": "3171", "geo_key": "kota administrasi jakarta selatan", "name_geojson": "Kota Administrasi Jakarta Selatan", "peringkat_nasional": 512, "peringkat_provinsi": 5, "kelas_jenks": 1, "kelas_kuantil": 1 }, "geometry": { "type": "MultiPolygon", "coordinates": [ [ [ [ 106.8227, -6.2027 ], [ 106.7784, -6.2269 ], [ 106.7515, -6.2745 ], [ 106.7601, -6.2864 ], [ 106.7924, -6.3484 ], [ 106.8363, -6.3551 ], [ 106.8583, -6.3112 ], [ 106.8568, -6.2726 ], [ 106.8227, -6.2027 ] ] ] ] } },
{ "type": "Feature", "properties": { "balita": 213396.0, "u5mr": 11.46, "kabkota": "Kota Jakarta Timur", "jenis": "Kota", "provinsi": "DKI JAKARTA", "pulau": "Jawa", "provinsi_geojson": "Dki Jakarta", "jenis_geo": "Kota", "label": "Kota Jakarta Timur", "kode_bps": "3172", "geo_key": "kota administrasi jakarta timur", "name_geojson": "Kota Administrasi Jakarta Timur", "peringkat_nasional": 495, "peringkat_provinsi": 2, "kelas_jenks": 1, "kelas_kuantil": 1 }, "geometry": { "type": "MultiPolygon", "coordinates": [ [ [ [ 106.9222, -6.1612 ], [ 106.9225, -6.1831 ], [ 106.8751, -6.1923 ], [ 106.8618, -6.1939 ], [ 106.8568, -6.2726 ], [ 106.8583, -6.3112 ], [ 106.8623, -6.3572 ], [ 106.8716, -6.3531 ], [ 106.906, -6.3597 ], [ 106.9043, -6.2621 ], [ 106.944, -6.2524 ], [ 106.9715, -6.1543 ], [ 106.9222, -6.1612 ] ] ] ] } },
{ "type": "Feature", "properties": { "balita": 131509.0, "u5mr": 11.28, "kabkota": "Kota Jakarta Utara", "jenis": "Kota", "provinsi": "DKI JAKARTA", "pulau": "Jawa", "provinsi_geojson": "Dki Jakarta", "jenis_geo": "Kota", "label": "Kota Jakarta Utara", "kode_bps": "3175", "geo_key": "kota administrasi jakarta utara", "name_geojson": "Kota Administrasi Jakarta Utara ", "peringkat_nasional": 500, "peringkat_provinsi": 3, "kelas_jenks": 1, "kelas_kuantil": 1 }, "geometry": { "type": "MultiPolygon", "coordinates": [ [ [ [ 106.9715, -6.1543 ], [ 106.9575, -6.0975 ], [ 106.8795, -6.0943 ], [ 106.8006, -6.1419 ], [ 106.8307, -6.1351 ], [ 106.8441, -6.145 ], [ 106.8452, -6.1534 ], [ 106.9225, -6.1831 ], [ 106.9222, -6.1612 ], [ 106.9715, -6.1543 ] ] ] ] } },
{ "type": "Feature", "properties": { "balita": 13823.0, "u5mr": 27.36, "kabkota": "Boalemo", "jenis": "Kabupaten", "provinsi": "GORONTALO", "pulau": "Sulawesi", "provinsi_geojson": "Gorontalo", "jenis_geo": "Kabupaten", "label": "Kab. Boalemo", "kode_bps": "7501", "geo_key": "boalemo", "name_geojson": "Kabupaten Boalemo", "peringkat_nasional": 93, "peringkat_provinsi": 5, "kelas_jenks": 3, "kelas_kuantil": 5 }, "geometry": { "type": "MultiPolygon", "coordinates": [ [ [ [ 122.2007, 0.8982 ], [ 122.1013, 0.9018 ], [ 122.1268, 0.667 ], [ 122.1209, 0.4947 ], [ 122.1904, 0.4797 ], [ 122.3381, 0.4926 ], [ 122.3893, 0.5213 ], [ 122.6179, 0.4897 ], [ 122.6392, 0.566 ], [ 122.6008, 0.6494 ], [ 122.4932, 0.7276 ], [ 122.4933, 0.7404 ], [ 122.4859, 0.7421 ], [ 122.4501, 0.7537 ], [ 122.4106, 0.7643 ], [ 122.3596, 0.7826 ], [ 122.2573, 0.7941 ], [ 122.2451, 0.8138 ], [ 122.2554, 0.8631 ], [ 122.2007, 0.8982 ] ] ] ] } },
{ "type": "Feature", "properties": { "balita": 14928.0, "u5mr": 32.86, "kabkota": "Bone Bolango", "jenis": "Kabupaten", "provinsi": "GORONTALO", "pulau": "Sulawesi", "provinsi_geojson": "Gorontalo", "jenis_geo": "Kabupaten", "label": "Kab. Bone Bolango", "kode_bps": "7504", "geo_key": "bone bolango", "name_geojson": "Kabupaten Bone Bolango", "peringkat_nasional": 56, "peringkat_provinsi": 3, "kelas_jenks": 4, "kelas_kuantil": 5 }, "geometry": { "type": "MultiPolygon", "coordinates": [ [ [ [ 123.1241, 0.7881 ], [ 123.0701, 0.803 ], [ 123.0782, 0.6744 ], [ 123.0606, 0.6138 ], [ 123.091, 0.5803 ], [ 123.0999, 0.5023 ], [ 123.1565, 0.4037 ], [ 123.2676, 0.3223 ], [ 123.4349, 0.3167 ], [ 123.4979, 0.3821 ], [ 123.5502, 0.4338 ], [ 123.5228, 0.4901 ], [ 123.5261, 0.5418 ], [ 123.5091, 0.5844 ], [ 123.4922, 0.6191 ], [ 123.429, 0.6414 ], [ 123.3594, 0.6514 ], [ 123.2736, 0.6982 ], [ 123.2471, 0.717 ], [ 123.2152, 0.762 ], [ 123.1241, 0.7881 ] ] ] ] } },
{ "type": "Feature", "properties": { "balita": 36175.0, "u5mr": 30.04, "kabkota": "Gorontalo", "jenis": "Kabupaten", "provinsi": "GORONTALO", "pulau": "Sulawesi", "provinsi_geojson": "Gorontalo", "jenis_geo": "Kabupaten", "label": "Kab. Gorontalo", "kode_bps": "7502", "geo_key": "gorontalo", "name_geojson": "Kabupaten Gorontalo", "peringkat_nasional": 72, "peringkat_provinsi": 4, "kelas_jenks": 3, "kelas_kuantil": 5 }, "geometry": { "type": "MultiPolygon", "coordinates": [ [ [ [ 122.2617, 0.9292 ], [ 122.2481, 0.9138 ], [ 122.2554, 0.8631 ], [ 122.2451, 0.8138 ], [ 122.2573, 0.7941 ], [ 122.3596, 0.7826 ], [ 122.4106, 0.7643 ], [ 122.4501, 0.7537 ], [ 122.4859, 0.7421 ], [ 122.4933, 0.7404 ], [ 122.4932, 0.7276 ], [ 122.6008, 0.6494 ], [ 122.6392, 0.566 ], [ 122.6502, 0.515 ], [ 122.722, 0.4851 ], [ 122.8222, 0.4976 ], [ 122.9888, 0.4847 ], [ 123.0376, 0.5092 ], [ 123.0061, 0.5561 ], [ 123.027, 0.5636 ], [ 123.0606, 0.6138 ], [ 123.0782, 0.6744 ], [ 123.0701, 0.803 ], [ 123.0377, 0.7825 ], [ 122.9527, 0.7122 ], [ 122.8805, 0.7603 ], [ 122.7152, 0.7868 ], [ 122.5795, 0.8751 ], [ 122.4175, 0.8849 ], [ 122.3238, 0.9261 ], [ 122.2617, 0.9292 ] ] ] ] } },
{ "type": "Feature", "properties": { "balita": 13165.0, "u5mr": 37.47, "kabkota": "Gorontalo Utara", "jenis": "Kabupaten", "provinsi": "GORONTALO", "pulau": "Sulawesi", "provinsi_geojson": "Gorontalo", "jenis_geo": "Kabupaten", "label": "Kab. Gorontalo Utara", "kode_bps": "7505", "geo_key": "gorontalo utara", "name_geojson": "Kabupaten Gorontalo Utara", "peringkat_nasional": 37, "peringkat_provinsi": 1, "kelas_jenks": 4, "kelas_kuantil": 5 }, "geometry": { "type": "MultiPolygon", "coordinates": [ [ [ [ 123.1191, 0.9263 ], [ 123.0588, 0.9187 ], [ 122.9861, 0.968 ], [ 122.9219, 0.8612 ], [ 122.849, 0.8005 ], [ 122.772, 0.8791 ], [ 122.6879, 0.894 ], [ 122.6641, 0.935 ], [ 122.4074, 1.006 ], [ 122.3698, 0.9929 ], [ 122.171, 1.029 ], [ 122.1586, 1.0315 ], [ 122.0889, 0.9983 ], [ 122.0418, 0.9885 ], [ 122.0304, 0.9526 ], [ 122.0395, 0.9616 ], [ 122.0176, 0.9219 ], [ 122.0155, 0.9091 ], [ 121.998, 0.8912 ], [ 122.0839, 0.9087 ], [ 122.2007, 0.8982 ], [ 122.2481, 0.9138 ], [ 122.2617, 0.9292 ], [ 122.3238, 0.9261 ], [ 122.4175, 0.8849 ], [ 122.5795, 0.8751 ], [ 122.7152, 0.7868 ], [ 122.8805, 0.7603 ], [ 122.9527, 0.7122 ], [ 123.0377, 0.7825 ], [ 123.0735, 0.8061 ], [ 123.1241, 0.7881 ], [ 123.2152, 0.762 ], [ 123.2686, 0.7681 ], [ 123.2711, 0.8026 ], [ 123.1217, 0.8887 ], [ 123.1191, 0.9263 ] ] ] ] } },
{ "type": "Feature", "properties": { "balita": 13924.0, "u5mr": 37.39, "kabkota": "Pohuwato", "jenis": "Kabupaten", "provinsi": "GORONTALO", "pulau": "Sulawesi", "provinsi_geojson": "Gorontalo", "jenis_geo": "Kabupaten", "label": "Kab. Pohuwato", "kode_bps": "7503", "geo_key": "pohuwato", "name_geojson": "Kabupaten Pohuwato", "peringkat_nasional": 38, "peringkat_provinsi": 2, "kelas_jenks": 4, "kelas_kuantil": 5 }, "geometry": { "type": "MultiPolygon", "coordinates": [ [ [ [ 121.849, 0.9796 ], [ 121.7386, 0.9305 ], [ 121.6035, 0.8727 ], [ 121.542, 0.8794 ], [ 121.4671, 0.8483 ], [ 121.3499, 0.8215 ], [ 121.317, 0.7851 ], [ 121.2371, 0.8015 ], [ 121.192, 0.7675 ], [ 121.1876, 0.7217 ], [ 121.2187, 0.6385 ], [ 121.2269, 0.6287 ], [ 121.2959, 0.5802 ], [ 121.3161, 0.5777 ], [ 121.3296, 0.5752 ], [ 121.3212, 0.5327 ], [ 121.3607, 0.4709 ], [ 121.4425, 0.4661 ], [ 121.519, 0.4963 ], [ 121.5237, 0.5494 ], [ 121.6851, 0.5133 ], [ 121.8145, 0.4212 ], [ 122.1209, 0.4947 ], [ 122.1268, 0.667 ], [ 122.1013, 0.9018 ], [ 122.0839, 0.9087 ], [ 121.998, 0.8912 ], [ 121.9548, 0.9073 ], [ 121.9394, 0.9273 ], [ 121.849, 0.9796 ] ] ] ] } },
{ "type": "Feature", "properties": { "balita": 17396.0, "u5mr": 23.29, "kabkota": "Kota Gorontalo", "jenis": "Kota", "provinsi": "GORONTALO", "pulau": "Sulawesi", "provinsi_geojson": "Gorontalo", "jenis_geo": "Kota", "label": "Kota Gorontalo", "kode_bps": "7571", "geo_key": "kota gorontalo", "name_geojson": "Kota Gorontalo", "peringkat_nasional": 148, "peringkat_provinsi": 6, "kelas_jenks": 3, "kelas_kuantil": 4 }, "geometry": { "type": "MultiPolygon", "coordinates": [ [ [ [ 123.027, 0.5636 ], [ 123.0061, 0.5561 ], [ 123.0376, 0.5092 ], [ 123.0999, 0.5023 ], [ 123.091, 0.5803 ], [ 123.027, 0.5636 ] ] ] ] } },
{ "type": "Feature", "properties": { "balita": 27771.0, "u5mr": 14.58, "kabkota": "Batang Hari", "jenis": "Kabupaten", "provinsi": "JAMBI", "pulau": "Sumatera", "provinsi_geojson": "Jambi", "jenis_geo": "Kabupaten", "label": "Kab. Batang Hari", "kode_bps": "1504", "geo_key": "batanghari", "name_geojson": "Kabupaten Batanghari", "peringkat_nasional": 401, "peringkat_provinsi": 9, "kelas_jenks": 1, "kelas_kuantil": 2 }, "geometry": { "type": "MultiPolygon", "coordinates": [ [ [ [ 103.2852, -1.3529 ], [ 103.2946, -1.3738 ], [ 103.2892, -1.3931 ], [ 103.2548, -1.3932 ], [ 103.2223, -1.3915 ], [ 103.2071, -1.3598 ], [ 103.1702, -1.3891 ], [ 103.0622, -1.4053 ], [ 103.0062, -1.4428 ], [ 102.8656, -1.3715 ], [ 102.8171, -1.4233 ], [ 102.8229, -1.4427 ], [ 102.8046, -1.5796 ], [ 102.7571, -1.668 ], [ 102.6678, -1.7569 ], [ 102.6643, -1.8134 ], [ 102.5903, -1.882 ], [ 102.497, -1.8521 ], [ 102.4771, -1.8914 ], [ 102.5477, -1.9179 ], [ 102.6156, -1.9054 ], [ 102.7126, -1.9534 ], [ 102.8018, -1.9324 ], [ 102.8008, -1.9906 ], [ 102.9419, -1.9729 ], [ 102.9794, -1.9435 ], [ 103.1808, -1.9759 ], [ 103.2101, -2.0592 ], [ 103.2305, -2.1358 ], [ 103.2776, -2.1479 ], [ 103.3011, -2.2218 ], [ 103.4384, -2.3424 ], [ 103.4521, -2.2219 ], [ 103.4602, -2.1777 ], [ 103.4464, -2.1736 ], [ 103.4544, -2.0479 ], [ 103.3699, -2.0466 ], [ 103.3183, -1.9521 ], [ 103.3203, -1.8682 ], [ 103.3994, -1.8611 ], [ 103.4253, -1.7031 ], [ 103.4084, -1.6323 ], [ 103.4728, -1.5439 ], [ 103.4742, -1.4779 ], [ 103.3842, -1.4837 ], [ 103.3311, -1.3667 ], [ 103.2852, -1.3529 ] ] ] ] } },
{ "type": "Feature", "properties": { "balita": 33330.0, "u5mr": 17.75, "kabkota": "Bungo", "jenis": "Kabupaten", "provinsi": "JAMBI", "pulau": "Sumatera", "provinsi_geojson": "Jambi", "jenis_geo": "Kabupaten", "label": "Kab. Bungo", "kode_bps": "1509", "geo_key": "bungo", "name_geojson": "Kabupaten Bungo", "peringkat_nasional": 264, "peringkat_provinsi": 6, "kelas_jenks": 2, "kelas_kuantil": 3 }, "geometry": { "type": "MultiPolygon", "coordinates": [ [ [ [ 101.9229, -1.1293 ], [ 101.9098, -1.1377 ], [ 101.891, -1.137 ], [ 101.8741, -1.1422 ], [ 101.816, -1.2178 ], [ 101.7176, -1.26 ], [ 101.6964, -1.2918 ], [ 101.7038, -1.3468 ], [ 101.7118, -1.3363 ], [ 101.6949, -1.3941 ], [ 101.6911, -1.4899 ], [ 101.6228, -1.527 ], [ 101.4765, -1.6767 ], [ 101.4454, -1.7112 ], [ 101.6291, -1.8887 ], [ 101.6607, -1.8718 ], [ 101.6751, -1.8806 ], [ 101.7345, -1.8772 ], [ 101.8287, -1.8207 ], [ 101.9213, -1.8394 ], [ 101.9962, -1.9093 ], [ 102.1106, -1.8727 ], [ 102.1681, -1.7806 ], [ 102.3271, -1.7019 ], [ 102.3446, -1.676 ], [ 102.4306, -1.6967 ], [ 102.4616, -1.6743 ], [ 102.4564, -1.6556 ], [ 102.5131, -1.6494 ], [ 102.4769, -1.5712 ], [ 102.3144, -1.5689 ], [ 102.3077, -1.4666 ], [ 102.2106, -1.4761 ], [ 102.0037, -1.3525 ], [ 101.956, -1.341 ], [ 101.9197, -1.2501 ], [ 101.9442, -1.1736 ], [ 101.9623, -1.1535 ], [ 101.9229, -1.1293 ] ] ] ] } },
{ "type": "Feature", "properties": { "balita": 20135.0, "u5mr": 20.15, "kabkota": "Kerinci", "jenis": "Kabupaten", "provinsi": "JAMBI", "pulau": "Sumatera", "provinsi_geojson": "Jambi", "jenis_geo": "Kabupaten", "label": "Kab. Kerinci", "kode_bps": "1501", "geo_key": "kerinci", "name_geojson": "Kabupaten Kerinci", "peringkat_nasional": 201, "peringkat_provinsi": 1, "kelas_jenks": 2, "kelas_kuantil": 4 }, "geometry": { "type": "MultiPolygon", "coordinates": [ [ [ [ 101.4111, -1.6727 ], [ 101.2667, -1.6958 ], [ 101.191, -1.676 ], [ 101.1692, -1.7106 ], [ 101.1317, -1.6847 ], [ 101.1383, -1.8989 ], [ 101.2397, -2.0667 ], [ 101.2716, -2.032 ], [ 101.4294, -2.027 ], [ 101.4092, -2.1189 ], [ 101.3922, -2.1806 ], [ 101.2797, -2.251 ], [ 101.281, -2.2627 ], [ 101.2929, -2.2887 ], [ 101.3552, -2.3275 ], [ 101.37, -2.3473 ], [ 101.4056, -2.3567 ], [ 101.557, -2.4519 ], [ 101.5546, -2.3519 ], [ 101.6379, -2.3503 ], [ 101.7114, -2.3181 ], [ 101.784, -2.1946 ], [ 101.8294, -2.1899 ], [ 101.8247, -2.1781 ], [ 101.7834, -2.1394 ], [ 101.7304, -2.0012 ], [ 101.666, -1.9728 ], [ 101.6412, -1.9248 ], [ 101.6363, -1.8979 ], [ 101.6176, -1.874 ], [ 101.4454, -1.7112 ], [ 101.4111, -1.6727 ] ] ] ] } },
{ "type": "Feature", "properties": { "balita": 32365.0, "u5mr": 16.55, "kabkota": "Merangin", "jenis": "Kabupaten", "provinsi": "JAMBI", "pulau": "Sumatera", "provinsi_geojson": "Jambi", "jenis_geo": "Kabupaten", "label": "Kab. Merangin", "kode_bps": "1502", "geo_key": "merangin", "name_geojson": "Kabupaten Merangin", "peringkat_nasional": 309, "peringkat_provinsi": 8, "kelas_jenks": 1, "kelas_kuantil": 2 }, "geometry": { "type": "MultiPolygon", "coordinates": [ [ [ [ 102.4564, -1.6556 ], [ 102.4616, -1.6743 ], [ 102.4306, -1.6967 ], [ 102.3446, -1.676 ], [ 102.3271, -1.7019 ], [ 102.1681, -1.7806 ], [ 102.1106, -1.8727 ], [ 101.9962, -1.9093 ], [ 101.9213, -1.8394 ], [ 101.8287, -1.8207 ], [ 101.7345, -1.8772 ], [ 101.6751, -1.8806 ], [ 101.6607, -1.8718 ], [ 101.6291, -1.8887 ], [ 101.666, -1.9728 ], [ 101.7304, -2.0012 ], [ 101.7834, -2.1394 ], [ 101.8247, -2.1781 ], [ 101.8294, -2.1899 ], [ 101.784, -2.1946 ], [ 101.7114, -2.3181 ], [ 101.6379, -2.3503 ], [ 101.5546, -2.3519 ], [ 101.5607, -2.4589 ], [ 101.5401, -2.5499 ], [ 101.67, -2.5283 ], [ 101.8121, -2.692 ], [ 101.9064, -2.7403 ], [ 101.9538, -2.7307 ], [ 102.0327, -2.758 ], [ 102.0639, -2.7685 ], [ 102.073, -2.7649 ], [ 102.0873, -2.685 ], [ 102.064, -2.6216 ], [ 102.1577, -2.4854 ], [ 102.1244, -2.4305 ], [ 102.3031, -2.3935 ], [ 102.3955, -2.3291 ], [ 102.4625, -2.182 ], [ 102.5461, -2.2139 ], [ 102.6291, -2.1854 ], [ 102.6258, -2.1122 ], [ 102.5474, -2.0779 ], [ 102.5472, -2.0181 ], [ 102.4583, -1.9451 ], [ 102.4582, -1.8853 ], [ 102.5303, -1.6526 ], [ 102.4564, -1.6556 ] ] ] ] } },
{ "type": "Feature", "properties": { "balita": 36377.0, "u5mr": 13.79, "kabkota": "Muaro Jambi", "jenis": "Kabupaten", "provinsi": "JAMBI", "pulau": "Sumatera", "provinsi_geojson": "Jambi", "jenis_geo": "Kabupaten", "label": "Kab. Muaro Jambi", "kode_bps": "1505", "geo_key": "muaro jambi", "name_geojson": "Kabupaten Muaro Jambi", "peringkat_nasional": 423, "peringkat_provinsi": 10, "kelas_jenks": 1, "kelas_kuantil": 1 }, "geometry": { "type": "MultiPolygon", "coordinates": [ [ [ [ 103.2711, -1.2346 ], [ 103.2705, -1.3153 ], [ 103.2246, -1.3312 ], [ 103.2206, -1.3745 ], [ 103.2548, -1.3932 ], [ 103.2892, -1.3931 ], [ 103.2946, -1.3738 ], [ 103.2852, -1.3529 ], [ 103.3311, -1.3667 ], [ 103.3842, -1.4837 ], [ 103.4742, -1.4779 ], [ 103.4728, -1.5439 ], [ 103.4084, -1.6323 ], [ 103.4253, -1.7031 ], [ 103.3994, -1.8611 ], [ 103.3203, -1.8682 ], [ 103.3183, -1.9521 ], [ 103.3699, -2.0466 ], [ 103.4544, -2.0479 ], [ 103.4464, -2.1736 ], [ 103.507, -2.1737 ], [ 103.5536, -2.0422 ], [ 103.5, -1.9822 ], [ 103.5214, -1.9067 ], [ 103.6303, -1.8412 ], [ 103.8733, -1.7886 ], [ 104.0449, -1.7469 ], [ 104.3625, -1.6467 ], [ 104.3384, -1.6453 ], [ 104.2863, -1.5734 ], [ 104.2355, -1.5434 ], [ 104.0853, -1.3214 ], [ 104.0553, -1.3183 ], [ 103.6714, -1.3704 ], [ 103.6336, -1.3922 ], [ 103.5807, -1.3902 ], [ 103.559, -1.3157 ], [ 103.417, -1.3283 ], [ 103.3912, -1.2799 ], [ 103.3298, -1.2655 ], [ 103.2711, -1.2346 ] ], [ [ 103.5674, -1.5743 ], [ 103.6491, -1.5507 ], [ 103.6551, -1.6074 ], [ 103.6213, -1.6961 ], [ 103.5242, -1.6761 ], [ 103.5466, -1.5879 ], [ 103.5674, -1.5743 ] ] ] ] } },
{ "type": "Feature", "properties": { "balita": 30598.0, "u5mr": 18.85, "kabkota": "Sarolangun", "jenis": "Kabupaten", "provinsi": "JAMBI", "pulau": "Sumatera", "provinsi_geojson": "Jambi", "jenis_geo": "Kabupaten", "label": "Kab. Sarolangun", "kode_bps": "1503", "geo_key": "sarolangun", "name_geojson": "Kabupaten Sarolangun", "peringkat_nasional": 232, "peringkat_provinsi": 3, "kelas_jenks": 2, "kelas_kuantil": 3 }, "geometry": { "type": "MultiPolygon", "coordinates": [ [ [ [ 102.4771, -1.8914 ], [ 102.4583, -1.9 ], [ 102.4583, -1.9451 ], [ 102.5472, -2.0181 ], [ 102.5474, -2.0779 ], [ 102.6258, -2.1122 ], [ 102.6291, -2.1854 ], [ 102.5461, -2.2139 ], [ 102.4625, -2.182 ], [ 102.3955, -2.3291 ], [ 102.3031, -2.3935 ], [ 102.1244, -2.4305 ], [ 102.1577, -2.4854 ], [ 102.064, -2.6216 ], [ 102.0873, -2.685 ], [ 102.073, -2.7649 ], [ 102.097, -2.7667 ], [ 102.1684, -2.7072 ], [ 102.2361, -2.6912 ], [ 102.2713, -2.6245 ], [ 102.4691, -2.7043 ], [ 102.5806, -2.6783 ], [ 102.6141, -2.6222 ], [ 102.7867, -2.5467 ], [ 102.8671, -2.3977 ], [ 102.8435, -2.374 ], [ 102.8675, -2.3145 ], [ 102.8928, -2.3173 ], [ 102.9407, -2.3362 ], [ 102.9723, -2.3302 ], [ 103.0293, -2.3416 ], [ 103.0671, -2.3399 ], [ 103.154, -2.3356 ], [ 103.1982, -2.2606 ], [ 103.187, -2.1842 ], [ 103.2258, -2.1654 ], [ 103.2101, -2.0592 ], [ 103.1808, -1.9759 ], [ 102.9794, -1.9435 ], [ 102.9419, -1.9729 ], [ 102.8008, -1.9906 ], [ 102.8018, -1.9324 ], [ 102.7126, -1.9534 ], [ 102.6156, -1.9054 ], [ 102.5477, -1.9179 ], [ 102.4771, -1.8914 ] ] ] ] } },
{ "type": "Feature", "properties": { "balita": 30652.0, "u5mr": 20.1, "kabkota": "Tanjung Jabung Barat", "jenis": "Kabupaten", "provinsi": "JAMBI", "pulau": "Sumatera", "provinsi_geojson": "Jambi", "jenis_geo": "Kabupaten", "label": "Kab. Tanjung Jabung Barat", "kode_bps": "1507", "geo_key": "tanjung jabung barat", "name_geojson": "Kabupaten Tanjung Jabung Barat", "peringkat_nasional": 204, "peringkat_provinsi": 2, "kelas_jenks": 2, "kelas_kuantil": 4 }, "geometry": { "type": "MultiPolygon", "coordinates": [ [ [ [ 103.4372, -0.7781 ], [ 103.3528, -0.7992 ], [ 103.1118, -0.7466 ], [ 103.0036, -0.7547 ], [ 102.9278, -0.8661 ], [ 102.7858, -0.9792 ], [ 102.751, -1.044 ], [ 102.6436, -1.1192 ], [ 102.6457, -1.138 ], [ 102.6971, -1.2386 ], [ 102.7463, -1.2614 ], [ 102.8021, -1.3756 ], [ 102.7948, -1.3964 ], [ 102.8171, -1.4233 ], [ 102.8656, -1.3715 ], [ 103.0062, -1.4428 ], [ 103.0622, -1.4053 ], [ 103.1702, -1.3891 ], [ 103.2071, -1.3598 ], [ 103.2206, -1.3745 ], [ 103.2246, -1.3312 ], [ 103.2705, -1.3153 ], [ 103.2711, -1.2346 ], [ 103.3814, -1.2365 ], [ 103.4478, -1.195 ], [ 103.4455, -1.1277 ], [ 103.4693, -1.0284 ], [ 103.5491, -0.9781 ], [ 103.5551, -0.9633 ], [ 103.566, -0.9416 ], [ 103.5679, -0.9282 ], [ 103.5605, -0.9067 ], [ 103.5476, -0.8106 ], [ 103.4372, -0.7781 ] ] ] ] } },
{ "type": "Feature", "properties": { "balita": 20688.0, "u5mr": 17.58, "kabkota": "Tanjung Jabung Timur", "jenis": "Kabupaten", "provinsi": "JAMBI", "pulau": "Sumatera", "provinsi_geojson": "Jambi", "jenis_geo": "Kabupaten", "label": "Kab. Tanjung Jabung Timur", "kode_bps": "1506", "geo_key": "tanjung jabung timur", "name_geojson": "Kabupaten Tanjung Jabung Timur", "peringkat_nasional": 271, "peringkat_provinsi": 7, "kelas_jenks": 2, "kelas_kuantil": 3 }, "geometry": { "type": "MultiPolygon", "coordinates": [ [ [ [ 104.475, -1.6534 ], [ 104.4378, -1.5081 ], [ 104.4563, -1.3367 ], [ 104.392, -1.217 ], [ 104.4078, -1.1632 ], [ 104.3663, -1.0235 ], [ 104.2071, -1.0707 ], [ 104.0284, -1.0009 ], [ 103.9131, -0.9827 ], [ 103.8307, -1.0153 ], [ 103.6267, -0.9133 ], [ 103.5605, -0.9067 ], [ 103.5679, -0.9282 ], [ 103.566, -0.9416 ], [ 103.5551, -0.9633 ], [ 103.5491, -0.9781 ], [ 103.4693, -1.0284 ], [ 103.4455, -1.1277 ], [ 103.4478, -1.195 ], [ 103.3814, -1.2365 ], [ 103.3298, -1.2655 ], [ 103.3912, -1.2799 ], [ 103.417, -1.3283 ], [ 103.559, -1.3157 ], [ 103.5807, -1.3902 ], [ 103.6336, -1.3922 ], [ 103.6714, -1.3704 ], [ 104.0553, -1.3183 ], [ 104.0853, -1.3214 ], [ 104.2355, -1.5434 ], [ 104.2863, -1.5734 ], [ 104.3384, -1.6453 ], [ 104.3625, -1.6467 ], [ 104.3743, -1.6372 ], [ 104.4618, -1.6509 ], [ 104.475, -1.6534 ] ] ] ] } },
{ "type": "Feature", "properties": { "balita": 32829.0, "u5mr": 18.39, "kabkota": "Tebo", "jenis": "Kabupaten", "provinsi": "JAMBI", "pulau": "Sumatera", "provinsi_geojson": "Jambi", "jenis_geo": "Kabupaten", "label": "Kab. Tebo", "kode_bps": "1508", "geo_key": "tebo", "name_geojson": "Kabupaten Tebo", "peringkat_nasional": 239, "peringkat_provinsi": 4, "kelas_jenks": 2, "kelas_kuantil": 3 }, "geometry": { "type": "MultiPolygon", "coordinates": [ [ [ [ 101.9861, -0.8811 ], [ 101.9624, -0.9173 ], [ 101.9078, -0.9525 ], [ 101.8453, -0.9836 ], [ 101.8152, -1.0016 ], [ 101.8283, -1.0677 ], [ 101.8455, -1.1119 ], [ 101.8664, -1.112 ], [ 101.9229, -1.1293 ], [ 101.9623, -1.1535 ], [ 101.9442, -1.1736 ], [ 101.9197, -1.2501 ], [ 101.956, -1.341 ], [ 102.0037, -1.3525 ], [ 102.2106, -1.4761 ], [ 102.3077, -1.4666 ], [ 102.3144, -1.5689 ], [ 102.4769, -1.5712 ], [ 102.5131, -1.6494 ], [ 102.5303, -1.6526 ], [ 102.4582, -1.8853 ], [ 102.4583, -1.9 ], [ 102.497, -1.8521 ], [ 102.5903, -1.882 ], [ 102.6643, -1.8134 ], [ 102.6678, -1.7569 ], [ 102.7571, -1.668 ], [ 102.8046, -1.5796 ], [ 102.8229, -1.4427 ], [ 102.7948, -1.3964 ], [ 102.8021, -1.3756 ], [ 102.7463, -1.2614 ], [ 102.6971, -1.2386 ], [ 102.6457, -1.138 ], [ 102.6302, -1.1075 ], [ 102.5861, -1.0956 ], [ 102.5419, -1.0869 ], [ 102.48, -1.0891 ], [ 102.4407, -1.0309 ], [ 102.3235, -0.9619 ], [ 102.3038, -0.9186 ], [ 102.1903, -0.945 ], [ 102.0483, -0.9003 ], [ 101.9861, -0.8811 ] ] ] ] } },
{ "type": "Feature", "properties": { "balita": 51526.0, "u5mr": 13.48, "kabkota": "Kota Jambi", "jenis": "Kota", "provinsi": "JAMBI", "pulau": "Sumatera", "provinsi_geojson": "Jambi", "jenis_geo": "Kota", "label": "Kota Jambi", "kode_bps": "1571", "geo_key": "kota jambi", "name_geojson": "Kota Jambi", "peringkat_nasional": 438, "peringkat_provinsi": 11, "kelas_jenks": 1, "kelas_kuantil": 1 }, "geometry": { "type": "MultiPolygon", "coordinates": [ [ [ [ 103.6551, -1.6074 ], [ 103.5674, -1.5743 ], [ 103.5466, -1.5879 ], [ 103.5242, -1.6761 ], [ 103.6213, -1.6961 ], [ 103.6551, -1.6074 ] ] ] ] } },
{ "type": "Feature", "properties": { "balita": 8046.0, "u5mr": 17.76, "kabkota": "Kota Sungai Penuh", "jenis": "Kota", "provinsi": "JAMBI", "pulau": "Sumatera", "provinsi_geojson": "Jambi", "jenis_geo": "Kota", "label": "Kota Sungai Penuh", "kode_bps": "1572", "geo_key": "kota sungai penuh", "name_geojson": "Kota Sungai Penuh", "peringkat_nasional": 262, "peringkat_provinsi": 5, "kelas_jenks": 2, "kelas_kuantil": 3 }, "geometry": { "type": "MultiPolygon", "coordinates": [ [ [ [ 101.2716, -2.032 ], [ 101.2397, -2.0667 ], [ 101.2411, -2.0976 ], [ 101.2611, -2.1019 ], [ 101.2797, -2.251 ], [ 101.3922, -2.1806 ], [ 101.4092, -2.1189 ], [ 101.4294, -2.027 ], [ 101.2716, -2.032 ] ] ] ] } },
{ "type": "Feature", "properties": { "balita": 291231.0, "u5mr": 15.05, "kabkota": "Bandung", "jenis": "Kabupaten", "provinsi": "JAWA BARAT", "pulau": "Jawa", "provinsi_geojson": "Jawa Barat", "jenis_geo": "Kabupaten", "label": "Kab. Bandung", "kode_bps": "3204", "geo_key": "bandung", "name_geojson": "Kabupaten Bandung", "peringkat_nasional": 380, "peringkat_provinsi": 15, "kelas_jenks": 1, "kelas_kuantil": 2 }, "geometry": { "type": "MultiPolygon", "coordinates": [ [ [ [ 107.7272, -6.8327 ], [ 107.6607, -6.8321 ], [ 107.6701, -6.884 ], [ 107.7382, -6.8996 ], [ 107.6943, -6.9695 ], [ 107.5611, -6.949 ], [ 107.5223, -6.9356 ], [ 107.5049, -6.9818 ], [ 107.4865, -7.0 ], [ 107.4377, -7.046 ], [ 107.4221, -7.0752 ], [ 107.3547, -7.0982 ], [ 107.2759, -7.1806 ], [ 107.3785, -7.2396 ], [ 107.3953, -7.2449 ], [ 107.4422, -7.2426 ], [ 107.4926, -7.2587 ], [ 107.5204, -7.2569 ], [ 107.5822, -7.2767 ], [ 107.6078, -7.3093 ], [ 107.7377, -7.2641 ], [ 107.7367, -7.1734 ], [ 107.8072, -7.1429 ], [ 107.8493, -7.059 ], [ 107.9101, -7.0359 ], [ 107.9162, -6.9682 ], [ 107.7814, -6.9551 ], [ 107.7529, -6.9552 ], [ 107.7272, -6.8327 ] ] ] ] } },
{ "type": "Feature", "properties": { "balita": 155530.0, "u5mr": 15.3, "kabkota": "Bandung Barat", "jenis": "Kabupaten", "provinsi": "JAWA BARAT", "pulau": "Jawa", "provinsi_geojson": "Jawa Barat", "jenis_geo": "Kabupaten", "label": "Kab. Bandung Barat", "kode_bps": "3217", "geo_key": "bandung barat", "name_geojson": "Kabupaten Bandung Barat", "peringkat_nasional": 368, "peringkat_provinsi": 11, "kelas_jenks": 1, "kelas_kuantil": 2 }, "geometry": { "type": "MultiPolygon", "coordinates": [ [ [ [ 107.4251, -6.7 ], [ 107.3717, -6.6896 ], [ 107.3237, -6.7226 ], [ 107.2844, -6.7744 ], [ 107.3493, -6.8658 ], [ 107.1902, -6.9681 ], [ 107.1956, -7.0211 ], [ 107.2234, -7.0583 ], [ 107.3044, -7.0856 ], [ 107.3547, -7.0982 ], [ 107.4221, -7.0752 ], [ 107.4377, -7.046 ], [ 107.4865, -7.0 ], [ 107.5049, -6.9818 ], [ 107.5223, -6.9356 ], [ 107.5223, -6.8655 ], [ 107.5396, -6.832 ], [ 107.5632, -6.8561 ], [ 107.5618, -6.873 ], [ 107.6045, -6.8594 ], [ 107.6607, -6.8321 ], [ 107.7272, -6.8327 ], [ 107.7076, -6.7929 ], [ 107.6024, -6.7361 ], [ 107.571, -6.7361 ], [ 107.5126, -6.7544 ], [ 107.4251, -6.7 ] ] ] ] } },
{ "type": "Feature", "properties": { "balita": 260199.0, "u5mr": 13.23, "kabkota": "Bekasi", "jenis": "Kabupaten", "provinsi": "JAWA BARAT", "pulau": "Jawa", "provinsi_geojson": "Jawa Barat", "jenis_geo": "Kabupaten", "label": "Kab. Bekasi", "kode_bps": "3216", "geo_key": "bekasi", "name_geojson": "Kabupaten Bekasi", "peringkat_nasional": 442, "peringkat_provinsi": 22, "kelas_jenks": 1, "kelas_kuantil": 1 }, "geometry": { "type": "MultiPolygon", "coordinates": [ [ [ [ 107.0844, -5.9908 ], [ 107.0163, -5.9586 ], [ 106.9706, -6.0883 ], [ 107.0106, -6.1724 ], [ 107.0424, -6.2338 ], [ 107.0155, -6.2912 ], [ 107.0275, -6.2779 ], [ 107.0165, -6.3304 ], [ 107.0019, -6.3538 ], [ 106.9976, -6.3788 ], [ 107.0064, -6.378 ], [ 107.0514, -6.3944 ], [ 107.0512, -6.4172 ], [ 107.0554, -6.4357 ], [ 107.1822, -6.4678 ], [ 107.2365, -6.2967 ], [ 107.2966, -6.2029 ], [ 107.2812, -6.1276 ], [ 107.1303, -6.0615 ], [ 107.0844, -5.9908 ] ] ] ] } },
{ "type": "Feature", "properties": { "balita": 454091.0, "u5mr": 15.97, "kabkota": "Bogor", "jenis": "Kabupaten", "provinsi": "JAWA BARAT", "pulau": "Jawa", "provinsi_geojson": "Jawa Barat", "jenis_geo": "Kabupaten", "label": "Kab. Bogor", "kode_bps": "3201", "geo_key": "bogor", "name_geojson": "Kabupaten Bogor", "peringkat_nasional": 336, "peringkat_provinsi": 4, "kelas_jenks": 1, "kelas_kuantil": 2 }, "geometry": { "type": "MultiPolygon", "coordinates": [ [ [ [ 106.9809, -6.3151 ], [ 106.9439, -6.3581 ], [ 106.9218, -6.3889 ], [ 106.8919, -6.4273 ], [ 106.8554, -6.4556 ], [ 106.8242, -6.4619 ], [ 106.7876, -6.439 ], [ 106.7379, -6.4383 ], [ 106.7188, -6.3587 ], [ 106.5939, -6.3627 ], [ 106.4763, -6.3507 ], [ 106.4425, -6.3241 ], [ 106.4539, -6.414 ], [ 106.4547, -6.4269 ], [ 106.4013, -6.4529 ], [ 106.4119, -6.468 ], [ 106.422, -6.5499 ], [ 106.43, -6.58 ], [ 106.4507, -6.7267 ], [ 106.5471, -6.752 ], [ 106.589, -6.7437 ], [ 106.656, -6.7477 ], [ 106.7252, -6.7184 ], [ 106.7776, -6.7548 ], [ 106.8144, -6.7686 ], [ 106.918, -6.7875 ], [ 106.947, -6.7608 ], [ 106.9682, -6.7544 ], [ 106.9865, -6.7203 ], [ 107.0513, -6.6566 ], [ 107.1346, -6.6705 ], [ 107.1797, -6.6463 ], [ 107.2205, -6.5907 ], [ 107.1931, -6.5783 ], [ 107.1736, -6.4849 ], [ 107.0554, -6.4357 ], [ 107.0512, -6.4172 ], [ 107.0514, -6.3944 ], [ 107.0064, -6.378 ], [ 106.9976, -6.3788 ], [ 106.9798, -6.3641 ], [ 106.9818, -6.3578 ], [ 106.9758, -6.341 ], [ 106.9809, -6.3151 ] ], [ [ 106.7651, -6.5155 ], [ 106.7887, -6.5397 ], [ 106.8379, -6.5799 ], [ 106.8058, -6.6522 ], [ 106.7952, -6.6437 ], [ 106.7399, -6.5423 ], [ 106.7651, -6.5155 ] ] ] ] } },
{ "type": "Feature", "properties": { "balita": 94774.0, "u5mr": 15.03, "kabkota": "Ciamis", "jenis": "Kabupaten", "provinsi": "JAWA BARAT", "pulau": "Jawa", "provinsi_geojson": "Jawa Barat", "jenis_geo": "Kabupaten", "label": "Kab. Ciamis", "kode_bps": "3207", "geo_key": "ciamis", "name_geojson": "Kabupaten Ciamis", "peringkat_nasional": 382, "peringkat_provinsi": 16, "kelas_jenks": 1, "kelas_kuantil": 2 }, "geometry": { "type": "MultiPolygon", "coordinates": [ [ [ [ 108.4167, -7.0892 ], [ 108.3424, -7.07 ], [ 108.2096, -7.0534 ], [ 108.2196, -7.0879 ], [ 108.2033, -7.1521 ], [ 108.1986, -7.2828 ], [ 108.2495, -7.313 ], [ 108.2525, -7.3214 ], [ 108.278, -7.3345 ], [ 108.3235, -7.3394 ], [ 108.3424, -7.3559 ], [ 108.4149, -7.377 ], [ 108.4002, -7.3893 ], [ 108.4049, -7.4219 ], [ 108.4206, -7.4231 ], [ 108.4531, -7.5036 ], [ 108.4581, -7.5162 ], [ 108.5346, -7.5357 ], [ 108.6466, -7.5403 ], [ 108.6487, -7.4679 ], [ 108.7061, -7.4772 ], [ 108.7077, -7.4693 ], [ 108.7124, -7.4585 ], [ 108.6996, -7.4147 ], [ 108.6972, -7.4001 ], [ 108.6505, -7.3882 ], [ 108.5654, -7.4298 ], [ 108.5238, -7.3593 ], [ 108.5643, -7.3039 ], [ 108.556, -7.2878 ], [ 108.5853, -7.2185 ], [ 108.5811, -7.2062 ], [ 108.5259, -7.1811 ], [ 108.5113, -7.1319 ], [ 108.4167, -7.0892 ] ] ] ] } },
{ "type": "Feature", "properties": { "balita": 215039.0, "u5mr": 15.97, "kabkota": "Cianjur", "jenis": "Kabupaten", "provinsi": "JAWA BARAT", "pulau": "Jawa", "provinsi_geojson": "Jawa Barat", "jenis_geo": "Kabupaten", "label": "Kab. Cianjur", "kode_bps": "3203", "geo_key": "cianjur", "name_geojson": "Kabupaten Cianjur", "peringkat_nasional": 336, "peringkat_provinsi": 4, "kelas_jenks": 1, "kelas_kuantil": 2 }, "geometry": { "type": "MultiPolygon", "coordinates": [ [ [ [ 107.2684, -6.6446 ], [ 107.1797, -6.6463 ], [ 107.1346, -6.6705 ], [ 107.0513, -6.6566 ], [ 106.9865, -6.7203 ], [ 106.9682, -6.7544 ], [ 106.9929, -6.799 ], [ 107.0484, -6.9106 ], [ 107.0417, -6.9628 ], [ 107.0394, -7.0459 ], [ 106.9959, -7.0318 ], [ 106.9824, -7.0137 ], [ 106.9587, -7.0326 ], [ 106.9364, -7.1171 ], [ 106.9424, -7.1329 ], [ 106.9826, -7.2224 ], [ 106.9672, -7.3122 ], [ 106.8231, -7.3625 ], [ 106.7898, -7.4097 ], [ 106.8741, -7.4344 ], [ 107.0797, -7.4523 ], [ 107.2397, -7.4881 ], [ 107.3993, -7.4937 ], [ 107.4319, -7.4236 ], [ 107.4738, -7.4015 ], [ 107.4846, -7.3569 ], [ 107.4549, -7.2921 ], [ 107.4422, -7.2426 ], [ 107.3953, -7.2449 ], [ 107.3785, -7.2396 ], [ 107.2759, -7.1806 ], [ 107.3044, -7.0856 ], [ 107.2234, -7.0583 ], [ 107.1956, -7.0211 ], [ 107.1902, -6.9681 ], [ 107.3493, -6.8658 ], [ 107.2844, -6.7744 ], [ 107.2714, -6.7074 ], [ 107.2684, -6.6446 ] ] ] ] } },
{ "type": "Feature", "properties": { "balita": 200885.0, "u5mr": 15.8, "kabkota": "Cirebon", "jenis": "Kabupaten", "provinsi": "JAWA BARAT", "pulau": "Jawa", "provinsi_geojson": "Jawa Barat", "jenis_geo": "Kabupaten", "label": "Kab. Cirebon", "kode_bps": "3209", "geo_key": "cirebon", "name_geojson": "Kabupaten Cirebon", "peringkat_nasional": 343, "peringkat_provinsi": 7, "kelas_jenks": 1, "kelas_kuantil": 2 }, "geometry": { "type": "MultiPolygon", "coordinates": [ [ [ [ 108.548, -6.7013 ], [ 108.5391, -6.5164 ], [ 108.4753, -6.5583 ], [ 108.4433, -6.5647 ], [ 108.3609, -6.5548 ], [ 108.3286, -6.5984 ], [ 108.346, -6.625 ], [ 108.3366, -6.6715 ], [ 108.3702, -6.7332 ], [ 108.3588, -6.7507 ], [ 108.4559, -6.7991 ], [ 108.5247, -6.8576 ], [ 108.5365, -6.8684 ], [ 108.6658, -6.9172 ], [ 108.684, -6.9319 ], [ 108.7256, -6.9627 ], [ 108.7175, -6.9943 ], [ 108.742, -6.995 ], [ 108.7605, -6.988 ], [ 108.767, -6.9015 ], [ 108.8247, -6.8323 ], [ 108.685, -6.8005 ], [ 108.6534, -6.7467 ], [ 108.5911, -6.7433 ], [ 108.5604, -6.7559 ], [ 108.5296, -6.7792 ], [ 108.548, -6.7013 ] ] ] ] } },
{ "type": "Feature", "properties": { "balita": 247902.0, "u5mr": 15.85, "kabkota": "Garut", "jenis": "Kabupaten", "provinsi": "JAWA BARAT", "pulau": "Jawa", "provinsi_geojson": "Jawa Barat", "jenis_geo": "Kabupaten", "label": "Kab. Garut", "kode_bps": "3205", "geo_key": "garut", "name_geojson": "Kabupaten Garut", "peringkat_nasional": 339, "peringkat_provinsi": 6, "kelas_jenks": 1, "kelas_kuantil": 2 }, "geometry": { "type": "MultiPolygon", "coordinates": [ [ [ [ 107.9162, -6.9682 ], [ 107.9101, -7.0359 ], [ 107.8493, -7.059 ], [ 107.8072, -7.1429 ], [ 107.7367, -7.1734 ], [ 107.7377, -7.2641 ], [ 107.6078, -7.3093 ], [ 107.5822, -7.2767 ], [ 107.5204, -7.2569 ], [ 107.4926, -7.2587 ], [ 107.4549, -7.2921 ], [ 107.4848, -7.3525 ], [ 107.4744, -7.4004 ], [ 107.4338, -7.4204 ], [ 107.4203, -7.4626 ], [ 107.4233, -7.5052 ], [ 107.6007, -7.5711 ], [ 107.6904, -7.6682 ], [ 107.7899, -7.6811 ], [ 107.8433, -7.7353 ], [ 107.9069, -7.737 ], [ 107.9303, -7.6574 ], [ 107.9252, -7.618 ], [ 107.9352, -7.5573 ], [ 107.9433, -7.5039 ], [ 107.9534, -7.4603 ], [ 107.9404, -7.4076 ], [ 107.9045, -7.3627 ], [ 107.9895, -7.2452 ], [ 108.0634, -7.2202 ], [ 108.0786, -7.1709 ], [ 108.068, -7.1302 ], [ 108.1364, -7.0604 ], [ 108.0821, -6.9871 ], [ 108.0421, -6.9964 ], [ 107.9314, -6.9559 ], [ 107.9162, -6.9682 ] ] ] ] } },
{ "type": "Feature", "properties": { "balita": 150550.0, "u5mr": 16.13, "kabkota": "Indramayu", "jenis": "Kabupaten", "provinsi": "JAWA BARAT", "pulau": "Jawa", "provinsi_geojson": "Jawa Barat", "jenis_geo": "Kabupaten", "label": "Kab. Indramayu", "kode_bps": "3212", "geo_key": "indramayu", "name_geojson": "Kabupaten Indramayu", "peringkat_nasional": 332, "peringkat_provinsi": 3, "kelas_jenks": 1, "kelas_kuantil": 2 }, "geometry": { "type": "MultiPolygon", "coordinates": [ [ [ [ 108.4753, -6.5583 ], [ 108.5364, -6.4843 ], [ 108.453, -6.4353 ], [ 108.3852, -6.3577 ], [ 108.3579, -6.2502 ], [ 108.2407, -6.2497 ], [ 108.1298, -6.3352 ], [ 107.9118, -6.2698 ], [ 107.8973, -6.4247 ], [ 107.8948, -6.4599 ], [ 107.9095, -6.5376 ], [ 107.87, -6.5726 ], [ 107.9061, -6.5939 ], [ 107.9395, -6.6254 ], [ 108.0349, -6.6547 ], [ 108.0318, -6.6371 ], [ 108.0491, -6.6234 ], [ 108.1048, -6.5621 ], [ 108.1322, -6.555 ], [ 108.1279, -6.5658 ], [ 108.1485, -6.6063 ], [ 108.2237, -6.5733 ], [ 108.2808, -6.6206 ], [ 108.2938, -6.6085 ], [ 108.3154, -6.6078 ], [ 108.3286, -6.5984 ], [ 108.3609, -6.5548 ], [ 108.4433, -6.5647 ], [ 108.4753, -6.5583 ] ] ] ] } },
{ "type": "Feature", "properties": { "balita": 203167.0, "u5mr": 15.11, "kabkota": "Karawang", "jenis": "Kabupaten", "provinsi": "JAWA BARAT", "pulau": "Jawa", "provinsi_geojson": "Jawa Barat", "jenis_geo": "Kabupaten", "label": "Kab. Karawang", "kode_bps": "3215", "geo_key": "karawang", "name_geojson": "Kabupaten Karawang", "peringkat_nasional": 377, "peringkat_provinsi": 13, "kelas_jenks": 1, "kelas_kuantil": 2 }, "geometry": { "type": "MultiPolygon", "coordinates": [ [ [ [ 107.0844, -5.9908 ], [ 107.1303, -6.0615 ], [ 107.2812, -6.1276 ], [ 107.2966, -6.2029 ], [ 107.2365, -6.2967 ], [ 107.1822, -6.4678 ], [ 107.1931, -6.5783 ], [ 107.2205, -6.5907 ], [ 107.2891, -6.5017 ], [ 107.3487, -6.4798 ], [ 107.4783, -6.4319 ], [ 107.5378, -6.387 ], [ 107.5827, -6.3124 ], [ 107.5994, -6.253 ], [ 107.6021, -6.2388 ], [ 107.6204, -6.1875 ], [ 107.4733, -6.1486 ], [ 107.3427, -5.9702 ], [ 107.2664, -5.9607 ], [ 107.0844, -5.9908 ] ] ] ] } },
{ "type": "Feature", "properties": { "balita": 94103.0, "u5mr": 14.92, "kabkota": "Kuningan", "jenis": "Kabupaten", "provinsi": "JAWA BARAT", "pulau": "Jawa", "provinsi_geojson": "Jawa Barat", "jenis_geo": "Kabupaten", "label": "Kab. Kuningan", "kode_bps": "3208", "geo_key": "kuningan", "name_geojson": "Kabupaten Kuningan", "peringkat_nasional": 389, "peringkat_provinsi": 18, "kelas_jenks": 1, "kelas_kuantil": 2 }, "geometry": { "type": "MultiPolygon", "coordinates": [ [ [ [ 108.4559, -6.7991 ], [ 108.3948, -6.8049 ], [ 108.4076, -6.8925 ], [ 108.3857, -6.9527 ], [ 108.3931, -7.0571 ], [ 108.4167, -7.0892 ], [ 108.5113, -7.1319 ], [ 108.5259, -7.1811 ], [ 108.6351, -7.1387 ], [ 108.726, -7.1152 ], [ 108.7763, -7.0388 ], [ 108.7605, -6.988 ], [ 108.742, -6.995 ], [ 108.7175, -6.9943 ], [ 108.7256, -6.9627 ], [ 108.684, -6.9319 ], [ 108.6658, -6.9172 ], [ 108.5365, -6.8684 ], [ 108.5247, -6.8576 ], [ 108.4559, -6.7991 ] ] ] ] } },
{ "type": "Feature", "properties": { "balita": 104667.0, "u5mr": 15.56, "kabkota": "Majalengka", "jenis": "Kabupaten", "provinsi": "JAWA BARAT", "pulau": "Jawa", "provinsi_geojson": "Jawa Barat", "jenis_geo": "Kabupaten", "label": "Kab. Majalengka", "kode_bps": "3210", "geo_key": "majalengka", "name_geojson": "Kabupaten Majalengka", "peringkat_nasional": 350, "peringkat_provinsi": 8, "kelas_jenks": 1, "kelas_kuantil": 2 }, "geometry": { "type": "MultiPolygon", "coordinates": [ [ [ [ 108.1048, -6.5621 ], [ 108.0491, -6.6234 ], [ 108.0919, -6.6726 ], [ 108.1623, -6.7242 ], [ 108.1595, -6.8257 ], [ 108.22, -6.9274 ], [ 108.165, -6.9985 ], [ 108.1562, -7.0669 ], [ 108.2096, -7.0534 ], [ 108.3424, -7.07 ], [ 108.3931, -7.0571 ], [ 108.3857, -6.9527 ], [ 108.4076, -6.8925 ], [ 108.3922, -6.789 ], [ 108.3588, -6.7507 ], [ 108.3702, -6.7332 ], [ 108.3366, -6.6715 ], [ 108.346, -6.625 ], [ 108.3154, -6.6078 ], [ 108.2938, -6.6085 ], [ 108.2808, -6.6206 ], [ 108.2237, -6.5733 ], [ 108.1485, -6.6063 ], [ 108.1279, -6.5658 ], [ 108.1322, -6.555 ], [ 108.1048, -6.5621 ] ] ] ] } },
{ "type": "Feature", "properties": { "balita": 32741.0, "u5mr": 15.35, "kabkota": "Pangandaran", "jenis": "Kabupaten", "provinsi": "JAWA BARAT", "pulau": "Jawa", "provinsi_geojson": "Jawa Barat", "jenis_geo": "Kabupaten", "label": "Kab. Pangandaran", "kode_bps": "3218", "geo_key": "pangandaran", "name_geojson": "Kabupaten Pangandaran", "peringkat_nasional": 364, "peringkat_provinsi": 10, "kelas_jenks": 1, "kelas_kuantil": 2 }, "geometry": { "type": "MultiPolygon", "coordinates": [ [ [ [ 108.6487, -7.4679 ], [ 108.6466, -7.5403 ], [ 108.553, -7.5743 ], [ 108.5346, -7.5357 ], [ 108.4581, -7.5162 ], [ 108.4531, -7.5036 ], [ 108.4105, -7.4979 ], [ 108.3999, -7.4794 ], [ 108.352, -7.498 ], [ 108.3397, -7.4948 ], [ 108.3332, -7.5486 ], [ 108.3589, -7.6081 ], [ 108.3674, -7.6087 ], [ 108.3575, -7.6223 ], [ 108.3544, -7.6723 ], [ 108.3404, -7.6817 ], [ 108.3243, -7.7147 ], [ 108.3129, -7.7246 ], [ 108.3435, -7.8031 ], [ 108.4458, -7.8201 ], [ 108.4957, -7.7945 ], [ 108.5391, -7.6913 ], [ 108.7878, -7.6693 ], [ 108.7411, -7.6134 ], [ 108.7352, -7.5045 ], [ 108.7077, -7.4693 ], [ 108.7061, -7.4772 ], [ 108.6487, -7.4679 ] ] ] ] } },
{ "type": "Feature", "properties": { "balita": 92135.0, "u5mr": 15.16, "kabkota": "Purwakarta", "jenis": "Kabupaten", "provinsi": "JAWA BARAT", "pulau": "Jawa", "provinsi_geojson": "Jawa Barat", "jenis_geo": "Kabupaten", "label": "Kab. Purwakarta", "kode_bps": "3214", "geo_key": "purwakarta", "name_geojson": "Kabupaten Purwakarta", "peringkat_nasional": 374, "peringkat_provinsi": 12, "kelas_jenks": 1, "kelas_kuantil": 2 }, "geometry": { "type": "MultiPolygon", "coordinates": [ [ [ [ 107.4783, -6.4319 ], [ 107.3487, -6.4798 ], [ 107.2891, -6.5017 ], [ 107.2205, -6.5907 ], [ 107.2684, -6.6446 ], [ 107.2714, -6.7074 ], [ 107.3237, -6.7226 ], [ 107.3717, -6.6896 ], [ 107.4251, -6.7 ], [ 107.5126, -6.7544 ], [ 107.571, -6.7361 ], [ 107.5841, -6.6895 ], [ 107.5842, -6.5847 ], [ 107.5453, -6.4702 ], [ 107.4783, -6.4319 ] ] ] ] } },
{ "type": "Feature", "properties": { "balita": 130167.0, "u5mr": 15.1, "kabkota": "Subang", "jenis": "Kabupaten", "provinsi": "JAWA BARAT", "pulau": "Jawa", "provinsi_geojson": "Jawa Barat", "jenis_geo": "Kabupaten", "label": "Kab. Subang", "kode_bps": "3213", "geo_key": "subang", "name_geojson": "Kabupaten Subang", "peringkat_nasional": 378, "peringkat_provinsi": 14, "kelas_jenks": 1, "kelas_kuantil": 2 }, "geometry": { "type": "MultiPolygon", "coordinates": [ [ [ [ 107.9118, -6.2698 ], [ 107.8481, -6.1929 ], [ 107.7212, -6.2375 ], [ 107.6021, -6.2388 ], [ 107.5994, -6.253 ], [ 107.5827, -6.3124 ], [ 107.5378, -6.387 ], [ 107.5453, -6.4702 ], [ 107.5842, -6.5847 ], [ 107.5841, -6.6895 ], [ 107.6024, -6.7361 ], [ 107.7076, -6.7929 ], [ 107.8019, -6.8109 ], [ 107.8367, -6.7767 ], [ 107.8276, -6.688 ], [ 107.851, -6.6545 ], [ 107.856, -6.6266 ], [ 107.8509, -6.5726 ], [ 107.87, -6.5726 ], [ 107.9095, -6.5376 ], [ 107.8948, -6.4599 ], [ 107.8973, -6.4247 ], [ 107.9118, -6.2698 ] ] ] ] } },
{ "type": "Feature", "properties": { "balita": 225182.0, "u5mr": 16.33, "kabkota": "Sukabumi", "jenis": "Kabupaten", "provinsi": "JAWA BARAT", "pulau": "Jawa", "provinsi_geojson": "Jawa Barat", "jenis_geo": "Kabupaten", "label": "Kab. Sukabumi", "kode_bps": "3202", "geo_key": "sukabumi", "name_geojson": "Kabupaten Sukabumi", "peringkat_nasional": 321, "peringkat_provinsi": 1, "kelas_jenks": 1, "kelas_kuantil": 2 }, "geometry": { "type": "MultiPolygon", "coordinates": [ [ [ [ 106.7252, -6.7184 ], [ 106.656, -6.7477 ], [ 106.589, -6.7437 ], [ 106.5471, -6.752 ], [ 106.4976, -6.7912 ], [ 106.4361, -6.8198 ], [ 106.3897, -6.9422 ], [ 106.543, -6.9852 ], [ 106.5453, -7.0547 ], [ 106.4009, -7.1864 ], [ 106.3726, -7.308 ], [ 106.4141, -7.3629 ], [ 106.5237, -7.4079 ], [ 106.7926, -7.4372 ], [ 106.7898, -7.4097 ], [ 106.8231, -7.3625 ], [ 106.9672, -7.3122 ], [ 106.9826, -7.2224 ], [ 106.9424, -7.1329 ], [ 106.9366, -7.1091 ], [ 106.9584, -7.0333 ], [ 106.9749, -7.0167 ], [ 106.9845, -7.0144 ], [ 106.9959, -7.0318 ], [ 107.0394, -7.0459 ], [ 107.0417, -6.9628 ], [ 107.0484, -6.9106 ], [ 106.9929, -6.799 ], [ 106.959, -6.7618 ], [ 106.9356, -6.7675 ], [ 106.9205, -6.7867 ], [ 106.8999, -6.7882 ], [ 106.8144, -6.7686 ], [ 106.7776, -6.7548 ], [ 106.7252, -6.7184 ] ], [ [ 106.9181, -6.9029 ], [ 106.9557, -6.9584 ], [ 106.9118, -6.9782 ], [ 106.901, -6.9139 ], [ 106.9181, -6.9029 ] ] ] ] } },
{ "type": "Feature", "properties": { "balita": 86552.0, "u5mr": 13.7, "kabkota": "Sumedang", "jenis": "Kabupaten", "provinsi": "JAWA BARAT", "pulau": "Jawa", "provinsi_geojson": "Jawa Barat", "jenis_geo": "Kabupaten", "label": "Kab. Sumedang", "kode_bps": "3211", "geo_key": "sumedang", "name_geojson": "Kabupaten Sumedang", "peringkat_nasional": 431, "peringkat_provinsi": 21, "kelas_jenks": 1, "kelas_kuantil": 1 }, "geometry": { "type": "MultiPolygon", "coordinates": [ [ [ [ 107.9061, -6.5939 ], [ 107.8566, -6.5792 ], [ 107.8476, -6.5864 ], [ 107.8557, -6.6015 ], [ 107.851, -6.6548 ], [ 107.8276, -6.688 ], [ 107.8367, -6.7767 ], [ 107.8019, -6.8109 ], [ 107.75, -6.8128 ], [ 107.7529, -6.9552 ], [ 107.7814, -6.9551 ], [ 107.9314, -6.9559 ], [ 108.0421, -6.9964 ], [ 108.0821, -6.9871 ], [ 108.165, -6.9985 ], [ 108.22, -6.9274 ], [ 108.1595, -6.8257 ], [ 108.1623, -6.7242 ], [ 108.0919, -6.6726 ], [ 108.0318, -6.6371 ], [ 108.0349, -6.6547 ], [ 107.9395, -6.6254 ], [ 107.9061, -6.5939 ] ] ] ] } },
{ "type": "Feature", "properties": { "balita": 150491.0, "u5mr": 16.19, "kabkota": "Tasikmalaya", "jenis": "Kabupaten", "provinsi": "JAWA BARAT", "pulau": "Jawa", "provinsi_geojson": "Jawa Barat", "jenis_geo": "Kabupaten", "label": "Kab. Tasikmalaya", "kode_bps": "3206", "geo_key": "tasikmalaya", "name_geojson": "Kabupaten Tasikmalaya", "peringkat_nasional": 327, "peringkat_provinsi": 2, "kelas_jenks": 1, "kelas_kuantil": 2 }, "geometry": { "type": "MultiPolygon", "coordinates": [ [ [ [ 108.2639, -7.3763 ], [ 108.2646, -7.3763 ], [ 108.2627, -7.3758 ], [ 108.2639, -7.3763 ] ] ], [ [ [ 108.1364, -7.0604 ], [ 108.068, -7.1302 ], [ 108.0786, -7.1709 ], [ 108.0649, -7.2186 ], [ 107.9895, -7.2452 ], [ 107.9045, -7.3627 ], [ 107.9404, -7.4076 ], [ 107.9534, -7.4603 ], [ 107.9433, -7.5039 ], [ 107.9352, -7.5573 ], [ 107.9252, -7.618 ], [ 107.9303, -7.6574 ], [ 107.9101, -7.7311 ], [ 108.1451, -7.7859 ], [ 108.3435, -7.8031 ], [ 108.3129, -7.7246 ], [ 108.3243, -7.7147 ], [ 108.3404, -7.6817 ], [ 108.3544, -7.6723 ], [ 108.3575, -7.6223 ], [ 108.3674, -7.6087 ], [ 108.3589, -7.6081 ], [ 108.3332, -7.5486 ], [ 108.3397, -7.4948 ], [ 108.352, -7.498 ], [ 108.3999, -7.4794 ], [ 108.4105, -7.4979 ], [ 108.4206, -7.4231 ], [ 108.4049, -7.4219 ], [ 108.4002, -7.3893 ], [ 108.4149, -7.377 ], [ 108.3424, -7.3559 ], [ 108.3235, -7.3394 ], [ 108.2844, -7.3637 ], [ 108.2686, -7.4254 ], [ 108.1875, -7.4465 ], [ 108.1838, -7.4412 ], [ 108.1613, -7.3215 ], [ 108.1764, -7.2884 ], [ 108.2033, -7.1521 ], [ 108.2196, -7.0879 ], [ 108.1562, -7.0669 ], [ 108.1364, -7.0604 ] ] ] ] } },
{ "type": "Feature", "properties": { "balita": 176368.0, "u5mr": 11.44, "kabkota": "Kota Bandung", "jenis": "Kota", "provinsi": "JAWA BARAT", "pulau": "Jawa", "provinsi_geojson": "Jawa Barat", "jenis_geo": "Kota", "label": "Kota Bandung", "kode_bps": "3273", "geo_key": "kota bandung", "name_geojson": "Kota Bandung", "peringkat_nasional": 497, "peringkat_provinsi": 26, "kelas_jenks": 1, "kelas_kuantil": 1 }, "geometry": { "type": "MultiPolygon", "coordinates": [ [ [ [ 107.6045, -6.8594 ], [ 107.5762, -6.891 ], [ 107.569, -6.9104 ], [ 107.5455, -6.9268 ], [ 107.5611, -6.949 ], [ 107.6943, -6.9695 ], [ 107.7382, -6.8996 ], [ 107.6701, -6.884 ], [ 107.6045, -6.8594 ] ] ] ] } },
{ "type": "Feature", "properties": { "balita": 16992.0, "u5mr": 15.45, "kabkota": "Kota Banjar", "jenis": "Kota", "provinsi": "JAWA BARAT", "pulau": "Jawa", "provinsi_geojson": "Jawa Barat", "jenis_geo": "Kota", "label": "Kota Banjar", "kode_bps": "3279", "geo_key": "kota banjar", "name_geojson": "Kota Banjar", "peringkat_nasional": 356, "peringkat_provinsi": 9, "kelas_jenks": 1, "kelas_kuantil": 2 }, "geometry": { "type": "MultiPolygon", "coordinates": [ [ [ [ 108.5834, -7.3498 ], [ 108.5238, -7.3593 ], [ 108.5654, -7.4298 ], [ 108.6505, -7.3882 ], [ 108.648, -7.337 ], [ 108.6454, -7.3457 ], [ 108.5834, -7.3498 ] ] ] ] } },
{ "type": "Feature", "properties": { "balita": 195964.0, "u5mr": 11.27, "kabkota": "Kota Bekasi", "jenis": "Kota", "provinsi": "JAWA BARAT", "pulau": "Jawa", "provinsi_geojson": "Jawa Barat", "jenis_geo": "Kota", "label": "Kota Bekasi", "kode_bps": "3275", "geo_key": "kota bekasi", "name_geojson": "Kota Bekasi", "peringkat_nasional": 501, "peringkat_provinsi": 27, "kelas_jenks": 1, "kelas_kuantil": 1 }, "geometry": { "type": "MultiPolygon", "coordinates": [ [ [ [ 107.0106, -6.1724 ], [ 106.944, -6.2524 ], [ 106.9043, -6.2621 ], [ 106.9218, -6.3889 ], [ 106.9439, -6.3581 ], [ 106.9809, -6.3151 ], [ 106.9758, -6.341 ], [ 106.9818, -6.3578 ], [ 106.9798, -6.3641 ], [ 107.0019, -6.3538 ], [ 107.0165, -6.3304 ], [ 107.0275, -6.2779 ], [ 107.0155, -6.2912 ], [ 107.0424, -6.2338 ], [ 107.0106, -6.1724 ] ] ] ] } },
{ "type": "Feature", "properties": { "balita": 76820.0, "u5mr": 12.76, "kabkota": "Kota Bogor", "jenis": "Kota", "provinsi": "JAWA BARAT", "pulau": "Jawa", "provinsi_geojson": "Jawa Barat", "jenis_geo": "Kota", "label": "Kota Bogor", "kode_bps": "3271", "geo_key": "kota bogor", "name_geojson": "Kota Bogor", "peringkat_nasional": 461, "peringkat_provinsi": 23, "kelas_jenks": 1, "kelas_kuantil": 1 }, "geometry": { "type": "MultiPolygon", "coordinates": [ [ [ [ 106.7651, -6.5155 ], [ 106.7399, -6.5423 ], [ 106.7952, -6.6437 ], [ 106.8058, -6.6522 ], [ 106.8379, -6.5799 ], [ 106.7887, -6.5397 ], [ 106.7651, -6.5155 ] ] ] ] } },
{ "type": "Feature", "properties": { "balita": 46792.0, "u5mr": 12.62, "kabkota": "Kota Cimahi", "jenis": "Kota", "provinsi": "JAWA BARAT", "pulau": "Jawa", "provinsi_geojson": "Jawa Barat", "jenis_geo": "Kota", "label": "Kota Cimahi", "kode_bps": "3277", "geo_key": "kota cimahi", "name_geojson": "Kota Cimahi", "peringkat_nasional": 465, "peringkat_provinsi": 24, "kelas_jenks": 1, "kelas_kuantil": 1 }, "geometry": { "type": "MultiPolygon", "coordinates": [ [ [ [ 107.5396, -6.832 ], [ 107.5223, -6.8655 ], [ 107.5455, -6.9268 ], [ 107.569, -6.9104 ], [ 107.5762, -6.891 ], [ 107.5618, -6.873 ], [ 107.5632, -6.8561 ], [ 107.5396, -6.832 ] ] ] ] } },
{ "type": "Feature", "properties": { "balita": 25999.0, "u5mr": 14.5, "kabkota": "Kota Cirebon", "jenis": "Kota", "provinsi": "JAWA BARAT", "pulau": "Jawa", "provinsi_geojson": "Jawa Barat", "jenis_geo": "Kota", "label": "Kota Cirebon", "kode_bps": "3274", "geo_key": "kota cirebon", "name_geojson": "Kota Cirebon", "peringkat_nasional": 403, "peringkat_provinsi": 19, "kelas_jenks": 1, "kelas_kuantil": 2 }, "geometry": { "type": "MultiPolygon", "coordinates": [ [ [ [ 108.548, -6.7013 ], [ 108.5296, -6.7792 ], [ 108.5604, -6.7559 ], [ 108.5911, -6.7433 ], [ 108.548, -6.7013 ] ] ] ] } },
{ "type": "Feature", "properties": { "balita": 164151.0, "u5mr": 11.95, "kabkota": "Kota Depok", "jenis": "Kota", "provinsi": "JAWA BARAT", "pulau": "Jawa", "provinsi_geojson": "Jawa Barat", "jenis_geo": "Kota", "label": "Kota Depok", "kode_bps": "3276", "geo_key": "kota depok", "name_geojson": "Kota Depok", "peringkat_nasional": 481, "peringkat_provinsi": 25, "kelas_jenks": 1, "kelas_kuantil": 1 }, "geometry": { "type": "MultiPolygon", "coordinates": [ [ [ [ 106.7924, -6.3484 ], [ 106.7699, -6.3612 ], [ 106.7876, -6.439 ], [ 106.8242, -6.4619 ], [ 106.8554, -6.4556 ], [ 106.8919, -6.4273 ], [ 106.906, -6.3597 ], [ 106.8716, -6.3531 ], [ 106.8623, -6.3572 ], [ 106.8363, -6.3551 ], [ 106.7924, -6.3484 ] ] ] ] } },
{ "type": "Feature", "properties": { "balita": 29551.0, "u5mr": 14.94, "kabkota": "Kota Sukabumi", "jenis": "Kota", "provinsi": "JAWA BARAT", "pulau": "Jawa", "provinsi_geojson": "Jawa Barat", "jenis_geo": "Kota", "label": "Kota Sukabumi", "kode_bps": "3272", "geo_key": "kota sukabumi", "name_geojson": "Kota Sukabumi", "peringkat_nasional": 387, "peringkat_provinsi": 17, "kelas_jenks": 1, "kelas_kuantil": 2 }, "geometry": { "type": "MultiPolygon", "coordinates": [ [ [ [ 106.901, -6.9139 ], [ 106.9118, -6.9782 ], [ 106.9557, -6.9584 ], [ 106.9181, -6.9029 ], [ 106.901, -6.9139 ] ] ] ] } },
{ "type": "Feature", "properties": { "balita": 61410.0, "u5mr": 13.78, "kabkota": "Kota Tasikmalaya", "jenis": "Kota", "provinsi": "JAWA BARAT", "pulau": "Jawa", "provinsi_geojson": "Jawa Barat", "jenis_geo": "Kota", "label": "Kota Tasikmalaya", "kode_bps": "3278", "geo_key": "kota tasikmalaya", "name_geojson": "Kota Tasikmalaya", "peringkat_nasional": 424, "peringkat_provinsi": 20, "kelas_jenks": 1, "kelas_kuantil": 1 }, "geometry": { "type": "MultiPolygon", "coordinates": [ [ [ [ 108.2495, -7.313 ], [ 108.1764, -7.2884 ], [ 108.1613, -7.3215 ], [ 108.1838, -7.4412 ], [ 108.1875, -7.4465 ], [ 108.2686, -7.4254 ], [ 108.2844, -7.3637 ], [ 108.278, -7.3345 ], [ 108.2525, -7.3214 ], [ 108.2495, -7.313 ] ], [ [ 108.2646, -7.3763 ], [ 108.2639, -7.3763 ], [ 108.2627, -7.3758 ], [ 108.2646, -7.3763 ] ] ] ] } },
{ "type": "Feature", "properties": { "balita": 84082.0, "u5mr": 13.72, "kabkota": "Banjarnegara", "jenis": "Kabupaten", "provinsi": "JAWA TENGAH", "pulau": "Jawa", "provinsi_geojson": "Jawa Tengah", "jenis_geo": "Kabupaten", "label": "Kab. Banjarnegara", "kode_bps": "3304", "geo_key": "banjarnegara", "name_geojson": "Kabupaten Banjarnegara", "peringkat_nasional": 429, "peringkat_provinsi": 15, "kelas_jenks": 1, "kelas_kuantil": 1 }, "geometry": { "type": "MultiPolygon", "coordinates": [ [ [ [ 109.7528, -7.1795 ], [ 109.6349, -7.1776 ], [ 109.5782, -7.222 ], [ 109.5522, -7.2314 ], [ 109.5386, -7.2444 ], [ 109.5694, -7.2647 ], [ 109.5673, -7.3007 ], [ 109.5185, -7.3428 ], [ 109.5017, -7.4113 ], [ 109.4182, -7.4791 ], [ 109.4024, -7.4758 ], [ 109.3807, -7.4828 ], [ 109.404, -7.5409 ], [ 109.4818, -7.5179 ], [ 109.6844, -7.5035 ], [ 109.7878, -7.448 ], [ 109.8328, -7.4465 ], [ 109.7929, -7.4122 ], [ 109.7512, -7.3887 ], [ 109.9066, -7.2216 ], [ 109.8868, -7.1786 ], [ 109.833, -7.1895 ], [ 109.7528, -7.1795 ] ] ] ] } },
{ "type": "Feature", "properties": { "balita": 138741.0, "u5mr": 13.92, "kabkota": "Banyumas", "jenis": "Kabupaten", "provinsi": "JAWA TENGAH", "pulau": "Jawa", "provinsi_geojson": "Jawa Tengah", "jenis_geo": "Kabupaten", "label": "Kab. Banyumas", "kode_bps": "3302", "geo_key": "banyumas", "name_geojson": "Kabupaten Banyumas", "peringkat_nasional": 417, "peringkat_provinsi": 10, "kelas_jenks": 1, "kelas_kuantil": 1 }, "geometry": { "type": "MultiPolygon", "coordinates": [ [ [ [ 109.2549, -7.2806 ], [ 109.1651, -7.2712 ], [ 109.0281, -7.3262 ], [ 109.011, -7.3287 ], [ 109.0052, -7.3351 ], [ 108.9683, -7.3496 ], [ 108.8894, -7.4501 ], [ 108.9174, -7.462 ], [ 109.0663, -7.573 ], [ 109.1806, -7.5492 ], [ 109.2521, -7.59 ], [ 109.3432, -7.6417 ], [ 109.3576, -7.6525 ], [ 109.415, -7.6485 ], [ 109.4154, -7.5697 ], [ 109.404, -7.5409 ], [ 109.3374, -7.4935 ], [ 109.3266, -7.4625 ], [ 109.3335, -7.4301 ], [ 109.2549, -7.2806 ] ] ] ] } },
{ "type": "Feature", "properties": { "balita": 67109.0, "u5mr": 12.33, "kabkota": "Batang", "jenis": "Kabupaten", "provinsi": "JAWA TENGAH", "pulau": "Jawa", "provinsi_geojson": "Jawa Tengah", "jenis_geo": "Kabupaten", "label": "Kab. Batang", "kode_bps": "3325", "geo_key": "batang", "name_geojson": "Kabupaten Batang", "peringkat_nasional": 470, "peringkat_provinsi": 24, "kelas_jenks": 1, "kelas_kuantil": 1 }, "geometry": { "type": "MultiPolygon", "coordinates": [ [ [ [ 109.7032, -6.8681 ], [ 109.697, -6.9262 ], [ 109.7029, -6.965 ], [ 109.7214, -6.9862 ], [ 109.7542, -7.0905 ], [ 109.7789, -7.1559 ], [ 109.833, -7.1895 ], [ 109.8868, -7.1786 ], [ 109.9633, -7.0946 ], [ 109.9774, -7.0818 ], [ 110.0132, -7.0186 ], [ 110.051, -6.98 ], [ 110.0263, -6.9118 ], [ 109.8756, -6.9162 ], [ 109.7032, -6.8681 ] ] ] ] } },
{ "type": "Feature", "properties": { "balita": 64161.0, "u5mr": 15.15, "kabkota": "Blora", "jenis": "Kabupaten", "provinsi": "JAWA TENGAH", "pulau": "Jawa", "provinsi_geojson": "Jawa Tengah", "jenis_geo": "Kabupaten", "label": "Kab. Blora", "kode_bps": "3316", "geo_key": "blora", "name_geojson": "Kabupaten Blora", "peringkat_nasional": 375, "peringkat_provinsi": 5, "kelas_jenks": 1, "kelas_kuantil": 2 }, "geometry": { "type": "MultiPolygon", "coordinates": [ [ [ [ 111.2219, -6.8691 ], [ 111.1438, -6.8995 ], [ 111.1118, -6.9788 ], [ 111.218, -7.0303 ], [ 111.2492, -7.1771 ], [ 111.2432, -7.2387 ], [ 111.2439, -7.2853 ], [ 111.3445, -7.319 ], [ 111.3607, -7.3301 ], [ 111.4625, -7.3781 ], [ 111.4627, -7.3455 ], [ 111.4576, -7.3216 ], [ 111.4419, -7.2896 ], [ 111.4514, -7.2741 ], [ 111.4616, -7.2624 ], [ 111.4773, -7.2519 ], [ 111.4878, -7.2429 ], [ 111.5367, -7.2159 ], [ 111.5872, -7.1856 ], [ 111.5987, -7.1453 ], [ 111.606, -7.1279 ], [ 111.6299, -7.0595 ], [ 111.6132, -7.0067 ], [ 111.6228, -6.9801 ], [ 111.5673, -6.9523 ], [ 111.5438, -6.909 ], [ 111.2952, -6.8682 ], [ 111.2431, -6.8629 ], [ 111.2219, -6.8691 ] ] ] ] } },
{ "type": "Feature", "properties": { "balita": 82726.0, "u5mr": 11.66, "kabkota": "Boyolali", "jenis": "Kabupaten", "provinsi": "JAWA TENGAH", "pulau": "Jawa", "provinsi_geojson": "Jawa Tengah", "jenis_geo": "Kabupaten", "label": "Kab. Boyolali", "kode_bps": "3309", "geo_key": "boyolali", "name_geojson": "Kabupaten Boyolali", "peringkat_nasional": 489, "peringkat_provinsi": 30, "kelas_jenks": 1, "kelas_kuantil": 1 }, "geometry": { "type": "MultiPolygon", "coordinates": [ [ [ [ 110.7438, -7.1643 ], [ 110.718, -7.1721 ], [ 110.6441, -7.219 ], [ 110.6371, -7.2636 ], [ 110.5999, -7.2918 ], [ 110.6434, -7.3251 ], [ 110.6385, -7.4058 ], [ 110.583, -7.4476 ], [ 110.5826, -7.4398 ], [ 110.5756, -7.4255 ], [ 110.5653, -7.4271 ], [ 110.5388, -7.4341 ], [ 110.5163, -7.4159 ], [ 110.4808, -7.4025 ], [ 110.4644, -7.4089 ], [ 110.4166, -7.4953 ], [ 110.418, -7.519 ], [ 110.4654, -7.545 ], [ 110.4906, -7.582 ], [ 110.5142, -7.6088 ], [ 110.5439, -7.6255 ], [ 110.6002, -7.5691 ], [ 110.6906, -7.5872 ], [ 110.7265, -7.5537 ], [ 110.7113, -7.5487 ], [ 110.7092, -7.5323 ], [ 110.8154, -7.5227 ], [ 110.7713, -7.4421 ], [ 110.7822, -7.4328 ], [ 110.7727, -7.3923 ], [ 110.8032, -7.3275 ], [ 110.8388, -7.2626 ], [ 110.8437, -7.2164 ], [ 110.8492, -7.2015 ], [ 110.8019, -7.2347 ], [ 110.7438, -7.1643 ] ] ] ] } },
{ "type": "Feature", "properties": { "balita": 166141.0, "u5mr": 16.61, "kabkota": "Brebes", "jenis": "Kabupaten", "provinsi": "JAWA TENGAH", "pulau": "Jawa", "provinsi_geojson": "Jawa Tengah", "jenis_geo": "Kabupaten", "label": "Kab. Brebes", "kode_bps": "3329", "geo_key": "brebes", "name_geojson": "Kabupaten Brebes", "peringkat_nasional": 307, "peringkat_provinsi": 1, "kelas_jenks": 1, "kelas_kuantil": 3 }, "geometry": { "type": "MultiPolygon", "coordinates": [ [ [ [ 109.0823, -6.9273 ], [ 109.0746, -6.9132 ], [ 109.0757, -6.8753 ], [ 109.1021, -6.8402 ], [ 109.0242, -6.7952 ], [ 108.9294, -6.8259 ], [ 108.8247, -6.8323 ], [ 108.767, -6.9015 ], [ 108.7763, -7.0388 ], [ 108.726, -7.1152 ], [ 108.7241, -7.1952 ], [ 108.8152, -7.2032 ], [ 108.9552, -7.3362 ], [ 109.0052, -7.3351 ], [ 109.011, -7.3287 ], [ 109.0281, -7.3262 ], [ 109.1651, -7.2712 ], [ 109.1746, -7.2315 ], [ 109.0576, -7.1916 ], [ 109.0725, -7.128 ], [ 109.0582, -7.1243 ], [ 108.9659, -7.1509 ], [ 108.9676, -7.1265 ], [ 108.9877, -7.0606 ], [ 109.0823, -6.9273 ] ] ] ] } },
{ "type": "Feature", "properties": { "balita": 158040.0, "u5mr": 13.64, "kabkota": "Cilacap", "jenis": "Kabupaten", "provinsi": "JAWA TENGAH", "pulau": "Jawa", "provinsi_geojson": "Jawa Tengah", "jenis_geo": "Kabupaten", "label": "Kab. Cilacap", "kode_bps": "3301", "geo_key": "cilacap", "name_geojson": "Kabupaten Cilacap", "peringkat_nasional": 433, "peringkat_provinsi": 17, "kelas_jenks": 1, "kelas_kuantil": 1 }, "geometry": { "type": "MultiPolygon", "coordinates": [ [ [ [ 108.7964, -7.6802 ], [ 108.7852, -7.7358 ], [ 108.9752, -7.7633 ], [ 108.9632, -7.7184 ], [ 108.7964, -7.6802 ] ] ], [ [ [ 108.6351, -7.1387 ], [ 108.5811, -7.2062 ], [ 108.5853, -7.2185 ], [ 108.556, -7.2878 ], [ 108.5643, -7.3039 ], [ 108.5834, -7.3498 ], [ 108.6454, -7.3457 ], [ 108.648, -7.337 ], [ 108.6972, -7.4001 ], [ 108.6996, -7.4147 ], [ 108.7124, -7.4585 ], [ 108.7352, -7.5045 ], [ 108.7411, -7.6134 ], [ 108.7878, -7.6693 ], [ 108.9673, -7.7124 ], [ 109.1072, -7.6826 ], [ 109.3859, -7.7149 ], [ 109.3788, -7.6868 ], [ 109.3576, -7.6525 ], [ 109.3432, -7.6417 ], [ 109.2521, -7.59 ], [ 109.1806, -7.5492 ], [ 109.0663, -7.573 ], [ 108.9174, -7.462 ], [ 108.8894, -7.4501 ], [ 108.9683, -7.3496 ], [ 108.9552, -7.3362 ], [ 108.8152, -7.2032 ], [ 108.7241, -7.1952 ], [ 108.6351, -7.1387 ] ] ] ] } },
{ "type": "Feature", "properties": { "balita": 98387.0, "u5mr": 12.81, "kabkota": "Demak", "jenis": "Kabupaten", "provinsi": "JAWA TENGAH", "pulau": "Jawa", "provinsi_geojson": "Jawa Tengah", "jenis_geo": "Kabupaten", "label": "Kab. Demak", "kode_bps": "3321", "geo_key": "demak", "name_geojson": "Kabupaten Demak", "peringkat_nasional": 460, "peringkat_provinsi": 20, "kelas_jenks": 1, "kelas_kuantil": 1 }, "geometry": { "type": "MultiPolygon", "coordinates": [ [ [ [ 110.622, -6.7082 ], [ 110.5221, -6.835 ], [ 110.4921, -6.9472 ], [ 110.4902, -6.9551 ], [ 110.5052, -6.9797 ], [ 110.4992, -7.0261 ], [ 110.501, -7.0674 ], [ 110.4997, -7.0967 ], [ 110.4958, -7.1099 ], [ 110.5424, -7.1283 ], [ 110.5817, -7.1193 ], [ 110.5883, -7.0729 ], [ 110.6693, -7.0542 ], [ 110.6937, -7.0183 ], [ 110.7626, -7.0219 ], [ 110.7765, -6.964 ], [ 110.7729, -6.9446 ], [ 110.789, -6.9316 ], [ 110.786, -6.9113 ], [ 110.7974, -6.8383 ], [ 110.779, -6.8055 ], [ 110.6949, -6.7684 ], [ 110.6669, -6.7645 ], [ 110.622, -6.7082 ] ] ] ] } },
{ "type": "Feature", "properties": { "balita": 119493.0, "u5mr": 13.88, "kabkota": "Grobogan", "jenis": "Kabupaten", "provinsi": "JAWA TENGAH", "pulau": "Jawa", "provinsi_geojson": "Jawa Tengah", "jenis_geo": "Kabupaten", "label": "Kab. Grobogan", "kode_bps": "3315", "geo_key": "grobogan", "name_geojson": "Kabupaten Grobogan", "peringkat_nasional": 419, "peringkat_provinsi": 12, "kelas_jenks": 1, "kelas_kuantil": 1 }, "geometry": { "type": "MultiPolygon", "coordinates": [ [ [ [ 111.1118, -6.9788 ], [ 111.08, -6.946 ], [ 111.0859, -6.9619 ], [ 110.9627, -6.9733 ], [ 110.9481, -6.9637 ], [ 110.9151, -6.9611 ], [ 110.8453, -6.9902 ], [ 110.8194, -6.996 ], [ 110.7926, -6.9568 ], [ 110.7765, -6.964 ], [ 110.7626, -7.0219 ], [ 110.6937, -7.0183 ], [ 110.6693, -7.0542 ], [ 110.5883, -7.0729 ], [ 110.5817, -7.1193 ], [ 110.5555, -7.1869 ], [ 110.6017, -7.1948 ], [ 110.6441, -7.219 ], [ 110.718, -7.1721 ], [ 110.7438, -7.1643 ], [ 110.8019, -7.2347 ], [ 110.8492, -7.2015 ], [ 110.8437, -7.2164 ], [ 110.8584, -7.2718 ], [ 110.9222, -7.2696 ], [ 110.9289, -7.2776 ], [ 111.0299, -7.2567 ], [ 111.0578, -7.2706 ], [ 111.1271, -7.2578 ], [ 111.1778, -7.2646 ], [ 111.1999, -7.2559 ], [ 111.2432, -7.2387 ], [ 111.2492, -7.1771 ], [ 111.218, -7.0303 ], [ 111.1118, -6.9788 ] ] ] ] } },
{ "type": "Feature", "properties": { "balita": 94018.0, "u5mr": 12.36, "kabkota": "Jepara", "jenis": "Kabupaten", "provinsi": "JAWA TENGAH", "pulau": "Jawa", "provinsi_geojson": "Jawa Tengah", "jenis_geo": "Kabupaten", "label": "Kab. Jepara", "kode_bps": "3320", "geo_key": "jepara", "name_geojson": "Kabupaten Jepara", "peringkat_nasional": 468, "peringkat_provinsi": 23, "kelas_jenks": 1, "kelas_kuantil": 1 }, "geometry": { "type": "MultiPolygon", "coordinates": [ [ [ [ 110.9294, -6.4958 ], [ 110.9455, -6.4853 ], [ 110.9739, -6.4557 ], [ 110.9721, -6.4127 ], [ 110.919, -6.4043 ], [ 110.8378, -6.4072 ], [ 110.7282, -6.4458 ], [ 110.6382, -6.6188 ], [ 110.622, -6.7082 ], [ 110.6669, -6.7645 ], [ 110.6949, -6.7684 ], [ 110.7583, -6.7942 ], [ 110.8369, -6.7379 ], [ 110.8528, -6.6632 ], [ 110.8677, -6.6192 ], [ 110.8894, -6.6174 ], [ 110.9024, -6.6265 ], [ 110.9079, -6.6141 ], [ 110.9086, -6.5572 ], [ 110.9178, -6.5403 ], [ 110.9294, -6.4958 ] ] ] ] } },
{ "type": "Feature", "properties": { "balita": 64290.0, "u5mr": 12.2, "kabkota": "Karanganyar", "jenis": "Kabupaten", "provinsi": "JAWA TENGAH", "pulau": "Jawa", "provinsi_geojson": "Jawa Tengah", "jenis_geo": "Kabupaten", "label": "Kab. Karanganyar", "kode_bps": "3313", "geo_key": "karanganyar", "name_geojson": "Kabupaten Karanganyar", "peringkat_nasional": 473, "peringkat_provinsi": 26, "kelas_jenks": 1, "kelas_kuantil": 1 }, "geometry": { "type": "MultiPolygon", "coordinates": [ [ [ [ 110.864, -7.4732 ], [ 110.8172, -7.5288 ], [ 110.8578, -7.5498 ], [ 110.869, -7.5475 ], [ 110.9125, -7.5843 ], [ 110.9541, -7.6833 ], [ 110.9496, -7.6951 ], [ 110.9414, -7.7397 ], [ 110.9594, -7.7339 ], [ 110.9747, -7.7531 ], [ 110.9801, -7.7619 ], [ 111.1294, -7.7292 ], [ 111.1424, -7.7092 ], [ 111.1825, -7.6893 ], [ 111.1956, -7.6732 ], [ 111.1859, -7.6534 ], [ 111.1966, -7.6099 ], [ 111.1683, -7.5902 ], [ 111.1523, -7.5614 ], [ 111.148, -7.5254 ], [ 111.1097, -7.5239 ], [ 111.1116, -7.5315 ], [ 111.0784, -7.4972 ], [ 111.0223, -7.5339 ], [ 110.864, -7.4732 ] ] ] ] } },
{ "type": "Feature", "properties": { "balita": 112365.0, "u5mr": 12.67, "kabkota": "Kebumen", "jenis": "Kabupaten", "provinsi": "JAWA TENGAH", "pulau": "Jawa", "provinsi_geojson": "Jawa Tengah", "jenis_geo": "Kabupaten", "label": "Kab. Kebumen", "kode_bps": "3305", "geo_key": "kebumen", "name_geojson": "Kabupaten Kebumen", "peringkat_nasional": 464, "peringkat_provinsi": 22, "kelas_jenks": 1, "kelas_kuantil": 1 }, "geometry": { "type": "MultiPolygon", "coordinates": [ [ [ [ 109.755, -7.4962 ], [ 109.6844, -7.5035 ], [ 109.4818, -7.5179 ], [ 109.4154, -7.5697 ], [ 109.415, -7.6485 ], [ 109.3788, -7.6868 ], [ 109.3859, -7.7149 ], [ 109.3876, -7.7557 ], [ 109.6073, -7.7796 ], [ 109.8236, -7.8312 ], [ 109.8393, -7.7736 ], [ 109.8079, -7.6705 ], [ 109.8147, -7.6313 ], [ 109.7654, -7.6044 ], [ 109.7411, -7.5309 ], [ 109.755, -7.4962 ] ] ] ] } },
{ "type": "Feature", "properties": { "balita": 80224.0, "u5mr": 13.8, "kabkota": "Kendal", "jenis": "Kabupaten", "provinsi": "JAWA TENGAH", "pulau": "Jawa", "provinsi_geojson": "Jawa Tengah", "jenis_geo": "Kabupaten", "label": "Kab. Kendal", "kode_bps": "3324", "geo_key": "kendal", "name_geojson": "Kabupaten Kendal", "peringkat_nasional": 422, "peringkat_provinsi": 14, "kelas_jenks": 1, "kelas_kuantil": 1 }, "geometry": { "type": "MultiPolygon", "coordinates": [ [ [ [ 110.2997, -6.96 ], [ 110.2132, -6.8591 ], [ 110.0263, -6.9118 ], [ 110.051, -6.98 ], [ 110.0132, -7.0186 ], [ 109.9774, -7.0818 ], [ 109.9633, -7.0946 ], [ 109.9703, -7.188 ], [ 110.0598, -7.1189 ], [ 110.1754, -7.101 ], [ 110.1878, -7.102 ], [ 110.1934, -7.1057 ], [ 110.145, -7.1253 ], [ 110.1849, -7.1516 ], [ 110.2135, -7.1856 ], [ 110.285, -7.1882 ], [ 110.3533, -7.1364 ], [ 110.3465, -7.085 ], [ 110.3452, -7.1002 ], [ 110.3147, -7.1078 ], [ 110.2716, -7.0412 ], [ 110.2997, -6.96 ] ] ] ] } },
{ "type": "Feature", "properties": { "balita": 85665.0, "u5mr": 12.05, "kabkota": "Klaten", "jenis": "Kabupaten", "provinsi": "JAWA TENGAH", "pulau": "Jawa", "provinsi_geojson": "Jawa Tengah", "jenis_geo": "Kabupaten", "label": "Kab. Klaten", "kode_bps": "3310", "geo_key": "klaten", "name_geojson": "Kabupaten Klaten", "peringkat_nasional": 477, "peringkat_provinsi": 27, "kelas_jenks": 1, "kelas_kuantil": 1 }, "geometry": { "type": "MultiPolygon", "coordinates": [ [ [ [ 110.4452, -7.5412 ], [ 110.455, -7.5548 ], [ 110.4685, -7.6174 ], [ 110.4918, -7.7668 ], [ 110.5095, -7.7693 ], [ 110.555, -7.7951 ], [ 110.5759, -7.8059 ], [ 110.5862, -7.8027 ], [ 110.6001, -7.8067 ], [ 110.6712, -7.7861 ], [ 110.7101, -7.8042 ], [ 110.7704, -7.7169 ], [ 110.7765, -7.6779 ], [ 110.7817, -7.6813 ], [ 110.7781, -7.6647 ], [ 110.7862, -7.6563 ], [ 110.7635, -7.6359 ], [ 110.7473, -7.6166 ], [ 110.6906, -7.5872 ], [ 110.6002, -7.5691 ], [ 110.5439, -7.6255 ], [ 110.5142, -7.6088 ], [ 110.4906, -7.582 ], [ 110.4452, -7.5412 ] ] ] ] } },
{ "type": "Feature", "properties": { "balita": 66799.0, "u5mr": 13.22, "kabkota": "Kudus", "jenis": "Kabupaten", "provinsi": "JAWA TENGAH", "pulau": "Jawa", "provinsi_geojson": "Jawa Tengah", "jenis_geo": "Kabupaten", "label": "Kab. Kudus", "kode_bps": "3319", "geo_key": "kudus", "name_geojson": "Kabupaten Kudus", "peringkat_nasional": 443, "peringkat_provinsi": 18, "kelas_jenks": 1, "kelas_kuantil": 1 }, "geometry": { "type": "MultiPolygon", "coordinates": [ [ [ [ 110.9252, -6.6917 ], [ 110.8528, -6.6632 ], [ 110.8369, -6.7379 ], [ 110.7583, -6.7942 ], [ 110.779, -6.8055 ], [ 110.7974, -6.8383 ], [ 110.786, -6.9113 ], [ 110.789, -6.9316 ], [ 110.7729, -6.9446 ], [ 110.7926, -6.9568 ], [ 110.812, -6.9762 ], [ 110.8573, -6.9012 ], [ 110.9478, -6.8588 ], [ 110.977, -6.8333 ], [ 110.941, -6.7354 ], [ 110.9249, -6.7374 ], [ 110.9252, -6.6917 ] ] ] ] } },
{ "type": "Feature", "properties": { "balita": 98704.0, "u5mr": 14.35, "kabkota": "Magelang", "jenis": "Kabupaten", "provinsi": "JAWA TENGAH", "pulau": "Jawa", "provinsi_geojson": "Jawa Tengah", "jenis_geo": "Kabupaten", "label": "Kab. Magelang", "kode_bps": "3308", "geo_key": "magelang", "name_geojson": "Kabupaten Magelang", "peringkat_nasional": 406, "peringkat_provinsi": 9, "kelas_jenks": 1, "kelas_kuantil": 2 }, "geometry": { "type": "MultiPolygon", "coordinates": [ [ [ [ 110.3265, -7.3238 ], [ 110.2525, -7.3704 ], [ 110.1332, -7.3885 ], [ 110.0595, -7.4218 ], [ 110.065, -7.4595 ], [ 110.0435, -7.5275 ], [ 110.0747, -7.5765 ], [ 110.1017, -7.5696 ], [ 110.103, -7.5906 ], [ 110.1448, -7.6507 ], [ 110.2149, -7.6459 ], [ 110.2607, -7.6875 ], [ 110.3028, -7.6558 ], [ 110.3858, -7.5991 ], [ 110.4452, -7.5412 ], [ 110.418, -7.519 ], [ 110.4166, -7.4953 ], [ 110.4143, -7.4166 ], [ 110.3815, -7.3541 ], [ 110.3791, -7.3346 ], [ 110.3265, -7.3238 ] ], [ [ 110.2308, -7.4354 ], [ 110.2367, -7.5042 ], [ 110.1989, -7.493 ], [ 110.2119, -7.4464 ], [ 110.2308, -7.4354 ] ] ] ] } },
{ "type": "Feature", "properties": { "balita": 93274.0, "u5mr": 12.82, "kabkota": "Pati", "jenis": "Kabupaten", "provinsi": "JAWA TENGAH", "pulau": "Jawa", "provinsi_geojson": "Jawa Tengah", "jenis_geo": "Kabupaten", "label": "Kab. Pati", "kode_bps": "3318", "geo_key": "pati", "name_geojson": "Kabupaten Pati", "peringkat_nasional": 458, "peringkat_provinsi": 19, "kelas_jenks": 1, "kelas_kuantil": 1 }, "geometry": { "type": "MultiPolygon", "coordinates": [ [ [ [ 111.2342, -6.6873 ], [ 111.1437, -6.6532 ], [ 111.0595, -6.5089 ], [ 111.0477, -6.428 ], [ 110.9693, -6.4104 ], [ 110.977, -6.4371 ], [ 110.9688, -6.464 ], [ 110.9294, -6.4958 ], [ 110.9178, -6.5403 ], [ 110.9061, -6.5831 ], [ 110.912, -6.6007 ], [ 110.8977, -6.6363 ], [ 110.9252, -6.6917 ], [ 110.9249, -6.7374 ], [ 110.941, -6.7354 ], [ 110.977, -6.8333 ], [ 110.9478, -6.8588 ], [ 110.8573, -6.9012 ], [ 110.812, -6.9762 ], [ 110.8194, -6.996 ], [ 110.8453, -6.9902 ], [ 110.9151, -6.9611 ], [ 110.9481, -6.9637 ], [ 110.9627, -6.9733 ], [ 111.0859, -6.9619 ], [ 111.08, -6.946 ], [ 111.1438, -6.8995 ], [ 111.2219, -6.8691 ], [ 111.2431, -6.8629 ], [ 111.2558, -6.8367 ], [ 111.2709, -6.8287 ], [ 111.247, -6.7642 ], [ 111.2342, -6.6873 ] ] ] ] } },
{ "type": "Feature", "properties": { "balita": 85902.0, "u5mr": 15.66, "kabkota": "Pekalongan", "jenis": "Kabupaten", "provinsi": "JAWA TENGAH", "pulau": "Jawa", "provinsi_geojson": "Jawa Tengah", "jenis_geo": "Kabupaten", "label": "Kab. Pekalongan", "kode_bps": "3326", "geo_key": "pekalongan", "name_geojson": "Kabupaten Pekalongan", "peringkat_nasional": 347, "peringkat_provinsi": 3, "kelas_jenks": 1, "kelas_kuantil": 2 }, "geometry": { "type": "MultiPolygon", "coordinates": [ [ [ [ 109.6632, -6.8779 ], [ 109.5961, -6.8406 ], [ 109.5658, -6.8852 ], [ 109.4978, -6.9657 ], [ 109.4907, -7.1289 ], [ 109.5249, -7.1948 ], [ 109.5212, -7.2165 ], [ 109.5386, -7.2444 ], [ 109.5675, -7.2219 ], [ 109.5782, -7.222 ], [ 109.6349, -7.1776 ], [ 109.7528, -7.1795 ], [ 109.7542, -7.0905 ], [ 109.7214, -6.9862 ], [ 109.7029, -6.965 ], [ 109.6716, -6.9368 ], [ 109.6681, -6.9356 ], [ 109.6695, -6.9222 ], [ 109.6435, -6.8922 ], [ 109.6632, -6.8779 ] ] ] ] } },
{ "type": "Feature", "properties": { "balita": 130106.0, "u5mr": 16.51, "kabkota": "Pemalang", "jenis": "Kabupaten", "provinsi": "JAWA TENGAH", "pulau": "Jawa", "provinsi_geojson": "Jawa Tengah", "jenis_geo": "Kabupaten", "label": "Kab. Pemalang", "kode_bps": "3327", "geo_key": "pemalang", "name_geojson": "Kabupaten Pemalang", "peringkat_nasional": 313, "peringkat_provinsi": 2, "kelas_jenks": 1, "kelas_kuantil": 2 }, "geometry": { "type": "MultiPolygon", "coordinates": [ [ [ [ 109.5658, -6.8852 ], [ 109.5839, -6.8503 ], [ 109.5227, -6.772 ], [ 109.4397, -6.8407 ], [ 109.3599, -6.8741 ], [ 109.3293, -6.955 ], [ 109.3224, -6.9634 ], [ 109.3117, -6.9886 ], [ 109.2756, -7.0528 ], [ 109.2348, -7.0774 ], [ 109.1872, -7.1366 ], [ 109.2139, -7.235 ], [ 109.2246, -7.2391 ], [ 109.3462, -7.2116 ], [ 109.4101, -7.2016 ], [ 109.4533, -7.1664 ], [ 109.478, -7.2237 ], [ 109.5069, -7.2392 ], [ 109.5324, -7.2314 ], [ 109.5249, -7.1948 ], [ 109.4907, -7.1289 ], [ 109.4978, -6.9657 ], [ 109.5658, -6.8852 ] ] ] ] } },
{ "type": "Feature", "properties": { "balita": 81758.0, "u5mr": 14.78, "kabkota": "Purbalingga", "jenis": "Kabupaten", "provinsi": "JAWA TENGAH", "pulau": "Jawa", "provinsi_geojson": "Jawa Tengah", "jenis_geo": "Kabupaten", "label": "Kab. Purbalingga", "kode_bps": "3303", "geo_key": "purbalingga", "name_geojson": "Kabupaten Purbalingga", "peringkat_nasional": 395, "peringkat_provinsi": 8, "kelas_jenks": 1, "kelas_kuantil": 2 }, "geometry": { "type": "MultiPolygon", "coordinates": [ [ [ [ 109.4533, -7.1664 ], [ 109.4101, -7.2016 ], [ 109.3462, -7.2116 ], [ 109.2246, -7.2391 ], [ 109.2549, -7.2806 ], [ 109.3335, -7.4301 ], [ 109.3266, -7.4625 ], [ 109.3374, -7.4935 ], [ 109.3807, -7.4828 ], [ 109.4024, -7.4758 ], [ 109.4182, -7.4791 ], [ 109.5017, -7.4113 ], [ 109.5185, -7.3428 ], [ 109.5673, -7.3007 ], [ 109.5694, -7.2647 ], [ 109.5498, -7.2554 ], [ 109.5324, -7.2314 ], [ 109.5069, -7.2392 ], [ 109.478, -7.2237 ], [ 109.4533, -7.1664 ] ] ] ] } },
{ "type": "Feature", "properties": { "balita": 57181.0, "u5mr": 11.78, "kabkota": "Purworejo", "jenis": "Kabupaten", "provinsi": "JAWA TENGAH", "pulau": "Jawa", "provinsi_geojson": "Jawa Tengah", "jenis_geo": "Kabupaten", "label": "Kab. Purworejo", "kode_bps": "3306", "geo_key": "purworejo", "name_geojson": "Kabupaten Purworejo", "peringkat_nasional": 486, "peringkat_provinsi": 29, "kelas_jenks": 1, "kelas_kuantil": 1 }, "geometry": { "type": "MultiPolygon", "coordinates": [ [ [ [ 109.9012, -7.5177 ], [ 109.8724, -7.5479 ], [ 109.8147, -7.6313 ], [ 109.8079, -7.6705 ], [ 109.8393, -7.7736 ], [ 109.8236, -7.8312 ], [ 110.0262, -7.8889 ], [ 110.0501, -7.8416 ], [ 110.1126, -7.7646 ], [ 110.1235, -7.7306 ], [ 110.1385, -7.6943 ], [ 110.103, -7.5906 ], [ 110.1017, -7.5696 ], [ 110.0747, -7.5765 ], [ 110.0338, -7.5329 ], [ 110.0142, -7.5663 ], [ 109.9411, -7.534 ], [ 109.9012, -7.5177 ] ] ] ] } },
{ "type": "Feature", "properties": { "balita": 48321.0, "u5mr": 14.85, "kabkota": "Rembang", "jenis": "Kabupaten", "provinsi": "JAWA TENGAH", "pulau": "Jawa", "provinsi_geojson": "Jawa Tengah", "jenis_geo": "Kabupaten", "label": "Kab. Rembang", "kode_bps": "3317", "geo_key": "rembang", "name_geojson": "Kabupaten Rembang", "peringkat_nasional": 393, "peringkat_provinsi": 7, "kelas_jenks": 1, "kelas_kuantil": 2 }, "geometry": { "type": "MultiPolygon", "coordinates": [ [ [ [ 111.6695, -6.7634 ], [ 111.5623, -6.6393 ], [ 111.5087, -6.6325 ], [ 111.3788, -6.7027 ], [ 111.2342, -6.6873 ], [ 111.247, -6.7642 ], [ 111.2709, -6.8287 ], [ 111.2558, -6.8367 ], [ 111.2952, -6.8682 ], [ 111.5438, -6.909 ], [ 111.6023, -6.9117 ], [ 111.6192, -6.8217 ], [ 111.6695, -6.7634 ] ] ] ] } },
{ "type": "Feature", "properties": { "balita": 80851.0, "u5mr": 13.82, "kabkota": "Semarang", "jenis": "Kabupaten", "provinsi": "JAWA TENGAH", "pulau": "Jawa", "provinsi_geojson": "Jawa Tengah", "jenis_geo": "Kabupaten", "label": "Kab. Semarang", "kode_bps": "3322", "geo_key": "semarang", "name_geojson": "Kabupaten Semarang", "peringkat_nasional": 421, "peringkat_provinsi": 13, "kelas_jenks": 1, "kelas_kuantil": 1 }, "geometry": { "type": "MultiPolygon", "coordinates": [ [ [ [ 110.4506, -7.0915 ], [ 110.3689, -7.1093 ], [ 110.3533, -7.1364 ], [ 110.285, -7.1882 ], [ 110.2567, -7.1942 ], [ 110.3141, -7.3099 ], [ 110.3265, -7.3238 ], [ 110.3791, -7.3346 ], [ 110.3815, -7.3541 ], [ 110.4143, -7.4166 ], [ 110.4644, -7.4089 ], [ 110.4808, -7.4025 ], [ 110.5163, -7.4159 ], [ 110.5388, -7.4341 ], [ 110.5653, -7.4271 ], [ 110.5756, -7.4255 ], [ 110.5826, -7.4398 ], [ 110.583, -7.4476 ], [ 110.6385, -7.4058 ], [ 110.6434, -7.3251 ], [ 110.5999, -7.2918 ], [ 110.6371, -7.2636 ], [ 110.6017, -7.1948 ], [ 110.5555, -7.1869 ], [ 110.5424, -7.1283 ], [ 110.4958, -7.1099 ], [ 110.4997, -7.0967 ], [ 110.4506, -7.0915 ] ], [ [ 110.4971, -7.2885 ], [ 110.5023, -7.3022 ], [ 110.5167, -7.3202 ], [ 110.5154, -7.3629 ], [ 110.5091, -7.378 ], [ 110.4924, -7.3904 ], [ 110.4759, -7.3128 ], [ 110.4971, -7.2885 ] ] ] ] } },
{ "type": "Feature", "properties": { "balita": 69955.0, "u5mr": 12.69, "kabkota": "Sragen", "jenis": "Kabupaten", "provinsi": "JAWA TENGAH", "pulau": "Jawa", "provinsi_geojson": "Jawa Tengah", "jenis_geo": "Kabupaten", "label": "Kab. Sragen", "kode_bps": "3314", "geo_key": "sragen", "name_geojson": "Kabupaten Sragen", "peringkat_nasional": 462, "peringkat_provinsi": 21, "kelas_jenks": 1, "kelas_kuantil": 1 }, "geometry": { "type": "MultiPolygon", "coordinates": [ [ [ [ 111.1271, -7.2578 ], [ 111.0578, -7.2706 ], [ 111.0299, -7.2567 ], [ 110.9289, -7.2776 ], [ 110.9222, -7.2696 ], [ 110.8584, -7.2718 ], [ 110.8388, -7.2626 ], [ 110.8032, -7.3275 ], [ 110.7727, -7.3923 ], [ 110.7822, -7.4328 ], [ 110.7713, -7.4421 ], [ 110.864, -7.4732 ], [ 111.0223, -7.5339 ], [ 111.0784, -7.4972 ], [ 111.1116, -7.5315 ], [ 111.1097, -7.5239 ], [ 111.148, -7.5254 ], [ 111.1527, -7.4995 ], [ 111.1184, -7.4149 ], [ 111.1344, -7.2977 ], [ 111.1271, -7.2578 ] ] ] ] } },
{ "type": "Feature", "properties": { "balita": 65631.0, "u5mr": 11.17, "kabkota": "Sukoharjo", "jenis": "Kabupaten", "provinsi": "JAWA TENGAH", "pulau": "Jawa", "provinsi_geojson": "Jawa Tengah", "jenis_geo": "Kabupaten", "label": "Kab. Sukoharjo", "kode_bps": "3311", "geo_key": "sukoharjo", "name_geojson": "Kabupaten Sukoharjo", "peringkat_nasional": 503, "peringkat_provinsi": 33, "kelas_jenks": 1, "kelas_kuantil": 1 }, "geometry": { "type": "MultiPolygon", "coordinates": [ [ [ [ 110.7692, -7.5514 ], [ 110.7113, -7.5487 ], [ 110.7265, -7.5537 ], [ 110.7473, -7.6166 ], [ 110.7635, -7.6359 ], [ 110.7862, -7.6563 ], [ 110.7781, -7.6647 ], [ 110.7817, -7.6813 ], [ 110.7765, -7.6779 ], [ 110.7704, -7.7169 ], [ 110.7403, -7.8048 ], [ 110.7437, -7.8182 ], [ 110.7577, -7.8258 ], [ 110.7645, -7.8095 ], [ 110.7856, -7.8167 ], [ 110.8523, -7.8179 ], [ 110.8783, -7.7522 ], [ 110.8835, -7.7551 ], [ 110.9373, -7.7789 ], [ 110.9495, -7.6954 ], [ 110.9541, -7.6833 ], [ 110.9125, -7.5843 ], [ 110.8471, -7.5729 ], [ 110.7692, -7.5514 ] ] ] ] } },
{ "type": "Feature", "properties": { "balita": 137152.0, "u5mr": 15.39, "kabkota": "Tegal", "jenis": "Kabupaten", "provinsi": "JAWA TENGAH", "pulau": "Jawa", "provinsi_geojson": "Jawa Tengah", "jenis_geo": "Kabupaten", "label": "Kab. Tegal", "kode_bps": "3328", "geo_key": "tegal", "name_geojson": "Kabupaten Tegal", "peringkat_nasional": 362, "peringkat_provinsi": 4, "kelas_jenks": 1, "kelas_kuantil": 2 }, "geometry": { "type": "MultiPolygon", "coordinates": [ [ [ [ 109.3599, -6.8741 ], [ 109.1925, -6.8609 ], [ 109.1328, -6.8852 ], [ 109.1303, -6.8954 ], [ 109.0823, -6.9273 ], [ 108.9877, -7.0606 ], [ 108.9676, -7.1265 ], [ 108.9659, -7.1509 ], [ 109.0582, -7.1243 ], [ 109.0725, -7.128 ], [ 109.0576, -7.1916 ], [ 109.1746, -7.2315 ], [ 109.2139, -7.235 ], [ 109.1872, -7.1366 ], [ 109.2348, -7.0774 ], [ 109.2756, -7.0528 ], [ 109.3117, -6.9886 ], [ 109.3224, -6.9634 ], [ 109.3293, -6.955 ], [ 109.3599, -6.8741 ] ] ] ] } },
{ "type": "Feature", "properties": { "balita": 58095.0, "u5mr": 13.72, "kabkota": "Temanggung", "jenis": "Kabupaten", "provinsi": "JAWA TENGAH", "pulau": "Jawa", "provinsi_geojson": "Jawa Tengah", "jenis_geo": "Kabupaten", "label": "Kab. Temanggung", "kode_bps": "3323", "geo_key": "temanggung", "name_geojson": "Kabupaten Temanggung", "peringkat_nasional": 429, "peringkat_provinsi": 15, "kelas_jenks": 1, "kelas_kuantil": 1 }, "geometry": { "type": "MultiPolygon", "coordinates": [ [ [ [ 110.1878, -7.102 ], [ 110.1754, -7.101 ], [ 110.0598, -7.1189 ], [ 109.9703, -7.188 ], [ 109.9944, -7.2603 ], [ 109.9901, -7.2809 ], [ 109.9963, -7.301 ], [ 110.0714, -7.3852 ], [ 110.1332, -7.3885 ], [ 110.2525, -7.3704 ], [ 110.3141, -7.3099 ], [ 110.2567, -7.1942 ], [ 110.2135, -7.1856 ], [ 110.1849, -7.1516 ], [ 110.145, -7.1253 ], [ 110.1934, -7.1057 ], [ 110.1878, -7.102 ] ] ] ] } },
{ "type": "Feature", "properties": { "balita": 65463.0, "u5mr": 11.97, "kabkota": "Wonogiri", "jenis": "Kabupaten", "provinsi": "JAWA TENGAH", "pulau": "Jawa", "provinsi_geojson": "Jawa Tengah", "jenis_geo": "Kabupaten", "label": "Kab. Wonogiri", "kode_bps": "3312", "geo_key": "wonogiri", "name_geojson": "Kabupaten Wonogiri", "peringkat_nasional": 480, "peringkat_provinsi": 28, "kelas_jenks": 1, "kelas_kuantil": 1 }, "geometry": { "type": "MultiPolygon", "coordinates": [ [ [ [ 111.1424, -7.7092 ], [ 111.1294, -7.7292 ], [ 110.9801, -7.7619 ], [ 110.9747, -7.7531 ], [ 110.9594, -7.7339 ], [ 110.9414, -7.7397 ], [ 110.8835, -7.7551 ], [ 110.8783, -7.7522 ], [ 110.8523, -7.8179 ], [ 110.7825, -7.804 ], [ 110.7854, -7.8535 ], [ 110.7705, -7.9039 ], [ 110.7675, -7.9823 ], [ 110.7557, -8.0249 ], [ 110.7887, -8.1108 ], [ 110.8326, -8.1692 ], [ 110.8953, -8.1667 ], [ 110.9079, -8.1165 ], [ 110.9829, -8.0789 ], [ 111.0047, -8.0729 ], [ 111.066, -8.0613 ], [ 111.091, -8.0634 ], [ 111.135, -8.0212 ], [ 111.1544, -7.922 ], [ 111.1931, -7.9232 ], [ 111.2222, -7.9304 ], [ 111.2506, -7.9458 ], [ 111.2972, -7.8769 ], [ 111.3145, -7.8516 ], [ 111.2819, -7.7846 ], [ 111.212, -7.7222 ], [ 111.1424, -7.7092 ] ] ] ] } },
{ "type": "Feature", "properties": { "balita": 74519.0, "u5mr": 14.94, "kabkota": "Wonosobo", "jenis": "Kabupaten", "provinsi": "JAWA TENGAH", "pulau": "Jawa", "provinsi_geojson": "Jawa Tengah", "jenis_geo": "Kabupaten", "label": "Kab. Wonosobo", "kode_bps": "3307", "geo_key": "wonosobo", "name_geojson": "Kabupaten Wonosobo", "peringkat_nasional": 387, "peringkat_provinsi": 6, "kelas_jenks": 1, "kelas_kuantil": 2 }, "geometry": { "type": "MultiPolygon", "coordinates": [ [ [ [ 109.9944, -7.2603 ], [ 109.9066, -7.2216 ], [ 109.7512, -7.3887 ], [ 109.7929, -7.4122 ], [ 109.8328, -7.4465 ], [ 109.7878, -7.448 ], [ 109.755, -7.4962 ], [ 109.7411, -7.5309 ], [ 109.7654, -7.6044 ], [ 109.8033, -7.6114 ], [ 109.8724, -7.5479 ], [ 109.9012, -7.5177 ], [ 109.9411, -7.534 ], [ 110.0142, -7.5663 ], [ 110.0338, -7.5329 ], [ 110.065, -7.4595 ], [ 110.0595, -7.4218 ], [ 110.0743, -7.3851 ], [ 110.0286, -7.3445 ], [ 110.019, -7.322 ], [ 109.9957, -7.2997 ], [ 109.9944, -7.2603 ] ] ] ] } },
{ "type": "Feature", "properties": { "balita": 7619.0, "u5mr": 11.41, "kabkota": "Kota Magelang", "jenis": "Kota", "provinsi": "JAWA TENGAH", "pulau": "Jawa", "provinsi_geojson": "Jawa Tengah", "jenis_geo": "Kota", "label": "Kota Magelang", "kode_bps": "3371", "geo_key": "kota magelang", "name_geojson": "Kota Magelang", "peringkat_nasional": 499, "peringkat_provinsi": 32, "kelas_jenks": 1, "kelas_kuantil": 1 }, "geometry": { "type": "MultiPolygon", "coordinates": [ [ [ [ 110.2119, -7.4464 ], [ 110.1989, -7.493 ], [ 110.2367, -7.5042 ], [ 110.2308, -7.4354 ], [ 110.2119, -7.4464 ] ] ] ] } },
{ "type": "Feature", "properties": { "balita": 26431.0, "u5mr": 13.92, "kabkota": "Kota Pekalongan", "jenis": "Kota", "provinsi": "JAWA TENGAH", "pulau": "Jawa", "provinsi_geojson": "Jawa Tengah", "jenis_geo": "Kota", "label": "Kota Pekalongan", "kode_bps": "3375", "geo_key": "kota pekalongan", "name_geojson": "Kota Pekalongan", "peringkat_nasional": 417, "peringkat_provinsi": 10, "kelas_jenks": 1, "kelas_kuantil": 1 }, "geometry": { "type": "MultiPolygon", "coordinates": [ [ [ [ 109.7032, -6.8681 ], [ 109.6632, -6.8779 ], [ 109.6435, -6.8922 ], [ 109.6695, -6.9222 ], [ 109.6681, -6.9356 ], [ 109.6716, -6.9368 ], [ 109.697, -6.9262 ], [ 109.7032, -6.8681 ] ] ] ] } },
{ "type": "Feature", "properties": { "balita": 15272.0, "u5mr": 10.93, "kabkota": "Kota Salatiga", "jenis": "Kota", "provinsi": "JAWA TENGAH", "pulau": "Jawa", "provinsi_geojson": "Jawa Tengah", "jenis_geo": "Kota", "label": "Kota Salatiga", "kode_bps": "3373", "geo_key": "kota salatiga", "name_geojson": "Kota Salatiga", "peringkat_nasional": 508, "peringkat_provinsi": 34, "kelas_jenks": 1, "kelas_kuantil": 1 }, "geometry": { "type": "MultiPolygon", "coordinates": [ [ [ [ 110.4971, -7.2885 ], [ 110.4759, -7.3128 ], [ 110.4924, -7.3904 ], [ 110.5091, -7.378 ], [ 110.5154, -7.3629 ], [ 110.5167, -7.3202 ], [ 110.5023, -7.3022 ], [ 110.4971, -7.2885 ] ] ] ] } },
{ "type": "Feature", "properties": { "balita": 113924.0, "u5mr": 10.8, "kabkota": "Kota Semarang", "jenis": "Kota", "provinsi": "JAWA TENGAH", "pulau": "Jawa", "provinsi_geojson": "Jawa Tengah", "jenis_geo": "Kota", "label": "Kota Semarang", "kode_bps": "3374", "geo_key": "kota semarang", "name_geojson": "Kota Semarang", "peringkat_nasional": 511, "peringkat_provinsi": 35, "kelas_jenks": 1, "kelas_kuantil": 1 }, "geometry": { "type": "MultiPolygon", "coordinates": [ [ [ [ 110.4921, -6.9472 ], [ 110.2997, -6.96 ], [ 110.2716, -7.0412 ], [ 110.3147, -7.1078 ], [ 110.3452, -7.1002 ], [ 110.3465, -7.085 ], [ 110.3689, -7.1093 ], [ 110.4506, -7.0915 ], [ 110.501, -7.0674 ], [ 110.4992, -7.0261 ], [ 110.5052, -6.9797 ], [ 110.4902, -6.9551 ], [ 110.4921, -6.9472 ] ] ] ] } },
{ "type": "Feature", "properties": { "balita": 33633.0, "u5mr": 11.45, "kabkota": "Kota Surakarta", "jenis": "Kota", "provinsi": "JAWA TENGAH", "pulau": "Jawa", "provinsi_geojson": "Jawa Tengah", "jenis_geo": "Kota", "label": "Kota Surakarta", "kode_bps": "3372", "geo_key": "kota surakarta", "name_geojson": "Kota Surakarta", "peringkat_nasional": 496, "peringkat_provinsi": 31, "kelas_jenks": 1, "kelas_kuantil": 1 }, "geometry": { "type": "MultiPolygon", "coordinates": [ [ [ [ 110.7961, -7.5488 ], [ 110.7692, -7.5514 ], [ 110.8471, -7.5729 ], [ 110.869, -7.5475 ], [ 110.8578, -7.5498 ], [ 110.8172, -7.5288 ], [ 110.7961, -7.5488 ] ] ] ] } },
{ "type": "Feature", "properties": { "balita": 22946.0, "u5mr": 12.28, "kabkota": "Kota Tegal", "jenis": "Kota", "provinsi": "JAWA TENGAH", "pulau": "Jawa", "provinsi_geojson": "Jawa Tengah", "jenis_geo": "Kota", "label": "Kota Tegal", "kode_bps": "3376", "geo_key": "kota tegal", "name_geojson": "Kota Tegal", "peringkat_nasional": 471, "peringkat_provinsi": 25, "kelas_jenks": 1, "kelas_kuantil": 1 }, "geometry": { "type": "MultiPolygon", "coordinates": [ [ [ [ 109.1328, -6.8852 ], [ 109.1041, -6.8402 ], [ 109.0764, -6.8892 ], [ 109.1303, -6.8954 ], [ 109.1328, -6.8852 ] ] ] ] } },
{ "type": "Feature", "properties": { "balita": 93262.0, "u5mr": 18.95, "kabkota": "Bangkalan", "jenis": "Kabupaten", "provinsi": "JAWA TIMUR", "pulau": "Jawa", "provinsi_geojson": "Jawa Timur", "jenis_geo": "Kabupaten", "label": "Kab. Bangkalan", "kode_bps": "3526", "geo_key": "bangkalan", "name_geojson": "Kabupaten Bangkalan", "peringkat_nasional": 227, "peringkat_provinsi": 3, "kelas_jenks": 2, "kelas_kuantil": 3 }, "geometry": { "type": "MultiPolygon", "coordinates": [ [ [ [ 113.1247, -6.893 ], [ 113.0343, -6.8796 ], [ 112.8636, -6.892 ], [ 112.7821, -6.9919 ], [ 112.6738, -7.0735 ], [ 112.6918, -7.1552 ], [ 112.865, -7.1621 ], [ 113.0013, -7.2095 ], [ 113.0602, -7.1893 ], [ 113.0484, -7.1844 ], [ 113.0675, -7.1638 ], [ 113.0729, -7.1492 ], [ 113.0931, -7.1327 ], [ 113.1078, -7.1076 ], [ 113.1078, -7.081 ], [ 113.1123, -7.058 ], [ 113.1475, -6.99 ], [ 113.1104, -6.9871 ], [ 113.0994, -6.9573 ], [ 113.096, -6.9378 ], [ 113.1179, -6.933 ], [ 113.1247, -6.893 ] ] ] ] } },
{ "type": "Feature", "properties": { "balita": 122831.0, "u5mr": 17.2, "kabkota": "Banyuwangi", "jenis": "Kabupaten", "provinsi": "JAWA TIMUR", "pulau": "Jawa", "provinsi_geojson": "Jawa Timur", "jenis_geo": "Kabupaten", "label": "Kab. Banyuwangi", "kode_bps": "3510", "geo_key": "banyuwangi", "name_geojson": "Kabupaten Banyuwangi", "peringkat_nasional": 289, "peringkat_provinsi": 8, "kelas_jenks": 2, "kelas_kuantil": 3 }, "geometry": { "type": "MultiPolygon", "coordinates": [ [ [ [ 114.424, -7.9355 ], [ 114.4129, -7.9401 ], [ 114.3965, -7.9268 ], [ 114.3328, -7.9069 ], [ 114.305, -7.8853 ], [ 114.2831, -7.8972 ], [ 114.2251, -7.983 ], [ 114.2407, -8.0134 ], [ 114.2358, -8.0312 ], [ 114.2488, -8.0456 ], [ 114.2311, -8.0704 ], [ 114.2197, -8.0737 ], [ 114.1952, -8.1036 ], [ 114.0786, -8.1268 ], [ 114.0411, -8.1372 ], [ 113.9707, -8.1896 ], [ 113.9681, -8.2206 ], [ 113.9212, -8.3084 ], [ 113.9237, -8.3843 ], [ 113.8547, -8.43 ], [ 113.8376, -8.5537 ], [ 113.9463, -8.5587 ], [ 114.0327, -8.6331 ], [ 114.0955, -8.6147 ], [ 114.2206, -8.6449 ], [ 114.259, -8.6018 ], [ 114.3698, -8.6706 ], [ 114.3695, -8.7504 ], [ 114.5324, -8.7802 ], [ 114.6053, -8.7175 ], [ 114.5684, -8.6593 ], [ 114.481, -8.6179 ], [ 114.4421, -8.6344 ], [ 114.3764, -8.532 ], [ 114.3407, -8.4171 ], [ 114.3902, -8.2344 ], [ 114.3985, -8.1211 ], [ 114.4298, -8.0658 ], [ 114.424, -7.9355 ] ] ] ] } },
{ "type": "Feature", "properties": { "balita": 86333.0, "u5mr": 12.95, "kabkota": "Blitar", "jenis": "Kabupaten", "provinsi": "JAWA TIMUR", "pulau": "Jawa", "provinsi_geojson": "Jawa Timur", "jenis_geo": "Kabupaten", "label": "Kab. Blitar", "kode_bps": "3505", "geo_key": "blitar", "name_geojson": "Kabupaten Blitar", "peringkat_nasional": 450, "peringkat_provinsi": 28, "kelas_jenks": 1, "kelas_kuantil": 1 }, "geometry": { "type": "MultiPolygon", "coordinates": [ [ [ [ 112.4521, -7.9265 ], [ 112.3705, -7.9572 ], [ 112.3112, -7.9283 ], [ 112.3028, -7.9377 ], [ 112.2514, -7.9448 ], [ 112.1784, -7.9741 ], [ 112.0963, -7.97 ], [ 112.0368, -7.9933 ], [ 111.9812, -7.9969 ], [ 111.9725, -8.0436 ], [ 111.9882, -8.0764 ], [ 112.122, -8.1253 ], [ 112.0219, -8.2267 ], [ 112.0306, -8.2627 ], [ 112.0245, -8.2878 ], [ 112.0344, -8.3008 ], [ 112.0291, -8.3172 ], [ 112.286, -8.3319 ], [ 112.3599, -8.3484 ], [ 112.3781, -8.2401 ], [ 112.3827, -8.1912 ], [ 112.4155, -8.1663 ], [ 112.4546, -8.1417 ], [ 112.4534, -8.0569 ], [ 112.4684, -7.9994 ], [ 112.4521, -7.9265 ] ], [ [ 112.1873, -8.0655 ], [ 112.2005, -8.0928 ], [ 112.149, -8.1276 ], [ 112.1721, -8.0582 ], [ 112.1873, -8.0655 ] ] ] ] } },
{ "type": "Feature", "properties": { "balita": 81890.0, "u5mr": 14.56, "kabkota": "Bojonegoro", "jenis": "Kabupaten", "provinsi": "JAWA TIMUR", "pulau": "Jawa", "provinsi_geojson": "Jawa Timur", "jenis_geo": "Kabupaten", "label": "Kab. Bojonegoro", "kode_bps": "3522", "geo_key": "bojonegoro", "name_geojson": "Kabupaten Bojonegoro", "peringkat_nasional": 402, "peringkat_provinsi": 18, "kelas_jenks": 1, "kelas_kuantil": 2 }, "geometry": { "type": "MultiPolygon", "coordinates": [ [ [ [ 111.6514, -6.9998 ], [ 111.6132, -7.0067 ], [ 111.6299, -7.0595 ], [ 111.606, -7.1279 ], [ 111.5987, -7.1453 ], [ 111.5872, -7.1856 ], [ 111.5367, -7.2159 ], [ 111.4878, -7.2429 ], [ 111.4773, -7.2519 ], [ 111.4616, -7.2624 ], [ 111.4514, -7.2741 ], [ 111.4419, -7.2896 ], [ 111.4576, -7.3216 ], [ 111.4627, -7.3455 ], [ 111.5279, -7.3722 ], [ 111.5749, -7.3486 ], [ 111.7167, -7.4432 ], [ 111.7705, -7.4696 ], [ 111.8004, -7.4611 ], [ 111.821, -7.4396 ], [ 111.9598, -7.4269 ], [ 111.958, -7.4133 ], [ 112.0242, -7.3956 ], [ 112.0893, -7.3685 ], [ 112.0771, -7.3133 ], [ 112.0871, -7.2297 ], [ 112.1396, -7.158 ], [ 112.1513, -7.1582 ], [ 112.1541, -7.1198 ], [ 112.1462, -7.1067 ], [ 112.1443, -7.1063 ], [ 112.0413, -7.0817 ], [ 112.0443, -7.0712 ], [ 112.0313, -7.0791 ], [ 112.0204, -7.0874 ], [ 111.9951, -7.1145 ], [ 111.9304, -7.1328 ], [ 111.8242, -7.1004 ], [ 111.6938, -7.0541 ], [ 111.6514, -6.9998 ] ] ] ] } },
{ "type": "Feature", "properties": { "balita": 57045.0, "u5mr": 19.54, "kabkota": "Bondowoso", "jenis": "Kabupaten", "provinsi": "JAWA TIMUR", "pulau": "Jawa", "provinsi_geojson": "Jawa Timur", "jenis_geo": "Kabupaten", "label": "Kab. Bondowoso", "kode_bps": "3511", "geo_key": "bondowoso", "name_geojson": "Kabupaten Bondowoso", "peringkat_nasional": 213, "peringkat_provinsi": 1, "kelas_jenks": 2, "kelas_kuantil": 3 }, "geometry": { "type": "MultiPolygon", "coordinates": [ [ [ [ 114.1276, -7.993 ], [ 114.0663, -7.7594 ], [ 113.9508, -7.7652 ], [ 113.8343, -7.8131 ], [ 113.7397, -7.7889 ], [ 113.7225, -7.879 ], [ 113.6604, -7.9385 ], [ 113.6233, -7.9622 ], [ 113.6295, -7.9725 ], [ 113.6357, -7.9656 ], [ 113.6701, -7.968 ], [ 113.6872, -8.0115 ], [ 113.7492, -8.0494 ], [ 113.8932, -8.0155 ], [ 114.0028, -8.0743 ], [ 114.0276, -8.1127 ], [ 114.0786, -8.1268 ], [ 114.1952, -8.1036 ], [ 114.2197, -8.0737 ], [ 114.2467, -8.0547 ], [ 114.2485, -8.0441 ], [ 114.2358, -8.0311 ], [ 114.2383, -8.0061 ], [ 114.2167, -7.9805 ], [ 114.1767, -7.9695 ], [ 114.1276, -7.993 ] ] ] ] } },
{ "type": "Feature", "properties": { "balita": 97563.0, "u5mr": 15.82, "kabkota": "Gresik", "jenis": "Kabupaten", "provinsi": "JAWA TIMUR", "pulau": "Jawa", "provinsi_geojson": "Jawa Timur", "jenis_geo": "Kabupaten", "label": "Kab. Gresik", "kode_bps": "3525", "geo_key": "gresik", "name_geojson": "Kabupaten Gresik", "peringkat_nasional": 340, "peringkat_provinsi": 11, "kelas_jenks": 1, "kelas_kuantil": 2 }, "geometry": { "type": "MultiPolygon", "coordinates": [ [ [ [ 112.6632, -7.1932 ], [ 112.6302, -7.1363 ], [ 112.6504, -7.0187 ], [ 112.6153, -6.9932 ], [ 112.5835, -6.8899 ], [ 112.4241, -6.9109 ], [ 112.4052, -6.9605 ], [ 112.3673, -6.9877 ], [ 112.4522, -7.0011 ], [ 112.4811, -7.0029 ], [ 112.4975, -7.0172 ], [ 112.5192, -7.0471 ], [ 112.5059, -7.1636 ], [ 112.4557, -7.2072 ], [ 112.4124, -7.2729 ], [ 112.3888, -7.3215 ], [ 112.3912, -7.3335 ], [ 112.4109, -7.3119 ], [ 112.4588, -7.3121 ], [ 112.4763, -7.3296 ], [ 112.473, -7.3532 ], [ 112.4946, -7.4085 ], [ 112.5251, -7.3972 ], [ 112.5836, -7.3834 ], [ 112.6534, -7.3622 ], [ 112.6646, -7.3514 ], [ 112.5901, -7.2152 ], [ 112.5992, -7.2233 ], [ 112.6103, -7.208 ], [ 112.621, -7.2087 ], [ 112.6632, -7.1932 ] ] ], [ [ [ 112.6744, -5.7228 ], [ 112.5978, -5.7689 ], [ 112.5917, -5.8556 ], [ 112.733, -5.8323 ], [ 112.7262, -5.7371 ], [ 112.6744, -5.7228 ] ] ] ] } },
{ "type": "Feature", "properties": { "balita": 191523.0, "u5mr": 16.48, "kabkota": "Jember", "jenis": "Kabupaten", "provinsi": "JAWA TIMUR", "pulau": "Jawa", "provinsi_geojson": "Jawa Timur", "jenis_geo": "Kabupaten", "label": "Kab. Jember", "kode_bps": "3509", "geo_key": "jember", "name_geojson": "Kabupaten Jember", "peringkat_nasional": 315, "peringkat_provinsi": 9, "kelas_jenks": 1, "kelas_kuantil": 2 }, "geometry": { "type": "MultiPolygon", "coordinates": [ [ [ [ 113.6872, -8.0115 ], [ 113.614, -7.9921 ], [ 113.5903, -7.9834 ], [ 113.4759, -8.0255 ], [ 113.3789, -8.0205 ], [ 113.3667, -8.0859 ], [ 113.3724, -8.1464 ], [ 113.368, -8.1851 ], [ 113.3131, -8.2288 ], [ 113.3035, -8.3072 ], [ 113.3886, -8.4003 ], [ 113.5694, -8.4252 ], [ 113.8376, -8.5537 ], [ 113.8547, -8.43 ], [ 113.9237, -8.3843 ], [ 113.9212, -8.3084 ], [ 113.9681, -8.2206 ], [ 113.9707, -8.1896 ], [ 114.0411, -8.1372 ], [ 114.0276, -8.1127 ], [ 114.0028, -8.0743 ], [ 113.8932, -8.0155 ], [ 113.7492, -8.0494 ], [ 113.6872, -8.0115 ] ] ] ] } },
{ "type": "Feature", "properties": { "balita": 100513.0, "u5mr": 15.15, "kabkota": "Jombang", "jenis": "Kabupaten", "provinsi": "JAWA TIMUR", "pulau": "Jawa", "provinsi_geojson": "Jawa Timur", "jenis_geo": "Kabupaten", "label": "Kab. Jombang", "kode_bps": "3517", "geo_key": "jombang", "name_geojson": "Kabupaten Jombang", "peringkat_nasional": 375, "peringkat_provinsi": 15, "kelas_jenks": 1, "kelas_kuantil": 2 }, "geometry": { "type": "MultiPolygon", "coordinates": [ [ [ [ 112.3458, -7.3451 ], [ 112.3078, -7.3518 ], [ 112.314, -7.365 ], [ 112.3023, -7.3571 ], [ 112.2114, -7.3486 ], [ 112.1066, -7.3838 ], [ 112.0809, -7.4522 ], [ 112.1549, -7.4633 ], [ 112.1521, -7.5061 ], [ 112.1341, -7.5353 ], [ 112.1105, -7.5931 ], [ 112.1654, -7.613 ], [ 112.2519, -7.7258 ], [ 112.3973, -7.7761 ], [ 112.418, -7.7642 ], [ 112.4556, -7.7792 ], [ 112.3637, -7.5528 ], [ 112.3743, -7.4872 ], [ 112.3413, -7.4323 ], [ 112.3458, -7.3451 ] ] ] ] } },
{ "type": "Feature", "properties": { "balita": 123550.0, "u5mr": 13.75, "kabkota": "Kediri", "jenis": "Kabupaten", "provinsi": "JAWA TIMUR", "pulau": "Jawa", "provinsi_geojson": "Jawa Timur", "jenis_geo": "Kabupaten", "label": "Kab. Kediri", "kode_bps": "3506", "geo_key": "kediri", "name_geojson": "Kabupaten Kediri", "peringkat_nasional": 428, "peringkat_provinsi": 22, "kelas_jenks": 1, "kelas_kuantil": 1 }, "geometry": { "type": "MultiPolygon", "coordinates": [ [ [ [ 112.1105, -7.5931 ], [ 112.0984, -7.6441 ], [ 112.0759, -7.6788 ], [ 112.0591, -7.7235 ], [ 112.0272, -7.7257 ], [ 111.9976, -7.7293 ], [ 111.928, -7.7226 ], [ 111.814, -7.813 ], [ 111.8027, -7.8657 ], [ 111.9277, -7.9629 ], [ 111.9812, -7.9969 ], [ 112.0368, -7.9933 ], [ 112.0963, -7.97 ], [ 112.1784, -7.9741 ], [ 112.2514, -7.9448 ], [ 112.3061, -7.9361 ], [ 112.326, -7.8729 ], [ 112.3069, -7.7993 ], [ 112.3819, -7.7849 ], [ 112.3962, -7.7854 ], [ 112.3973, -7.7761 ], [ 112.2519, -7.7258 ], [ 112.1654, -7.613 ], [ 112.1105, -7.5931 ] ], [ [ 111.9986, -7.7714 ], [ 112.0313, -7.8003 ], [ 112.0658, -7.8546 ], [ 111.9982, -7.8516 ], [ 111.9986, -7.7714 ] ] ] ] } },
{ "type": "Feature", "properties": { "balita": 92940.0, "u5mr": 13.7, "kabkota": "Lamongan", "jenis": "Kabupaten", "provinsi": "JAWA TIMUR", "pulau": "Jawa", "provinsi_geojson": "Jawa Timur", "jenis_geo": "Kabupaten", "label": "Kab. Lamongan", "kode_bps": "3524", "geo_key": "lamongan", "name_geojson": "Kabupaten Lamongan", "peringkat_nasional": 431, "peringkat_provinsi": 23, "kelas_jenks": 1, "kelas_kuantil": 1 }, "geometry": { "type": "MultiPolygon", "coordinates": [ [ [ [ 112.4241, -6.9109 ], [ 112.3337, -6.8612 ], [ 112.2239, -6.8724 ], [ 112.1804, -6.9131 ], [ 112.2146, -7.0094 ], [ 112.2158, -7.0429 ], [ 112.1898, -7.0844 ], [ 112.1541, -7.1198 ], [ 112.1513, -7.1582 ], [ 112.1396, -7.158 ], [ 112.0871, -7.2297 ], [ 112.0771, -7.3133 ], [ 112.1066, -7.3838 ], [ 112.2114, -7.3486 ], [ 112.3023, -7.3571 ], [ 112.314, -7.365 ], [ 112.3078, -7.3518 ], [ 112.3458, -7.3451 ], [ 112.3586, -7.3265 ], [ 112.3888, -7.3215 ], [ 112.4124, -7.2729 ], [ 112.4557, -7.2072 ], [ 112.5059, -7.1636 ], [ 112.5192, -7.0471 ], [ 112.4975, -7.0172 ], [ 112.4811, -7.0029 ], [ 112.4522, -7.0011 ], [ 112.3673, -6.9877 ], [ 112.4052, -6.9605 ], [ 112.4241, -6.9109 ] ] ] ] } },
{ "type": "Feature", "properties": { "balita": 79226.0, "u5mr": 15.35, "kabkota": "Lumajang", "jenis": "Kabupaten", "provinsi": "JAWA TIMUR", "pulau": "Jawa", "provinsi_geojson": "Jawa Timur", "jenis_geo": "Kabupaten", "label": "Kab. Lumajang", "kode_bps": "3508", "geo_key": "lumajang", "name_geojson": "Kabupaten Lumajang", "peringkat_nasional": 364, "peringkat_provinsi": 13, "kelas_jenks": 1, "kelas_kuantil": 2 }, "geometry": { "type": "MultiPolygon", "coordinates": [ [ [ [ 113.2747, -7.9253 ], [ 113.2074, -7.8999 ], [ 113.1495, -7.9798 ], [ 113.0788, -7.9842 ], [ 113.0591, -8.0104 ], [ 113.0227, -7.9695 ], [ 112.9935, -7.96 ], [ 112.9725, -7.981 ], [ 112.9501, -7.987 ], [ 112.9386, -7.9991 ], [ 112.9001, -8.0619 ], [ 112.9266, -8.1142 ], [ 112.9042, -8.1922 ], [ 112.9375, -8.3349 ], [ 113.0799, -8.2871 ], [ 113.2174, -8.2831 ], [ 113.3035, -8.3072 ], [ 113.3131, -8.2288 ], [ 113.368, -8.1851 ], [ 113.3724, -8.1464 ], [ 113.3667, -8.0859 ], [ 113.35, -8.0632 ], [ 113.3614, -8.0278 ], [ 113.3417, -7.943 ], [ 113.3037, -7.9249 ], [ 113.2747, -7.9253 ] ] ] ] } },
{ "type": "Feature", "properties": { "balita": 49692.0, "u5mr": 15.01, "kabkota": "Madiun", "jenis": "Kabupaten", "provinsi": "JAWA TIMUR", "pulau": "Jawa", "provinsi_geojson": "Jawa Timur", "jenis_geo": "Kabupaten", "label": "Kab. Madiun", "kode_bps": "3519", "geo_key": "madiun", "name_geojson": "Kabupaten Madiun", "peringkat_nasional": 384, "peringkat_provinsi": 16, "kelas_jenks": 1, "kelas_kuantil": 2 }, "geometry": { "type": "MultiPolygon", "coordinates": [ [ [ [ 111.8331, -7.5488 ], [ 111.8131, -7.4631 ], [ 111.7673, -7.4688 ], [ 111.6915, -7.4226 ], [ 111.6736, -7.4107 ], [ 111.6506, -7.4387 ], [ 111.6227, -7.4688 ], [ 111.5908, -7.5069 ], [ 111.5411, -7.5359 ], [ 111.5038, -7.5529 ], [ 111.4745, -7.6086 ], [ 111.4841, -7.6628 ], [ 111.5106, -7.6341 ], [ 111.4969, -7.6451 ], [ 111.512, -7.6082 ], [ 111.5332, -7.6027 ], [ 111.559, -7.6051 ], [ 111.5442, -7.6591 ], [ 111.4987, -7.6741 ], [ 111.4587, -7.725 ], [ 111.5087, -7.7995 ], [ 111.5989, -7.777 ], [ 111.6777, -7.7741 ], [ 111.6938, -7.8053 ], [ 111.7194, -7.8111 ], [ 111.7505, -7.7991 ], [ 111.7253, -7.7766 ], [ 111.7542, -7.7028 ], [ 111.8021, -7.5488 ], [ 111.8331, -7.5488 ] ] ] ] } },
{ "type": "Feature", "properties": { "balita": 44520.0, "u5mr": 12.85, "kabkota": "Magetan", "jenis": "Kabupaten", "provinsi": "JAWA TIMUR", "pulau": "Jawa", "provinsi_geojson": "Jawa Timur", "jenis_geo": "Kabupaten", "label": "Kab. Magetan", "kode_bps": "3520", "geo_key": "magetan", "name_geojson": "Kabupaten Magetan", "peringkat_nasional": 457, "peringkat_provinsi": 31, "kelas_jenks": 1, "kelas_kuantil": 1 }, "geometry": { "type": "MultiPolygon", "coordinates": [ [ [ [ 111.4602, -7.5176 ], [ 111.3836, -7.5371 ], [ 111.2911, -7.6037 ], [ 111.2592, -7.5984 ], [ 111.194, -7.6184 ], [ 111.1858, -7.6577 ], [ 111.1956, -7.6732 ], [ 111.1825, -7.6893 ], [ 111.212, -7.7222 ], [ 111.2819, -7.7846 ], [ 111.3147, -7.7922 ], [ 111.4132, -7.7759 ], [ 111.4587, -7.725 ], [ 111.4987, -7.6741 ], [ 111.4841, -7.6628 ], [ 111.4745, -7.6086 ], [ 111.5038, -7.5529 ], [ 111.5118, -7.5236 ], [ 111.4792, -7.5171 ], [ 111.4602, -7.5176 ] ] ] ] } },
{ "type": "Feature", "properties": { "balita": 200471.0, "u5mr": 12.93, "kabkota": "Malang", "jenis": "Kabupaten", "provinsi": "JAWA TIMUR", "pulau": "Jawa", "provinsi_geojson": "Jawa Timur", "jenis_geo": "Kabupaten", "label": "Kab. Malang", "kode_bps": "3507", "geo_key": "malang", "name_geojson": "Kabupaten Malang", "peringkat_nasional": 451, "peringkat_provinsi": 29, "kelas_jenks": 1, "kelas_kuantil": 1 }, "geometry": { "type": "MultiPolygon", "coordinates": [ [ [ [ 112.3819, -7.7849 ], [ 112.3069, -7.7993 ], [ 112.326, -7.8729 ], [ 112.3066, -7.9293 ], [ 112.3705, -7.9572 ], [ 112.4521, -7.9265 ], [ 112.4684, -7.9994 ], [ 112.4534, -8.0569 ], [ 112.4592, -8.1149 ], [ 112.4535, -8.1441 ], [ 112.4155, -8.1663 ], [ 112.3827, -8.1912 ], [ 112.3781, -8.2401 ], [ 112.3719, -8.3746 ], [ 112.5575, -8.4024 ], [ 112.6716, -8.4451 ], [ 112.7087, -8.4175 ], [ 112.8717, -8.4085 ], [ 112.9375, -8.3349 ], [ 112.9042, -8.1922 ], [ 112.9266, -8.1142 ], [ 112.9001, -8.0619 ], [ 112.9386, -7.9991 ], [ 112.9261, -7.9665 ], [ 112.9154, -7.9513 ], [ 112.9039, -7.947 ], [ 112.8055, -7.9255 ], [ 112.7794, -7.8724 ], [ 112.6324, -7.7976 ], [ 112.5643, -7.8795 ], [ 112.5833, -7.8885 ], [ 112.5825, -7.9093 ], [ 112.4844, -7.9312 ], [ 112.4996, -7.8157 ], [ 112.463, -7.769 ], [ 112.4556, -7.7792 ], [ 112.418, -7.7642 ], [ 112.3962, -7.7854 ], [ 112.3819, -7.7849 ] ], [ [ 112.6033, -7.9705 ], [ 112.64, -7.9216 ], [ 112.6721, -8.009 ], [ 112.6458, -8.0516 ], [ 112.6309, -8.035 ], [ 112.6187, -8.011 ], [ 112.5969, -7.9838 ], [ 112.5911, -7.9741 ], [ 112.6033, -7.9705 ] ] ] ] } },
{ "type": "Feature", "properties": { "balita": 79923.0, "u5mr": 13.98, "kabkota": "Mojokerto", "jenis": "Kabupaten", "provinsi": "JAWA TIMUR", "pulau": "Jawa", "provinsi_geojson": "Jawa Timur", "jenis_geo": "Kabupaten", "label": "Kab. Mojokerto", "kode_bps": "3516", "geo_key": "mojokerto", "name_geojson": "Kabupaten Mojokerto", "peringkat_nasional": 414, "peringkat_provinsi": 20, "kelas_jenks": 1, "kelas_kuantil": 1 }, "geometry": { "type": "MultiPolygon", "coordinates": [ [ [ [ 112.4588, -7.3121 ], [ 112.4109, -7.3119 ], [ 112.3912, -7.3335 ], [ 112.3586, -7.3265 ], [ 112.3413, -7.4323 ], [ 112.3743, -7.4872 ], [ 112.3637, -7.5528 ], [ 112.4556, -7.7792 ], [ 112.463, -7.769 ], [ 112.4895, -7.7655 ], [ 112.5279, -7.7351 ], [ 112.6236, -7.6668 ], [ 112.6521, -7.5978 ], [ 112.6638, -7.5573 ], [ 112.5689, -7.4787 ], [ 112.4567, -7.447 ], [ 112.4946, -7.4085 ], [ 112.473, -7.3532 ], [ 112.4763, -7.3296 ], [ 112.4588, -7.3121 ] ], [ [ 112.4551, -7.4474 ], [ 112.4671, -7.4532 ], [ 112.4221, -7.4941 ], [ 112.4158, -7.4573 ], [ 112.4551, -7.4474 ] ] ] ] } },
{ "type": "Feature", "properties": { "balita": 77746.0, "u5mr": 15.19, "kabkota": "Nganjuk", "jenis": "Kabupaten", "provinsi": "JAWA TIMUR", "pulau": "Jawa", "provinsi_geojson": "Jawa Timur", "jenis_geo": "Kabupaten", "label": "Kab. Nganjuk", "kode_bps": "3518", "geo_key": "nganjuk", "name_geojson": "Kabupaten Nganjuk", "peringkat_nasional": 371, "peringkat_provinsi": 14, "kelas_jenks": 1, "kelas_kuantil": 2 }, "geometry": { "type": "MultiPolygon", "coordinates": [ [ [ [ 112.0809, -7.4522 ], [ 112.0242, -7.3956 ], [ 111.958, -7.4133 ], [ 111.9598, -7.4269 ], [ 111.821, -7.4396 ], [ 111.8331, -7.5488 ], [ 111.8021, -7.5488 ], [ 111.7542, -7.7028 ], [ 111.7253, -7.7766 ], [ 111.7671, -7.8232 ], [ 111.7767, -7.8202 ], [ 111.814, -7.813 ], [ 111.928, -7.7226 ], [ 111.9976, -7.7293 ], [ 112.0272, -7.7257 ], [ 112.0591, -7.7235 ], [ 112.0759, -7.6788 ], [ 112.0984, -7.6441 ], [ 112.1116, -7.5659 ], [ 112.1341, -7.5353 ], [ 112.1521, -7.5061 ], [ 112.1549, -7.4633 ], [ 112.0809, -7.4522 ] ] ] ] } },
{ "type": "Feature", "properties": { "balita": 56116.0, "u5mr": 13.36, "kabkota": "Ngawi", "jenis": "Kabupaten", "provinsi": "JAWA TIMUR", "pulau": "Jawa", "provinsi_geojson": "Jawa Timur", "jenis_geo": "Kabupaten", "label": "Kab. Ngawi", "kode_bps": "3521", "geo_key": "ngawi", "name_geojson": "Kabupaten Ngawi", "peringkat_nasional": 440, "peringkat_provinsi": 25, "kelas_jenks": 1, "kelas_kuantil": 1 }, "geometry": { "type": "MultiPolygon", "coordinates": [ [ [ [ 111.2439, -7.2853 ], [ 111.1999, -7.2559 ], [ 111.1778, -7.2646 ], [ 111.1344, -7.2977 ], [ 111.1184, -7.4149 ], [ 111.1527, -7.4995 ], [ 111.1523, -7.5614 ], [ 111.1683, -7.5902 ], [ 111.193, -7.604 ], [ 111.1951, -7.6201 ], [ 111.2585, -7.5985 ], [ 111.2911, -7.6037 ], [ 111.3836, -7.5371 ], [ 111.4602, -7.5176 ], [ 111.4792, -7.5171 ], [ 111.5118, -7.5236 ], [ 111.5411, -7.5359 ], [ 111.5908, -7.5069 ], [ 111.6227, -7.4688 ], [ 111.6506, -7.4387 ], [ 111.5749, -7.3486 ], [ 111.5279, -7.3722 ], [ 111.4625, -7.3781 ], [ 111.3607, -7.3301 ], [ 111.3445, -7.319 ], [ 111.2439, -7.2853 ] ] ] ] } },
{ "type": "Feature", "properties": { "balita": 34239.0, "u5mr": 14.97, "kabkota": "Pacitan", "jenis": "Kabupaten", "provinsi": "JAWA TIMUR", "pulau": "Jawa", "provinsi_geojson": "Jawa Timur", "jenis_geo": "Kabupaten", "label": "Kab. Pacitan", "kode_bps": "3501", "geo_key": "pacitan", "name_geojson": "Kabupaten Pacitan", "peringkat_nasional": 386, "peringkat_provinsi": 17, "kelas_jenks": 1, "kelas_kuantil": 2 }, "geometry": { "type": "MultiPolygon", "coordinates": [ [ [ [ 111.1544, -7.922 ], [ 111.135, -8.0212 ], [ 111.091, -8.0634 ], [ 111.066, -8.0613 ], [ 111.0047, -8.0729 ], [ 110.9829, -8.0789 ], [ 110.9079, -8.1165 ], [ 110.8953, -8.1667 ], [ 110.9003, -8.2116 ], [ 110.9988, -8.2547 ], [ 111.0766, -8.2456 ], [ 111.1436, -8.281 ], [ 111.2613, -8.2475 ], [ 111.3986, -8.2775 ], [ 111.3922, -8.2332 ], [ 111.4243, -8.1914 ], [ 111.3932, -8.1595 ], [ 111.3685, -8.1215 ], [ 111.3625, -8.0996 ], [ 111.3438, -8.0064 ], [ 111.327, -7.9675 ], [ 111.2867, -7.9391 ], [ 111.2506, -7.9458 ], [ 111.2222, -7.9304 ], [ 111.1931, -7.9232 ], [ 111.1544, -7.922 ] ] ] ] } },
{ "type": "Feature", "properties": { "balita": 72353.0, "u5mr": 17.94, "kabkota": "Pamekasan", "jenis": "Kabupaten", "provinsi": "JAWA TIMUR", "pulau": "Jawa", "provinsi_geojson": "Jawa Timur", "jenis_geo": "Kabupaten", "label": "Kab. Pamekasan", "kode_bps": "3528", "geo_key": "pamekasan", "name_geojson": "Kabupaten Pamekasan", "peringkat_nasional": 256, "peringkat_provinsi": 6, "kelas_jenks": 2, "kelas_kuantil": 3 }, "geometry": { "type": "MultiPolygon", "coordinates": [ [ [ [ 113.6356, -6.9172 ], [ 113.4834, -6.8967 ], [ 113.4778, -6.9243 ], [ 113.4215, -7.0114 ], [ 113.3953, -7.0707 ], [ 113.3846, -7.0889 ], [ 113.37, -7.1123 ], [ 113.379, -7.2109 ], [ 113.552, -7.2338 ], [ 113.6115, -7.1056 ], [ 113.5923, -7.0094 ], [ 113.6356, -6.9172 ] ] ] ] } },
{ "type": "Feature", "properties": { "balita": 116678.0, "u5mr": 15.81, "kabkota": "Pasuruan", "jenis": "Kabupaten", "provinsi": "JAWA TIMUR", "pulau": "Jawa", "provinsi_geojson": "Jawa Timur", "jenis_geo": "Kabupaten", "label": "Kab. Pasuruan", "kode_bps": "3514", "geo_key": "pasuruan", "name_geojson": "Kabupaten Pasuruan", "peringkat_nasional": 342, "peringkat_provinsi": 12, "kelas_jenks": 1, "kelas_kuantil": 2 }, "geometry": { "type": "MultiPolygon", "coordinates": [ [ [ [ 112.7239, -7.569 ], [ 112.6521, -7.5978 ], [ 112.6236, -7.6668 ], [ 112.5748, -7.7325 ], [ 112.6324, -7.7976 ], [ 112.7794, -7.8724 ], [ 112.8055, -7.9255 ], [ 112.9039, -7.947 ], [ 112.9154, -7.9513 ], [ 112.9567, -7.9172 ], [ 112.9474, -7.9088 ], [ 112.9682, -7.9005 ], [ 113.0472, -7.82 ], [ 113.0547, -7.7482 ], [ 113.0877, -7.7033 ], [ 113.0287, -7.6487 ], [ 112.8937, -7.6755 ], [ 112.8722, -7.6626 ], [ 112.8747, -7.6268 ], [ 112.8451, -7.5774 ], [ 112.7239, -7.569 ] ] ] ] } },
{ "type": "Feature", "properties": { "balita": 61439.0, "u5mr": 13.01, "kabkota": "Ponorogo", "jenis": "Kabupaten", "provinsi": "JAWA TIMUR", "pulau": "Jawa", "provinsi_geojson": "Jawa Timur", "jenis_geo": "Kabupaten", "label": "Kab. Ponorogo", "kode_bps": "3502", "geo_key": "ponorogo", "name_geojson": "Kabupaten Ponorogo", "peringkat_nasional": 447, "peringkat_provinsi": 27, "kelas_jenks": 1, "kelas_kuantil": 1 }, "geometry": { "type": "MultiPolygon", "coordinates": [ [ [ [ 111.6777, -7.7741 ], [ 111.5989, -7.777 ], [ 111.5087, -7.7995 ], [ 111.4132, -7.7759 ], [ 111.3147, -7.7922 ], [ 111.3145, -7.8516 ], [ 111.2972, -7.8769 ], [ 111.2867, -7.9391 ], [ 111.327, -7.9675 ], [ 111.3438, -8.0064 ], [ 111.3625, -8.0996 ], [ 111.3685, -8.1215 ], [ 111.3932, -8.1595 ], [ 111.4378, -8.1632 ], [ 111.5353, -8.0597 ], [ 111.6063, -8.0193 ], [ 111.6477, -8.0038 ], [ 111.6537, -7.9816 ], [ 111.6678, -7.9446 ], [ 111.7067, -7.9065 ], [ 111.7559, -7.8939 ], [ 111.7786, -7.8651 ], [ 111.7767, -7.8202 ], [ 111.7671, -7.8232 ], [ 111.7505, -7.7991 ], [ 111.7194, -7.8111 ], [ 111.6938, -7.8053 ], [ 111.6777, -7.7741 ] ] ] ] } },
{ "type": "Feature", "properties": { "balita": 86368.0, "u5mr": 17.51, "kabkota": "Probolinggo", "jenis": "Kabupaten", "provinsi": "JAWA TIMUR", "pulau": "Jawa", "provinsi_geojson": "Jawa Timur", "jenis_geo": "Kabupaten", "label": "Kab. Probolinggo", "kode_bps": "3513", "geo_key": "probolinggo", "name_geojson": "Kabupaten Probolinggo", "peringkat_nasional": 273, "peringkat_provinsi": 7, "kelas_jenks": 2, "kelas_kuantil": 3 }, "geometry": { "type": "MultiPolygon", "coordinates": [ [ [ [ 113.5764, -7.7562 ], [ 113.4911, -7.6982 ], [ 113.3452, -7.7712 ], [ 113.234, -7.7805 ], [ 113.2358, -7.7976 ], [ 113.2259, -7.8016 ], [ 113.2041, -7.8127 ], [ 113.1831, -7.7907 ], [ 113.1401, -7.7256 ], [ 113.0547, -7.7482 ], [ 113.0472, -7.82 ], [ 112.9682, -7.9005 ], [ 112.9474, -7.9088 ], [ 112.9567, -7.9172 ], [ 112.9261, -7.9665 ], [ 112.9501, -7.987 ], [ 112.9931, -7.96 ], [ 113.009, -7.9634 ], [ 113.0361, -7.9805 ], [ 113.0788, -7.9842 ], [ 113.1495, -7.9798 ], [ 113.2074, -7.8999 ], [ 113.2747, -7.9253 ], [ 113.3037, -7.9249 ], [ 113.3413, -7.9425 ], [ 113.3617, -8.0279 ], [ 113.3789, -8.0205 ], [ 113.4759, -8.0255 ], [ 113.5903, -7.9834 ], [ 113.614, -7.9921 ], [ 113.6357, -7.9656 ], [ 113.6295, -7.9725 ], [ 113.6157, -7.9581 ], [ 113.6029, -7.8431 ], [ 113.5764, -7.7562 ] ] ] ] } },
{ "type": "Feature", "properties": { "balita": 95382.0, "u5mr": 17.96, "kabkota": "Sampang", "jenis": "Kabupaten", "provinsi": "JAWA TIMUR", "pulau": "Jawa", "provinsi_geojson": "Jawa Timur", "jenis_geo": "Kabupaten", "label": "Kab. Sampang", "kode_bps": "3527", "geo_key": "sampang", "name_geojson": "Kabupaten Sampang", "peringkat_nasional": 255, "peringkat_provinsi": 5, "kelas_jenks": 2, "kelas_kuantil": 3 }, "geometry": { "type": "MultiPolygon", "coordinates": [ [ [ [ 113.4778, -6.9243 ], [ 113.4168, -6.8868 ], [ 113.1247, -6.893 ], [ 113.1184, -6.9323 ], [ 113.097, -6.9357 ], [ 113.0961, -6.9426 ], [ 113.1093, -6.9859 ], [ 113.1346, -6.9787 ], [ 113.1475, -6.99 ], [ 113.1123, -7.058 ], [ 113.1078, -7.081 ], [ 113.1078, -7.1076 ], [ 113.0931, -7.1327 ], [ 113.0729, -7.1492 ], [ 113.0675, -7.1638 ], [ 113.0484, -7.1844 ], [ 113.0602, -7.1893 ], [ 113.1003, -7.229 ], [ 113.379, -7.2109 ], [ 113.37, -7.1123 ], [ 113.3846, -7.0889 ], [ 113.3953, -7.0707 ], [ 113.4215, -7.0114 ], [ 113.4778, -6.9243 ] ] ] ] } },
{ "type": "Feature", "properties": { "balita": 147927.0, "u5mr": 12.14, "kabkota": "Sidoarjo", "jenis": "Kabupaten", "provinsi": "JAWA TIMUR", "pulau": "Jawa", "provinsi_geojson": "Jawa Timur", "jenis_geo": "Kabupaten", "label": "Kab. Sidoarjo", "kode_bps": "3515", "geo_key": "sidoarjo", "name_geojson": "Kabupaten Sidoarjo", "peringkat_nasional": 475, "peringkat_provinsi": 34, "kelas_jenks": 1, "kelas_kuantil": 1 }, "geometry": { "type": "MultiPolygon", "coordinates": [ [ [ [ 112.8451, -7.5774 ], [ 112.8661, -7.5405 ], [ 112.8125, -7.3464 ], [ 112.7554, -7.3367 ], [ 112.7043, -7.3365 ], [ 112.6534, -7.3622 ], [ 112.5836, -7.3834 ], [ 112.5251, -7.3972 ], [ 112.4567, -7.447 ], [ 112.5689, -7.4787 ], [ 112.6696, -7.5624 ], [ 112.7239, -7.569 ], [ 112.8451, -7.5774 ] ] ] ] } },
{ "type": "Feature", "properties": { "balita": 49906.0, "u5mr": 19.32, "kabkota": "Situbondo", "jenis": "Kabupaten", "provinsi": "JAWA TIMUR", "pulau": "Jawa", "provinsi_geojson": "Jawa Timur", "jenis_geo": "Kabupaten", "label": "Kab. Situbondo", "kode_bps": "3512", "geo_key": "situbondo", "name_geojson": "Kabupaten Situbondo", "peringkat_nasional": 218, "peringkat_provinsi": 2, "kelas_jenks": 2, "kelas_kuantil": 3 }, "geometry": { "type": "MultiPolygon", "coordinates": [ [ [ [ 114.424, -7.9355 ], [ 114.4635, -7.8899 ], [ 114.4389, -7.7896 ], [ 114.2081, -7.7178 ], [ 114.1075, -7.7069 ], [ 114.0391, -7.6048 ], [ 113.9309, -7.7008 ], [ 113.8309, -7.6885 ], [ 113.7636, -7.738 ], [ 113.7134, -7.7083 ], [ 113.5793, -7.7259 ], [ 113.5764, -7.7562 ], [ 113.6029, -7.8431 ], [ 113.6157, -7.9581 ], [ 113.6604, -7.9385 ], [ 113.7225, -7.879 ], [ 113.7397, -7.7889 ], [ 113.8343, -7.8131 ], [ 113.9508, -7.7652 ], [ 114.0663, -7.7594 ], [ 114.1276, -7.993 ], [ 114.1745, -7.9694 ], [ 114.2243, -7.9867 ], [ 114.2497, -7.9394 ], [ 114.2991, -7.8857 ], [ 114.4132, -7.9402 ], [ 114.424, -7.9355 ] ] ] ] } },
{ "type": "Feature", "properties": { "balita": 85976.0, "u5mr": 18.15, "kabkota": "Sumenep", "jenis": "Kabupaten", "provinsi": "JAWA TIMUR", "pulau": "Jawa", "provinsi_geojson": "Jawa Timur", "jenis_geo": "Kabupaten", "label": "Kab. Sumenep", "kode_bps": "3529", "geo_key": "sumenep", "name_geojson": "Kabupaten Sumenep", "peringkat_nasional": 250, "peringkat_provinsi": 4, "kelas_jenks": 2, "kelas_kuantil": 3 }, "geometry": { "type": "MultiPolygon", "coordinates": [ [ [ [ 114.298, -7.062 ], [ 114.3125, -7.1594 ], [ 114.3903, -7.1803 ], [ 114.3729, -7.0918 ], [ 114.298, -7.062 ] ] ], [ [ [ 113.6115, -7.1056 ], [ 113.816, -7.1331 ], [ 113.989, -7.0083 ], [ 114.093, -6.98 ], [ 114.0916, -6.9293 ], [ 113.9095, -6.8637 ], [ 113.7957, -6.8859 ], [ 113.6425, -6.8876 ], [ 113.6356, -6.9172 ], [ 113.5923, -7.0094 ], [ 113.6115, -7.1056 ] ] ], [ [ [ 115.2462, -6.827 ], [ 115.1975, -6.9219 ], [ 115.2927, -7.0127 ], [ 115.4035, -6.9888 ], [ 115.3722, -6.8994 ], [ 115.4491, -6.911 ], [ 115.5482, -6.9661 ], [ 115.5569, -6.9042 ], [ 115.393, -6.8345 ], [ 115.2462, -6.827 ] ] ] ] } },
{ "type": "Feature", "properties": { "balita": 47638.0, "u5mr": 12.82, "kabkota": "Trenggalek", "jenis": "Kabupaten", "provinsi": "JAWA TIMUR", "pulau": "Jawa", "provinsi_geojson": "Jawa Timur", "jenis_geo": "Kabupaten", "label": "Kab. Trenggalek", "kode_bps": "3503", "geo_key": "trenggalek", "name_geojson": "Kabupaten Trenggalek", "peringkat_nasional": 458, "peringkat_provinsi": 32, "kelas_jenks": 1, "kelas_kuantil": 1 }, "geometry": { "type": "MultiPolygon", "coordinates": [ [ [ [ 111.7612, -7.9229 ], [ 111.7067, -7.9065 ], [ 111.6678, -7.9446 ], [ 111.6537, -7.9816 ], [ 111.6477, -8.0038 ], [ 111.6063, -8.0193 ], [ 111.5353, -8.0597 ], [ 111.4378, -8.1632 ], [ 111.4243, -8.1914 ], [ 111.3922, -8.2332 ], [ 111.5119, -8.3328 ], [ 111.6884, -8.3353 ], [ 111.75, -8.2898 ], [ 111.7169, -8.1911 ], [ 111.7185, -8.1686 ], [ 111.7336, -8.1422 ], [ 111.8223, -8.1347 ], [ 111.7605, -7.9879 ], [ 111.7442, -7.9321 ], [ 111.7612, -7.9229 ] ] ] ] } },
{ "type": "Feature", "properties": { "balita": 79766.0, "u5mr": 13.96, "kabkota": "Tuban", "jenis": "Kabupaten", "provinsi": "JAWA TIMUR", "pulau": "Jawa", "provinsi_geojson": "Jawa Timur", "jenis_geo": "Kabupaten", "label": "Kab. Tuban", "kode_bps": "3523", "geo_key": "tuban", "name_geojson": "Kabupaten Tuban", "peringkat_nasional": 415, "peringkat_provinsi": 21, "kelas_jenks": 1, "kelas_kuantil": 1 }, "geometry": { "type": "MultiPolygon", "coordinates": [ [ [ [ 112.1804, -6.9131 ], [ 112.0532, -6.8871 ], [ 111.9606, -6.7623 ], [ 111.8375, -6.801 ], [ 111.6695, -6.7634 ], [ 111.6192, -6.8217 ], [ 111.6023, -6.9117 ], [ 111.5672, -6.9516 ], [ 111.6147, -6.9711 ], [ 111.6514, -6.9998 ], [ 111.6938, -7.0541 ], [ 111.8242, -7.1004 ], [ 111.9304, -7.1328 ], [ 111.9951, -7.1145 ], [ 112.0204, -7.0874 ], [ 112.0313, -7.0791 ], [ 112.0443, -7.0712 ], [ 112.0413, -7.0817 ], [ 112.1443, -7.1063 ], [ 112.1462, -7.1067 ], [ 112.1898, -7.0844 ], [ 112.2158, -7.0429 ], [ 112.2146, -7.0094 ], [ 112.1804, -6.9131 ] ] ] ] } },
{ "type": "Feature", "properties": { "balita": 74355.0, "u5mr": 13.35, "kabkota": "Tulungagung", "jenis": "Kabupaten", "provinsi": "JAWA TIMUR", "pulau": "Jawa", "provinsi_geojson": "Jawa Timur", "jenis_geo": "Kabupaten", "label": "Kab. Tulungagung", "kode_bps": "3504", "geo_key": "tulungagung", "name_geojson": "Kabupaten Tulungagung", "peringkat_nasional": 441, "peringkat_provinsi": 26, "kelas_jenks": 1, "kelas_kuantil": 1 }, "geometry": { "type": "MultiPolygon", "coordinates": [ [ [ [ 111.8027, -7.8657 ], [ 111.7786, -7.8651 ], [ 111.7559, -7.8939 ], [ 111.7612, -7.9229 ], [ 111.7442, -7.9321 ], [ 111.7605, -7.9879 ], [ 111.8223, -8.1347 ], [ 111.7424, -8.1387 ], [ 111.7216, -8.1617 ], [ 111.7169, -8.1911 ], [ 111.75, -8.2898 ], [ 111.7912, -8.2552 ], [ 111.8992, -8.3042 ], [ 111.9499, -8.2772 ], [ 111.9745, -8.2808 ], [ 111.9935, -8.297 ], [ 112.0317, -8.3109 ], [ 112.0219, -8.2267 ], [ 112.122, -8.1253 ], [ 111.9882, -8.0764 ], [ 111.9725, -8.0436 ], [ 111.9277, -7.9629 ], [ 111.8027, -7.8657 ] ] ] ] } },
{ "type": "Feature", "properties": { "balita": 16015.0, "u5mr": 12.88, "kabkota": "Kota Batu", "jenis": "Kota", "provinsi": "JAWA TIMUR", "pulau": "Jawa", "provinsi_geojson": "Jawa Timur", "jenis_geo": "Kota", "label": "Kota Batu", "kode_bps": "3579", "geo_key": "kota batu", "name_geojson": "Kota Batu", "peringkat_nasional": 455, "peringkat_provinsi": 30, "kelas_jenks": 1, "kelas_kuantil": 1 }, "geometry": { "type": "MultiPolygon", "coordinates": [ [ [ [ 112.5279, -7.7351 ], [ 112.4895, -7.7655 ], [ 112.4996, -7.8157 ], [ 112.4844, -7.9312 ], [ 112.5825, -7.9093 ], [ 112.5833, -7.8885 ], [ 112.5643, -7.8795 ], [ 112.5898, -7.765 ], [ 112.5279, -7.7351 ] ] ] ] } },
{ "type": "Feature", "properties": { "balita": 10882.0, "u5mr": 13.49, "kabkota": "Kota Blitar", "jenis": "Kota", "provinsi": "JAWA TIMUR", "pulau": "Jawa", "provinsi_geojson": "Jawa Timur", "jenis_geo": "Kota", "label": "Kota Blitar", "kode_bps": "3572", "geo_key": "kota blitar", "name_geojson": "Kota Blitar", "peringkat_nasional": 437, "peringkat_provinsi": 24, "kelas_jenks": 1, "kelas_kuantil": 1 }, "geometry": { "type": "MultiPolygon", "coordinates": [ [ [ [ 112.1721, -8.0582 ], [ 112.149, -8.1276 ], [ 112.2005, -8.0928 ], [ 112.1873, -8.0655 ], [ 112.1721, -8.0582 ] ] ] ] } },
{ "type": "Feature", "properties": { "balita": 21085.0, "u5mr": 11.7, "kabkota": "Kota Kediri", "jenis": "Kota", "provinsi": "JAWA TIMUR", "pulau": "Jawa", "provinsi_geojson": "Jawa Timur", "jenis_geo": "Kota", "label": "Kota Kediri", "kode_bps": "3571", "geo_key": "kota kediri", "name_geojson": "Kota Kediri", "peringkat_nasional": 488, "peringkat_provinsi": 36, "kelas_jenks": 1, "kelas_kuantil": 1 }, "geometry": { "type": "MultiPolygon", "coordinates": [ [ [ [ 111.9986, -7.7714 ], [ 111.9982, -7.8516 ], [ 112.0658, -7.8546 ], [ 112.0313, -7.8003 ], [ 111.9986, -7.7714 ] ] ] ] } },
{ "type": "Feature", "properties": { "balita": 13277.0, "u5mr": 12.04, "kabkota": "Kota Madiun", "jenis": "Kota", "provinsi": "JAWA TIMUR", "pulau": "Jawa", "provinsi_geojson": "Jawa Timur", "jenis_geo": "Kota", "label": "Kota Madiun", "kode_bps": "3577", "geo_key": "kota madiun", "name_geojson": "Kota Madiun", "peringkat_nasional": 478, "peringkat_provinsi": 35, "kelas_jenks": 1, "kelas_kuantil": 1 }, "geometry": { "type": "MultiPolygon", "coordinates": [ [ [ [ 111.5332, -7.6027 ], [ 111.512, -7.6082 ], [ 111.4969, -7.6451 ], [ 111.5106, -7.6341 ], [ 111.5442, -7.6591 ], [ 111.559, -7.6051 ], [ 111.5332, -7.6027 ] ] ] ] } },
{ "type": "Feature", "properties": { "balita": 59002.0, "u5mr": 12.48, "kabkota": "Kota Malang", "jenis": "Kota", "provinsi": "JAWA TIMUR", "pulau": "Jawa", "provinsi_geojson": "Jawa Timur", "jenis_geo": "Kota", "label": "Kota Malang", "kode_bps": "3573", "geo_key": "kota malang", "name_geojson": "Kota Malang", "peringkat_nasional": 467, "peringkat_provinsi": 33, "kelas_jenks": 1, "kelas_kuantil": 1 }, "geometry": { "type": "MultiPolygon", "coordinates": [ [ [ [ 112.64, -7.9216 ], [ 112.6033, -7.9705 ], [ 112.5911, -7.9741 ], [ 112.5969, -7.9838 ], [ 112.6187, -8.011 ], [ 112.6309, -8.035 ], [ 112.6458, -8.0516 ], [ 112.6721, -8.009 ], [ 112.64, -7.9216 ] ] ] ] } },
{ "type": "Feature", "properties": { "balita": 9311.0, "u5mr": 11.64, "kabkota": "Kota Mojokerto", "jenis": "Kota", "provinsi": "JAWA TIMUR", "pulau": "Jawa", "provinsi_geojson": "Jawa Timur", "jenis_geo": "Kota", "label": "Kota Mojokerto", "kode_bps": "3576", "geo_key": "kota mojokerto", "name_geojson": "Kota Mojokerto", "peringkat_nasional": 490, "peringkat_provinsi": 37, "kelas_jenks": 1, "kelas_kuantil": 1 }, "geometry": { "type": "MultiPolygon", "coordinates": [ [ [ [ 112.4551, -7.4474 ], [ 112.4158, -7.4573 ], [ 112.4221, -7.4941 ], [ 112.4671, -7.4532 ], [ 112.4551, -7.4474 ] ] ] ] } },
{ "type": "Feature", "properties": { "balita": 17318.0, "u5mr": 14.26, "kabkota": "Kota Pasuruan", "jenis": "Kota", "provinsi": "JAWA TIMUR", "pulau": "Jawa", "provinsi_geojson": "Jawa Timur", "jenis_geo": "Kota", "label": "Kota Pasuruan", "kode_bps": "3575", "geo_key": "kota pasuruan", "name_geojson": "Kota Pasuruan", "peringkat_nasional": 409, "peringkat_provinsi": 19, "kelas_jenks": 1, "kelas_kuantil": 2 }, "geometry": { "type": "MultiPolygon", "coordinates": [ [ [ [ 112.8937, -7.6755 ], [ 112.8747, -7.6268 ], [ 112.8722, -7.6626 ], [ 112.8937, -7.6755 ] ] ] ] } },
{ "type": "Feature", "properties": { "balita": 18875.0, "u5mr": 16.34, "kabkota": "Kota Probolinggo", "jenis": "Kota", "provinsi": "JAWA TIMUR", "pulau": "Jawa", "provinsi_geojson": "Jawa Timur", "jenis_geo": "Kota", "label": "Kota Probolinggo", "kode_bps": "3574", "geo_key": "kota probolinggo", "name_geojson": "Kota Probolinggo", "peringkat_nasional": 320, "peringkat_provinsi": 10, "kelas_jenks": 1, "kelas_kuantil": 2 }, "geometry": { "type": "MultiPolygon", "coordinates": [ [ [ [ 113.234, -7.7805 ], [ 113.1831, -7.7907 ], [ 113.2041, -7.8127 ], [ 113.2259, -7.8016 ], [ 113.2358, -7.7976 ], [ 113.234, -7.7805 ] ] ] ] } },
{ "type": "Feature", "properties": { "balita": 183292.0, "u5mr": 11.52, "kabkota": "Kota Surabaya", "jenis": "Kota", "provinsi": "JAWA TIMUR", "pulau": "Jawa", "provinsi_geojson": "Jawa Timur", "jenis_geo": "Kota", "label": "Kota Surabaya", "kode_bps": "3578", "geo_key": "kota surabaya", "name_geojson": "Kota Surabaya", "peringkat_nasional": 493, "peringkat_provinsi": 38, "kelas_jenks": 1, "kelas_kuantil": 1 }, "geometry": { "type": "MultiPolygon", "coordinates": [ [ [ [ 112.7554, -7.3367 ], [ 112.8463, -7.3004 ], [ 112.7634, -7.1958 ], [ 112.6632, -7.1932 ], [ 112.621, -7.2087 ], [ 112.6103, -7.208 ], [ 112.5992, -7.2233 ], [ 112.5901, -7.2152 ], [ 112.6646, -7.3514 ], [ 112.7043, -7.3365 ], [ 112.7554, -7.3367 ] ] ] ] } },
{ "type": "Feature", "properties": { "balita": 27175.0, "u5mr": 15.17, "kabkota": "Bengkayang", "jenis": "Kabupaten", "provinsi": "KALIMANTAN BARAT", "pulau": "Kalimantan", "provinsi_geojson": "Kalimantan Barat", "jenis_geo": "Kabupaten", "label": "Kab. Bengkayang", "kode_bps": "6102", "geo_key": "bengkayang", "name_geojson": "Kabupaten Bengkayang", "peringkat_nasional": 373, "peringkat_provinsi": 10, "kelas_jenks": 1, "kelas_kuantil": 2 }, "geometry": { "type": "MultiPolygon", "coordinates": [ [ [ [ 110.1041, 1.1406 ], [ 110.1277, 1.1948 ], [ 110.0656, 1.2643 ], [ 109.9794, 1.2985 ], [ 109.9633, 1.4041 ], [ 109.8467, 1.4259 ], [ 109.757, 1.5368 ], [ 109.7189, 1.4757 ], [ 109.7041, 1.475 ], [ 109.6582, 1.4366 ], [ 109.6396, 1.4423 ], [ 109.608, 1.3888 ], [ 109.6206, 1.2414 ], [ 109.5615, 1.1887 ], [ 109.5232, 1.0672 ], [ 109.4786, 1.0143 ], [ 109.4247, 1.0449 ], [ 109.378, 0.9981 ], [ 109.3134, 1.0269 ], [ 109.2176, 0.9763 ], [ 109.1746, 0.9076 ], [ 109.1623, 0.8943 ], [ 109.1127, 0.871 ], [ 109.0507, 0.8365 ], [ 109.0765, 0.7829 ], [ 109.048, 0.7584 ], [ 108.9837, 0.7621 ], [ 108.9546, 0.7582 ], [ 108.9181, 0.7954 ], [ 108.8728, 0.708 ], [ 108.9285, 0.6259 ], [ 108.9259, 0.5586 ], [ 108.9703, 0.5326 ], [ 109.0831, 0.5909 ], [ 109.1435, 0.6463 ], [ 109.1516, 0.6818 ], [ 109.2198, 0.7024 ], [ 109.2546, 0.7284 ], [ 109.278, 0.7413 ], [ 109.3635, 0.7732 ], [ 109.4592, 0.7565 ], [ 109.4889, 0.7334 ], [ 109.5485, 0.7155 ], [ 109.5987, 0.735 ], [ 109.6606, 0.7531 ], [ 109.6841, 0.841 ], [ 109.8551, 0.8574 ], [ 109.9318, 0.9491 ], [ 109.9422, 1.0314 ], [ 109.9953, 1.0254 ], [ 110.0888, 1.0184 ], [ 110.1127, 1.0076 ], [ 110.1129, 1.0625 ], [ 110.1041, 1.1406 ] ] ] ] } },
{ "type": "Feature", "properties": { "balita": 22975.0, "u5mr": 18.93, "kabkota": "Kapuas Hulu", "jenis": "Kabupaten", "provinsi": "KALIMANTAN BARAT", "pulau": "Kalimantan", "provinsi_geojson": "Kalimantan Barat", "jenis_geo": "Kabupaten", "label": "Kab. Kapuas Hulu", "kode_bps": "6108", "geo_key": "kapuas hulu", "name_geojson": "Kabupaten Kapuas Hulu", "peringkat_nasional": 228, "peringkat_provinsi": 3, "kelas_jenks": 2, "kelas_kuantil": 3 }, "geometry": { "type": "MultiPolygon", "coordinates": [ [ [ [ 114.1489, 1.2919 ], [ 114.155, 1.3744 ], [ 114.1781, 1.3947 ], [ 114.1972, 1.3972 ], [ 114.2055, 1.4102 ], [ 114.2021, 1.4211 ], [ 114.1408, 1.4665 ], [ 113.955, 1.4428 ], [ 113.8216, 1.3736 ], [ 113.8037, 1.3004 ], [ 113.6321, 1.2191 ], [ 113.5832, 1.3081 ], [ 113.4998, 1.3181 ], [ 113.4213, 1.2854 ], [ 113.3569, 1.3578 ], [ 113.2678, 1.3877 ], [ 113.1441, 1.3876 ], [ 113.1237, 1.4287 ], [ 112.9751, 1.4105 ], [ 112.9828, 1.4504 ], [ 113.0707, 1.5295 ], [ 112.9896, 1.579 ], [ 112.881, 1.5853 ], [ 112.8408, 1.5382 ], [ 112.7746, 1.5638 ], [ 112.5153, 1.576 ], [ 112.434, 1.5272 ], [ 112.2051, 1.4377 ], [ 112.2323, 1.3792 ], [ 112.1787, 1.3044 ], [ 112.1429, 1.135 ], [ 111.9353, 1.1221 ], [ 111.813, 0.9989 ], [ 111.7174, 1.0068 ], [ 111.6676, 1.0432 ], [ 111.5488, 0.9884 ], [ 111.5368, 0.9369 ], [ 111.561, 0.9212 ], [ 111.6259, 0.9232 ], [ 111.6647, 0.846 ], [ 111.6765, 0.8154 ], [ 111.7475, 0.7472 ], [ 111.6874, 0.6276 ], [ 111.7206, 0.5706 ], [ 111.7245, 0.4593 ], [ 111.686, 0.3775 ], [ 111.6448, 0.3593 ], [ 111.6856, 0.3001 ], [ 111.6665, 0.3013 ], [ 111.7713, 0.2324 ], [ 111.8409, 0.2281 ], [ 111.9266, 0.1831 ], [ 112.006, 0.1951 ], [ 112.0487, 0.1344 ], [ 112.1291, 0.0876 ], [ 112.1484, 0.0768 ], [ 112.2175, 0.1148 ], [ 112.3934, 0.0948 ], [ 112.3957, 0.147 ], [ 112.5056, 0.1048 ], [ 112.5049, 0.1642 ], [ 112.6004, 0.181 ], [ 112.6717, 0.2417 ], [ 112.753, 0.2335 ], [ 112.8241, 0.162 ], [ 112.9482, 0.1466 ], [ 112.9655, 0.2144 ], [ 113.0465, 0.2715 ], [ 113.1005, 0.2307 ], [ 113.257, 0.229 ], [ 113.3176, 0.2679 ], [ 113.4073, 0.259 ], [ 113.4927, 0.3024 ], [ 113.5135, 0.3045 ], [ 113.6288, 0.4131 ], [ 113.6472, 0.4566 ], [ 113.6557, 0.4613 ], [ 113.6853, 0.4995 ], [ 113.7148, 0.5263 ], [ 113.7378, 0.5389 ], [ 113.8511, 0.6083 ], [ 113.8393, 0.6954 ], [ 113.8772, 0.7174 ], [ 113.8997, 0.7549 ], [ 113.9265, 0.8414 ], [ 113.8709, 0.8887 ], [ 113.9135, 0.9725 ], [ 113.8929, 1.0201 ], [ 113.9014, 1.0598 ], [ 113.964, 1.1131 ], [ 114.0085, 1.1434 ], [ 114.0831, 1.1479 ], [ 114.1339, 1.1831 ], [ 114.1489, 1.2919 ] ] ] ] } },
{ "type": "Feature", "properties": { "balita": 12730.0, "u5mr": 21.02, "kabkota": "Kayong Utara", "jenis": "Kabupaten", "provinsi": "KALIMANTAN BARAT", "pulau": "Kalimantan", "provinsi_geojson": "Kalimantan Barat", "jenis_geo": "Kabupaten", "label": "Kab. Kayong Utara", "kode_bps": "6111", "geo_key": "kayong utara", "name_geojson": "Kabupaten Kayong Utara", "peringkat_nasional": 185, "peringkat_provinsi": 1, "kelas_jenks": 2, "kelas_kuantil": 4 }, "geometry": { "type": "MultiPolygon", "coordinates": [ [ [ [ 108.8771, -1.568 ], [ 108.8275, -1.5898 ], [ 108.8577, -1.6771 ], [ 108.9371, -1.6538 ], [ 108.9828, -1.6017 ], [ 108.9396, -1.5518 ], [ 108.8771, -1.568 ] ] ], [ [ [ 109.4883, -0.9733 ], [ 109.4579, -1.0039 ], [ 109.4487, -1.1071 ], [ 109.4057, -1.2454 ], [ 109.427, -1.2922 ], [ 109.4965, -1.3095 ], [ 109.7801, -1.1441 ], [ 109.7557, -1.0223 ], [ 109.6875, -1.018 ], [ 109.5963, -0.9812 ], [ 109.4883, -0.9733 ] ] ], [ [ [ 110.0718, -0.7733 ], [ 110.0409, -0.7608 ], [ 110.0133, -0.7293 ], [ 110.0071, -0.7232 ], [ 109.9812, -0.7246 ], [ 109.968, -0.7396 ], [ 109.9399, -0.7405 ], [ 109.9316, -0.751 ], [ 109.9401, -0.7602 ], [ 109.9311, -0.7692 ], [ 109.9311, -0.7834 ], [ 109.8948, -0.8029 ], [ 109.8648, -0.8321 ], [ 109.7927, -0.8566 ], [ 109.728, -0.9205 ], [ 109.7322, -0.9876 ], [ 109.8191, -1.0918 ], [ 109.9397, -1.1237 ], [ 109.9078, -1.2096 ], [ 109.9618, -1.2772 ], [ 110.0222, -1.2916 ], [ 110.0944, -1.3528 ], [ 110.2235, -1.335 ], [ 110.2841, -1.2835 ], [ 110.3935, -1.2331 ], [ 110.3252, -1.1317 ], [ 110.3583, -1.0744 ], [ 110.3428, -1.0535 ], [ 110.2692, -1.0005 ], [ 110.2415, -0.9333 ], [ 110.1696, -0.8836 ], [ 110.0718, -0.7733 ] ] ] ] } },
{ "type": "Feature", "properties": { "balita": 53946.0, "u5mr": 18.22, "kabkota": "Ketapang", "jenis": "Kabupaten", "provinsi": "KALIMANTAN BARAT", "pulau": "Kalimantan", "provinsi_geojson": "Kalimantan Barat", "jenis_geo": "Kabupaten", "label": "Kab. Ketapang", "kode_bps": "6106", "geo_key": "ketapang", "name_geojson": "Kabupaten Ketapang", "peringkat_nasional": 247, "peringkat_provinsi": 5, "kelas_jenks": 2, "kelas_kuantil": 3 }, "geometry": { "type": "MultiPolygon", "coordinates": [ [ [ [ 110.4702, -0.3242 ], [ 110.4226, -0.3647 ], [ 110.4074, -0.3902 ], [ 110.3206, -0.4105 ], [ 110.3026, -0.4524 ], [ 110.0987, -0.3975 ], [ 110.0404, -0.399 ], [ 110.0145, -0.4487 ], [ 109.9958, -0.4864 ], [ 109.9191, -0.5323 ], [ 109.8805, -0.5876 ], [ 109.8183, -0.6377 ], [ 109.818, -0.6843 ], [ 109.8599, -0.6589 ], [ 109.8835, -0.6914 ], [ 109.8796, -0.7167 ], [ 109.8995, -0.7327 ], [ 109.9327, -0.7195 ], [ 109.9399, -0.7405 ], [ 109.9649, -0.7403 ], [ 109.9776, -0.7255 ], [ 110.0107, -0.7245 ], [ 110.0718, -0.7733 ], [ 110.1696, -0.8836 ], [ 110.2415, -0.9333 ], [ 110.2692, -1.0005 ], [ 110.3428, -1.0535 ], [ 110.3583, -1.0744 ], [ 110.3252, -1.1317 ], [ 110.3935, -1.2331 ], [ 110.2841, -1.2835 ], [ 110.2235, -1.335 ], [ 110.0944, -1.3528 ], [ 110.0354, -1.5253 ], [ 110.0266, -1.6827 ], [ 109.9012, -1.8284 ], [ 110.0674, -1.9315 ], [ 110.1196, -2.0778 ], [ 110.0948, -2.2447 ], [ 110.1457, -2.3315 ], [ 110.1533, -2.4121 ], [ 110.1971, -2.5209 ], [ 110.1592, -2.635 ], [ 110.2141, -2.6481 ], [ 110.2181, -2.7398 ], [ 110.2608, -2.767 ], [ 110.2241, -2.8872 ], [ 110.3067, -2.9909 ], [ 110.4189, -2.8968 ], [ 110.569, -2.8399 ], [ 110.6235, -2.8895 ], [ 110.6571, -3.0399 ], [ 110.7332, -2.9964 ], [ 110.7934, -2.9124 ], [ 110.9696, -2.856 ], [ 111.0118, -2.7952 ], [ 111.1472, -2.7418 ], [ 111.1759, -2.6884 ], [ 111.1316, -2.5988 ], [ 111.0991, -2.4657 ], [ 111.1156, -2.3275 ], [ 111.0401, -2.2058 ], [ 111.0695, -2.1145 ], [ 111.0584, -2.0593 ], [ 111.0789, -2.0094 ], [ 111.0935, -1.9739 ], [ 111.055, -1.9572 ], [ 111.0, -1.9474 ], [ 110.9877, -1.9404 ], [ 110.9641, -1.8948 ], [ 110.9778, -1.8285 ], [ 110.992, -1.7985 ], [ 111.0258, -1.7199 ], [ 110.9943, -1.6501 ], [ 110.8733, -1.6655 ], [ 110.887, -1.5986 ], [ 111.0063, -1.5036 ], [ 111.0349, -1.5288 ], [ 111.156, -1.4318 ], [ 111.2542, -1.4381 ], [ 111.3267, -1.3671 ], [ 111.3159, -1.3012 ], [ 111.2554, -1.2497 ], [ 111.2622, -1.0986 ], [ 111.1983, -1.0197 ], [ 111.1447, -1.0072 ], [ 111.1219, -0.931 ], [ 111.1668, -0.8873 ], [ 111.1613, -0.8459 ], [ 111.1721, -0.8483 ], [ 111.2149, -0.8564 ], [ 111.2073, -0.7823 ], [ 111.2414, -0.6927 ], [ 111.2397, -0.5916 ], [ 111.1977, -0.5225 ], [ 111.1712, -0.5182 ], [ 111.113, -0.5009 ], [ 111.0077, -0.506 ], [ 110.9277, -0.5576 ], [ 110.97, -0.626 ], [ 110.8954, -0.6807 ], [ 110.8239, -0.5999 ], [ 110.6747, -0.6168 ], [ 110.6348, -0.5873 ], [ 110.618, -0.4435 ], [ 110.5704, -0.3465 ], [ 110.538, -0.3509 ], [ 110.5097, -0.3244 ], [ 110.4702, -0.3242 ] ] ] ] } },
{ "type": "Feature", "properties": { "balita": 59241.0, "u5mr": 19.44, "kabkota": "Kubu Raya", "jenis": "Kabupaten", "provinsi": "KALIMANTAN BARAT", "pulau": "Kalimantan", "provinsi_geojson": "Kalimantan Barat", "jenis_geo": "Kabupaten", "label": "Kab. Kubu Raya", "kode_bps": "6112", "geo_key": "kubu raya", "name_geojson": "Kabupaten Kubu Raya", "peringkat_nasional": 216, "peringkat_provinsi": 2, "kelas_jenks": 2, "kelas_kuantil": 3 }, "geometry": { "type": "MultiPolygon", "coordinates": [ [ [ [ 109.2456, -0.6649 ], [ 109.2391, -0.8121 ], [ 109.3017, -0.9015 ], [ 109.3445, -0.874 ], [ 109.4555, -0.8655 ], [ 109.5838, -0.8984 ], [ 109.6126, -0.9724 ], [ 109.6817, -1.0141 ], [ 109.7211, -0.9741 ], [ 109.7207, -0.9141 ], [ 109.7456, -0.8999 ], [ 109.5528, -0.7435 ], [ 109.4666, -0.755 ], [ 109.3936, -0.7072 ], [ 109.3064, -0.7024 ], [ 109.2456, -0.6649 ] ] ], [ [ [ 109.459, 0.2289 ], [ 109.3678, 0.1967 ], [ 109.3805, 0.0484 ], [ 109.3761, -0.0231 ], [ 109.3219, -0.0942 ], [ 109.2857, -0.0184 ], [ 109.2872, 0.0059 ], [ 109.1697, 0.0321 ], [ 109.1591, -0.0409 ], [ 109.1881, -0.0912 ], [ 109.1814, -0.1944 ], [ 109.0872, -0.2785 ], [ 109.1477, -0.5678 ], [ 109.2018, -0.5514 ], [ 109.25, -0.6047 ], [ 109.3742, -0.5846 ], [ 109.4147, -0.6311 ], [ 109.495, -0.6244 ], [ 109.5834, -0.6778 ], [ 109.6893, -0.7059 ], [ 109.6354, -0.7969 ], [ 109.7452, -0.8617 ], [ 109.7927, -0.8566 ], [ 109.8648, -0.8321 ], [ 109.9295, -0.7853 ], [ 109.94, -0.7607 ], [ 109.9316, -0.752 ], [ 109.9416, -0.7342 ], [ 109.9331, -0.7197 ], [ 109.9024, -0.7329 ], [ 109.8842, -0.7231 ], [ 109.8786, -0.7137 ], [ 109.8833, -0.6911 ], [ 109.8599, -0.6589 ], [ 109.818, -0.6843 ], [ 109.8183, -0.6377 ], [ 109.8805, -0.5876 ], [ 109.9191, -0.5323 ], [ 109.946, -0.4445 ], [ 109.9681, -0.4455 ], [ 109.9314, -0.415 ], [ 109.9361, -0.3189 ], [ 109.9707, -0.2817 ], [ 109.921, -0.1473 ], [ 109.9039, -0.1077 ], [ 109.8512, -0.0489 ], [ 109.8428, 0.004 ], [ 109.886, 0.0413 ], [ 109.8764, 0.077 ], [ 109.7726, 0.0769 ], [ 109.7482, 0.0845 ], [ 109.7019, 0.0886 ], [ 109.5503, -0.0113 ], [ 109.5128, -0.0095 ], [ 109.5083, 0.0096 ], [ 109.5034, 0.0923 ], [ 109.5014, 0.138 ], [ 109.4879, 0.1661 ], [ 109.459, 0.2289 ] ] ] ] } },
{ "type": "Feature", "properties": { "balita": 37961.0, "u5mr": 16.58, "kabkota": "Landak", "jenis": "Kabupaten", "provinsi": "KALIMANTAN BARAT", "pulau": "Kalimantan", "provinsi_geojson": "Kalimantan Barat", "jenis_geo": "Kabupaten", "label": "Kab. Landak", "kode_bps": "6103", "geo_key": "landak", "name_geojson": "Kabupaten Landak", "peringkat_nasional": 308, "peringkat_provinsi": 8, "kelas_jenks": 1, "kelas_kuantil": 3 }, "geometry": { "type": "MultiPolygon", "coordinates": [ [ [ [ 109.9953, 1.0254 ], [ 109.9422, 1.0314 ], [ 109.9318, 0.9491 ], [ 109.8551, 0.8574 ], [ 109.6841, 0.841 ], [ 109.6606, 0.7531 ], [ 109.5987, 0.735 ], [ 109.5485, 0.7155 ], [ 109.4889, 0.7334 ], [ 109.4592, 0.7565 ], [ 109.3635, 0.7732 ], [ 109.278, 0.7413 ], [ 109.2546, 0.7284 ], [ 109.2198, 0.7024 ], [ 109.1516, 0.6818 ], [ 109.174, 0.6641 ], [ 109.2505, 0.6677 ], [ 109.2599, 0.6107 ], [ 109.2083, 0.4654 ], [ 109.3011, 0.4156 ], [ 109.3222, 0.3762 ], [ 109.2041, 0.3069 ], [ 109.2437, 0.2459 ], [ 109.2455, 0.2303 ], [ 109.2623, 0.2392 ], [ 109.3203, 0.2464 ], [ 109.3678, 0.1967 ], [ 109.459, 0.2289 ], [ 109.4879, 0.1661 ], [ 109.5014, 0.138 ], [ 109.5034, 0.0923 ], [ 109.5083, 0.0096 ], [ 109.5128, -0.0095 ], [ 109.5503, -0.0113 ], [ 109.7019, 0.0886 ], [ 109.7482, 0.0845 ], [ 109.7726, 0.0769 ], [ 109.8764, 0.077 ], [ 109.9096, 0.0841 ], [ 109.9365, 0.1142 ], [ 109.9582, 0.1075 ], [ 110.0249, 0.1404 ], [ 110.0493, 0.2111 ], [ 110.1171, 0.2072 ], [ 110.1333, 0.3025 ], [ 110.1891, 0.3804 ], [ 110.1639, 0.4576 ], [ 110.2308, 0.5324 ], [ 110.2438, 0.5649 ], [ 110.2183, 0.6248 ], [ 110.2396, 0.7267 ], [ 110.2067, 0.7468 ], [ 110.1936, 0.7646 ], [ 110.179, 0.8053 ], [ 110.181, 0.8282 ], [ 110.205, 0.8479 ], [ 110.2424, 0.8487 ], [ 110.2171, 0.9182 ], [ 110.2165, 0.9727 ], [ 110.1845, 1.0025 ], [ 110.1127, 1.0076 ], [ 110.0888, 1.0184 ], [ 109.9953, 1.0254 ] ] ] ] } },
{ "type": "Feature", "properties": { "balita": 22945.0, "u5mr": 17.55, "kabkota": "Melawi", "jenis": "Kabupaten", "provinsi": "KALIMANTAN BARAT", "pulau": "Kalimantan", "provinsi_geojson": "Kalimantan Barat", "jenis_geo": "Kabupaten", "label": "Kab. Melawi", "kode_bps": "6110", "geo_key": "melawi", "name_geojson": "Kabupaten Melawi", "peringkat_nasional": 272, "peringkat_provinsi": 6, "kelas_jenks": 2, "kelas_kuantil": 3 }, "geometry": { "type": "MultiPolygon", "coordinates": [ [ [ [ 111.6852, -0.1314 ], [ 111.5657, -0.2089 ], [ 111.5415, -0.2348 ], [ 111.4805, -0.2569 ], [ 111.476, -0.3292 ], [ 111.4363, -0.3575 ], [ 111.3916, -0.3497 ], [ 111.2607, -0.4354 ], [ 111.2022, -0.4959 ], [ 111.1977, -0.5225 ], [ 111.2397, -0.5916 ], [ 111.2414, -0.6927 ], [ 111.2073, -0.7823 ], [ 111.2149, -0.8564 ], [ 111.1721, -0.8483 ], [ 111.1613, -0.8459 ], [ 111.1668, -0.8873 ], [ 111.1219, -0.931 ], [ 111.1447, -1.0072 ], [ 111.1983, -1.0197 ], [ 111.2622, -1.0986 ], [ 111.2554, -1.2497 ], [ 111.3159, -1.3012 ], [ 111.3648, -1.3096 ], [ 111.4282, -1.2526 ], [ 111.4866, -1.2312 ], [ 111.5257, -1.2028 ], [ 111.5547, -1.2024 ], [ 111.5776, -1.1692 ], [ 111.5571, -1.1527 ], [ 111.5713, -1.0581 ], [ 111.6251, -0.9911 ], [ 111.7481, -0.9116 ], [ 111.8382, -0.9064 ], [ 111.9173, -0.8411 ], [ 111.9517, -0.7926 ], [ 111.9844, -0.7994 ], [ 112.0549, -0.7706 ], [ 112.0743, -0.734 ], [ 112.1023, -0.7098 ], [ 112.1468, -0.7306 ], [ 112.1744, -0.6842 ], [ 112.2053, -0.6318 ], [ 112.2328, -0.6129 ], [ 112.3151, -0.7233 ], [ 112.4343, -0.6736 ], [ 112.4142, -0.6109 ], [ 112.4354, -0.5057 ], [ 112.4374, -0.4307 ], [ 112.3635, -0.3467 ], [ 112.3541, -0.1913 ], [ 112.2281, -0.2435 ], [ 112.1324, -0.3039 ], [ 112.0278, -0.2129 ], [ 111.9317, -0.1864 ], [ 111.8927, -0.2066 ], [ 111.8925, -0.2134 ], [ 111.8008, -0.1993 ], [ 111.7651, -0.1769 ], [ 111.7686, -0.1861 ], [ 111.7316, -0.1497 ], [ 111.7151, -0.1532 ], [ 111.6852, -0.1314 ] ] ] ] } },
{ "type": "Feature", "properties": { "balita": 27812.0, "u5mr": 15.01, "kabkota": "Mempawah", "jenis": "Kabupaten", "provinsi": "KALIMANTAN BARAT", "pulau": "Kalimantan", "provinsi_geojson": "Kalimantan Barat", "jenis_geo": "Kabupaten", "label": "Kab. Mempawah", "kode_bps": "6104", "geo_key": "mempawah", "name_geojson": "Kabupaten Mempawah", "peringkat_nasional": 384, "peringkat_provinsi": 11, "kelas_jenks": 1, "kelas_kuantil": 2 }, "geometry": { "type": "MultiPolygon", "coordinates": [ [ [ [ 109.1435, 0.6463 ], [ 109.0831, 0.5909 ], [ 108.9703, 0.5326 ], [ 108.939, 0.4492 ], [ 108.9281, 0.3216 ], [ 109.0346, 0.2873 ], [ 109.1006, 0.2368 ], [ 109.139, 0.1253 ], [ 109.1944, 0.061 ], [ 109.2872, 0.0059 ], [ 109.3087, 0.0381 ], [ 109.3805, 0.0484 ], [ 109.3678, 0.1967 ], [ 109.3203, 0.2464 ], [ 109.2623, 0.2392 ], [ 109.2455, 0.2303 ], [ 109.2437, 0.2459 ], [ 109.2041, 0.3069 ], [ 109.3222, 0.3762 ], [ 109.3011, 0.4156 ], [ 109.2083, 0.4654 ], [ 109.2599, 0.6107 ], [ 109.2505, 0.6677 ], [ 109.174, 0.6641 ], [ 109.1435, 0.6463 ] ] ] ] } },
{ "type": "Feature", "properties": { "balita": 56928.0, "u5mr": 16.16, "kabkota": "Sambas", "jenis": "Kabupaten", "provinsi": "KALIMANTAN BARAT", "pulau": "Kalimantan", "provinsi_geojson": "Kalimantan Barat", "jenis_geo": "Kabupaten", "label": "Kab. Sambas", "kode_bps": "6101", "geo_key": "sambas", "name_geojson": "Kabupaten Sambas", "peringkat_nasional": 328, "peringkat_provinsi": 9, "kelas_jenks": 1, "kelas_kuantil": 2 }, "geometry": { "type": "MultiPolygon", "coordinates": [ [ [ [ 109.6396, 1.4423 ], [ 109.6532, 1.4346 ], [ 109.6783, 1.4475 ], [ 109.7039, 1.4749 ], [ 109.719, 1.4758 ], [ 109.7535, 1.527 ], [ 109.7467, 1.5437 ], [ 109.7218, 1.5628 ], [ 109.6885, 1.6098 ], [ 109.6609, 1.6932 ], [ 109.6855, 1.7821 ], [ 109.5863, 1.7919 ], [ 109.5388, 1.9118 ], [ 109.5849, 1.9901 ], [ 109.4765, 1.9824 ], [ 109.4289, 1.9505 ], [ 109.3373, 1.9432 ], [ 109.3373, 1.8332 ], [ 109.2877, 1.7769 ], [ 109.255, 1.6641 ], [ 109.1199, 1.5803 ], [ 109.0547, 1.5184 ], [ 109.0426, 1.3559 ], [ 108.9638, 1.2177 ], [ 108.9034, 1.168 ], [ 108.9785, 0.9974 ], [ 109.0833, 1.001 ], [ 109.1292, 1.018 ], [ 109.1467, 1.0089 ], [ 109.1627, 0.9714 ], [ 109.2176, 0.9763 ], [ 109.3134, 1.0269 ], [ 109.378, 0.9981 ], [ 109.4247, 1.0449 ], [ 109.4786, 1.0143 ], [ 109.5232, 1.0672 ], [ 109.5615, 1.1887 ], [ 109.6206, 1.2414 ], [ 109.608, 1.3888 ], [ 109.6396, 1.4423 ] ] ] ] } },
{ "type": "Feature", "properties": { "balita": 44620.0, "u5mr": 14.7, "kabkota": "Sanggau", "jenis": "Kabupaten", "provinsi": "KALIMANTAN BARAT", "pulau": "Kalimantan", "provinsi_geojson": "Kalimantan Barat", "jenis_geo": "Kabupaten", "label": "Kab. Sanggau", "kode_bps": "6105", "geo_key": "sanggau", "name_geojson": "Kabupaten Sanggau", "peringkat_nasional": 397, "peringkat_provinsi": 12, "kelas_jenks": 1, "kelas_kuantil": 2 }, "geometry": { "type": "MultiPolygon", "coordinates": [ [ [ [ 110.7587, 0.8422 ], [ 110.7657, 0.8604 ], [ 110.8032, 0.9006 ], [ 110.7163, 0.9061 ], [ 110.6976, 0.8842 ], [ 110.5754, 0.8538 ], [ 110.4383, 0.9174 ], [ 110.3964, 0.9977 ], [ 110.2826, 1.0113 ], [ 110.193, 1.1829 ], [ 110.1421, 1.1993 ], [ 110.1041, 1.1406 ], [ 110.1129, 1.0625 ], [ 110.1845, 1.0025 ], [ 110.2165, 0.9727 ], [ 110.2171, 0.9182 ], [ 110.2424, 0.8487 ], [ 110.205, 0.8479 ], [ 110.1843, 0.8361 ], [ 110.1787, 0.8069 ], [ 110.2016, 0.7516 ], [ 110.2396, 0.7267 ], [ 110.2183, 0.6248 ], [ 110.2438, 0.5649 ], [ 110.2308, 0.5324 ], [ 110.1639, 0.4576 ], [ 110.1891, 0.3804 ], [ 110.1333, 0.3025 ], [ 110.1171, 0.2072 ], [ 110.0493, 0.2111 ], [ 110.0249, 0.1404 ], [ 109.9582, 0.1075 ], [ 109.9365, 0.1142 ], [ 109.9096, 0.0841 ], [ 109.8764, 0.077 ], [ 109.886, 0.0413 ], [ 109.8689, 0.0328 ], [ 109.8422, 0.0014 ], [ 109.8513, -0.0491 ], [ 109.9039, -0.1077 ], [ 109.921, -0.1473 ], [ 109.9707, -0.2817 ], [ 109.9361, -0.3189 ], [ 109.9314, -0.415 ], [ 109.9681, -0.4455 ], [ 109.946, -0.4445 ], [ 109.9958, -0.4864 ], [ 110.0145, -0.4487 ], [ 110.0404, -0.399 ], [ 110.0987, -0.3975 ], [ 110.3026, -0.4524 ], [ 110.3206, -0.4105 ], [ 110.4074, -0.3902 ], [ 110.4226, -0.3647 ], [ 110.4702, -0.3242 ], [ 110.5097, -0.3244 ], [ 110.538, -0.3509 ], [ 110.5704, -0.3465 ], [ 110.5531, -0.3261 ], [ 110.6299, -0.203 ], [ 110.6908, -0.168 ], [ 110.7465, -0.1454 ], [ 110.7144, -0.0829 ], [ 110.7248, -0.0038 ], [ 110.7973, 0.0995 ], [ 110.8708, 0.1194 ], [ 110.8945, 0.224 ], [ 110.9086, 0.2511 ], [ 110.9404, 0.4255 ], [ 110.9888, 0.5984 ], [ 110.9894, 0.6902 ], [ 111.0009, 0.724 ], [ 110.9972, 0.7354 ], [ 110.997, 0.7461 ], [ 110.9036, 0.7128 ], [ 110.8137, 0.7897 ], [ 110.7728, 0.8332 ], [ 110.7587, 0.8422 ] ] ] ] } },
{ "type": "Feature", "properties": { "balita": 19669.0, "u5mr": 18.23, "kabkota": "Sekadau", "jenis": "Kabupaten", "provinsi": "KALIMANTAN BARAT", "pulau": "Kalimantan", "provinsi_geojson": "Kalimantan Barat", "jenis_geo": "Kabupaten", "label": "Kab. Sekadau", "kode_bps": "6109", "geo_key": "sekadau", "name_geojson": "Kabupaten Sekadau", "peringkat_nasional": 246, "peringkat_provinsi": 4, "kelas_jenks": 2, "kelas_kuantil": 3 }, "geometry": { "type": "MultiPolygon", "coordinates": [ [ [ [ 111.0507, 0.7199 ], [ 110.9972, 0.7354 ], [ 111.0009, 0.724 ], [ 110.9894, 0.6902 ], [ 110.9888, 0.5984 ], [ 110.9404, 0.4255 ], [ 110.9086, 0.2511 ], [ 110.8945, 0.224 ], [ 110.8708, 0.1194 ], [ 110.7973, 0.0995 ], [ 110.7248, -0.0038 ], [ 110.7144, -0.0829 ], [ 110.7465, -0.1454 ], [ 110.6908, -0.168 ], [ 110.6299, -0.203 ], [ 110.5531, -0.3261 ], [ 110.5704, -0.3465 ], [ 110.618, -0.4435 ], [ 110.6348, -0.5873 ], [ 110.6747, -0.6168 ], [ 110.8239, -0.5999 ], [ 110.8954, -0.6807 ], [ 110.97, -0.626 ], [ 110.9277, -0.5576 ], [ 111.0077, -0.506 ], [ 111.0723, -0.4537 ], [ 110.9983, -0.3728 ], [ 111.0873, -0.2508 ], [ 111.0885, -0.1439 ], [ 111.1354, -0.1055 ], [ 111.1323, 0.0705 ], [ 111.2228, 0.0691 ], [ 111.267, 0.1675 ], [ 111.2595, 0.2948 ], [ 111.208, 0.3684 ], [ 111.2355, 0.4393 ], [ 111.2944, 0.5 ], [ 111.2715, 0.5776 ], [ 111.2122, 0.5983 ], [ 111.2021, 0.6786 ], [ 111.1193, 0.7201 ], [ 111.0507, 0.7199 ] ] ] ] } },
{ "type": "Feature", "properties": { "balita": 40103.0, "u5mr": 17.37, "kabkota": "Sintang", "jenis": "Kabupaten", "provinsi": "KALIMANTAN BARAT", "pulau": "Kalimantan", "provinsi_geojson": "Kalimantan Barat", "jenis_geo": "Kabupaten", "label": "Kab. Sintang", "kode_bps": "6107", "geo_key": "sintang", "name_geojson": "Kabupaten Sintang", "peringkat_nasional": 280, "peringkat_provinsi": 7, "kelas_jenks": 2, "kelas_kuantil": 3 }, "geometry": { "type": "MultiPolygon", "coordinates": [ [ [ [ 111.5368, 0.9369 ], [ 111.4887, 1.0353 ], [ 111.3851, 1.015 ], [ 111.2521, 1.063 ], [ 110.995, 1.0287 ], [ 110.905, 1.0285 ], [ 110.8612, 0.9513 ], [ 110.8093, 0.95 ], [ 110.8163, 0.9054 ], [ 110.7952, 0.897 ], [ 110.7587, 0.8422 ], [ 110.7728, 0.8332 ], [ 110.8137, 0.7897 ], [ 110.9036, 0.7128 ], [ 110.997, 0.7461 ], [ 111.0507, 0.7199 ], [ 111.1193, 0.7201 ], [ 111.2021, 0.6786 ], [ 111.2122, 0.5983 ], [ 111.2715, 0.5776 ], [ 111.2944, 0.5 ], [ 111.2355, 0.4393 ], [ 111.208, 0.3684 ], [ 111.2595, 0.2948 ], [ 111.267, 0.1675 ], [ 111.2228, 0.0691 ], [ 111.1323, 0.0705 ], [ 111.1354, -0.1055 ], [ 111.0885, -0.1439 ], [ 111.0873, -0.2508 ], [ 110.9983, -0.3728 ], [ 111.0723, -0.4537 ], [ 111.113, -0.5009 ], [ 111.1712, -0.5182 ], [ 111.2022, -0.4959 ], [ 111.2607, -0.4354 ], [ 111.3916, -0.3497 ], [ 111.4363, -0.3575 ], [ 111.476, -0.3292 ], [ 111.4805, -0.2569 ], [ 111.5415, -0.2348 ], [ 111.5657, -0.2089 ], [ 111.6852, -0.1314 ], [ 111.7151, -0.1532 ], [ 111.7316, -0.1497 ], [ 111.7686, -0.1861 ], [ 111.7651, -0.1769 ], [ 111.8008, -0.1993 ], [ 111.8925, -0.2134 ], [ 111.8927, -0.2066 ], [ 111.9317, -0.1864 ], [ 112.0278, -0.2129 ], [ 112.1324, -0.3039 ], [ 112.2281, -0.2435 ], [ 112.3541, -0.1913 ], [ 112.3635, -0.3467 ], [ 112.4374, -0.4307 ], [ 112.4354, -0.5057 ], [ 112.4142, -0.6109 ], [ 112.5029, -0.7002 ], [ 112.5613, -0.6962 ], [ 112.6382, -0.6573 ], [ 112.7024, -0.6386 ], [ 112.7295, -0.5881 ], [ 112.8324, -0.5776 ], [ 112.923, -0.522 ], [ 113.0546, -0.5138 ], [ 113.1308, -0.4522 ], [ 113.167, -0.4782 ], [ 113.1922, -0.5035 ], [ 113.2182, -0.5062 ], [ 113.2465, -0.4502 ], [ 113.2609, -0.4493 ], [ 113.266, -0.4363 ], [ 113.2642, -0.4234 ], [ 113.2573, -0.4055 ], [ 113.2391, -0.3778 ], [ 113.2599, -0.2934 ], [ 113.2875, -0.2234 ], [ 113.3302, -0.1516 ], [ 113.4199, -0.0917 ], [ 113.4157, -0.0478 ], [ 113.4328, 0.0092 ], [ 113.404, 0.0897 ], [ 113.4144, 0.1141 ], [ 113.3998, 0.1349 ], [ 113.3135, 0.171 ], [ 113.2943, 0.2071 ], [ 113.2618, 0.23 ], [ 113.1792, 0.2431 ], [ 113.1005, 0.2307 ], [ 113.0465, 0.2715 ], [ 112.9655, 0.2144 ], [ 112.9482, 0.1466 ], [ 112.8241, 0.162 ], [ 112.753, 0.2335 ], [ 112.6717, 0.2417 ], [ 112.6004, 0.181 ], [ 112.5049, 0.1642 ], [ 112.5056, 0.1048 ], [ 112.3957, 0.147 ], [ 112.3934, 0.0948 ], [ 112.2175, 0.1148 ], [ 112.1484, 0.0768 ], [ 112.1291, 0.0876 ], [ 112.0487, 0.1344 ], [ 112.006, 0.1951 ], [ 111.9266, 0.1831 ], [ 111.8409, 0.2281 ], [ 111.7713, 0.2324 ], [ 111.6665, 0.3013 ], [ 111.6856, 0.3001 ], [ 111.6448, 0.3593 ], [ 111.686, 0.3775 ], [ 111.7245, 0.4593 ], [ 111.7206, 0.5706 ], [ 111.6874, 0.6276 ], [ 111.7475, 0.7472 ], [ 111.6765, 0.8154 ], [ 111.6647, 0.846 ], [ 111.6259, 0.9232 ], [ 111.561, 0.9212 ], [ 111.5368, 0.9369 ] ] ] ] } },
{ "type": "Feature", "properties": { "balita": 53619.0, "u5mr": 13.78, "kabkota": "Kota Pontianak", "jenis": "Kota", "provinsi": "KALIMANTAN BARAT", "pulau": "Kalimantan", "provinsi_geojson": "Kalimantan Barat", "jenis_geo": "Kota", "label": "Kota Pontianak", "kode_bps": "6171", "geo_key": "kota pontianak", "name_geojson": "Kota Pontianak", "peringkat_nasional": 424, "peringkat_provinsi": 14, "kelas_jenks": 1, "kelas_kuantil": 1 }, "geometry": { "type": "MultiPolygon", "coordinates": [ [ [ [ 109.3761, -0.0231 ], [ 109.3087, 0.0381 ], [ 109.2857, -0.0184 ], [ 109.3219, -0.0942 ], [ 109.3761, -0.0231 ] ] ] ] } },
{ "type": "Feature", "properties": { "balita": 23103.0, "u5mr": 14.0, "kabkota": "Kota Singkawang", "jenis": "Kota", "provinsi": "KALIMANTAN BARAT", "pulau": "Kalimantan", "provinsi_geojson": "Kalimantan Barat", "jenis_geo": "Kota", "label": "Kota Singkawang", "kode_bps": "6172", "geo_key": "kota singkawang", "name_geojson": "Kota Singkawang", "peringkat_nasional": 413, "peringkat_provinsi": 13, "kelas_jenks": 1, "kelas_kuantil": 1 }, "geometry": { "type": "MultiPolygon", "coordinates": [ [ [ [ 109.1292, 1.018 ], [ 109.0833, 1.001 ], [ 108.9785, 0.9974 ], [ 108.9536, 0.9064 ], [ 108.8738, 0.8402 ], [ 108.9181, 0.7954 ], [ 108.9546, 0.7582 ], [ 108.9837, 0.7621 ], [ 109.048, 0.7584 ], [ 109.0765, 0.7829 ], [ 109.0507, 0.8365 ], [ 109.1127, 0.871 ], [ 109.1453, 0.8815 ], [ 109.1746, 0.9074 ], [ 109.1568, 0.9382 ], [ 109.164, 0.9398 ], [ 109.1627, 0.9714 ], [ 109.1467, 1.0089 ], [ 109.1292, 1.018 ] ] ] ] } },
{ "type": "Feature", "properties": { "balita": 12495.0, "u5mr": 17.59, "kabkota": "Balangan", "jenis": "Kabupaten", "provinsi": "KALIMANTAN SELATAN", "pulau": "Kalimantan", "provinsi_geojson": "Kalimantan Selatan", "jenis_geo": "Kabupaten", "label": "Kab. Balangan", "kode_bps": "6311", "geo_key": "balangan", "name_geojson": "Kabupaten Balangan", "peringkat_nasional": 269, "peringkat_provinsi": 6, "kelas_jenks": 2, "kelas_kuantil": 3 }, "geometry": { "type": "MultiPolygon", "coordinates": [ [ [ [ 115.6876, -2.0768 ], [ 115.6344, -2.1288 ], [ 115.492, -2.2114 ], [ 115.4579, -2.2716 ], [ 115.3556, -2.3409 ], [ 115.3187, -2.3552 ], [ 115.3145, -2.4033 ], [ 115.4315, -2.4654 ], [ 115.4385, -2.4659 ], [ 115.4426, -2.4544 ], [ 115.5286, -2.4836 ], [ 115.6034, -2.5036 ], [ 115.7506, -2.5324 ], [ 115.7907, -2.4353 ], [ 115.8314, -2.3331 ], [ 115.8331, -2.2956 ], [ 115.7851, -2.2155 ], [ 115.8147, -2.0981 ], [ 115.8076, -2.0614 ], [ 115.7217, -2.0627 ], [ 115.6876, -2.0768 ] ] ] ] } },
{ "type": "Feature", "properties": { "balita": 51845.0, "u5mr": 20.52, "kabkota": "Banjar", "jenis": "Kabupaten", "provinsi": "KALIMANTAN SELATAN", "pulau": "Kalimantan", "provinsi_geojson": "Kalimantan Selatan", "jenis_geo": "Kabupaten", "label": "Kab. Banjar", "kode_bps": "6303", "geo_key": "banjar", "name_geojson": "Kabupaten Banjar", "peringkat_nasional": 197, "peringkat_provinsi": 5, "kelas_jenks": 2, "kelas_kuantil": 4 }, "geometry": { "type": "MultiPolygon", "coordinates": [ [ [ [ 115.5773, -2.8835 ], [ 115.5716, -2.8516 ], [ 115.4777, -2.9403 ], [ 115.3875, -2.979 ], [ 115.35, -2.9816 ], [ 115.3521, -2.9755 ], [ 115.3396, -2.965 ], [ 115.2829, -2.9938 ], [ 115.2386, -3.0479 ], [ 115.168, -3.1147 ], [ 115.1657, -3.1882 ], [ 115.0646, -3.1678 ], [ 114.8284, -3.0153 ], [ 114.8306, -3.0945 ], [ 114.8691, -3.1366 ], [ 114.7672, -3.227 ], [ 114.6386, -3.2756 ], [ 114.6283, -3.3131 ], [ 114.6596, -3.3356 ], [ 114.6329, -3.3465 ], [ 114.5861, -3.3821 ], [ 114.549, -3.374 ], [ 114.5223, -3.3634 ], [ 114.5068, -3.388 ], [ 114.5198, -3.4328 ], [ 114.5127, -3.5132 ], [ 114.4988, -3.5189 ], [ 114.5137, -3.5429 ], [ 114.6054, -3.535 ], [ 114.6821, -3.5178 ], [ 114.6746, -3.4608 ], [ 114.7193, -3.3775 ], [ 114.7358, -3.3984 ], [ 114.84, -3.4255 ], [ 114.8737, -3.4392 ], [ 114.9014, -3.475 ], [ 114.8908, -3.4722 ], [ 114.8848, -3.5561 ], [ 114.9603, -3.6509 ], [ 114.9504, -3.7264 ], [ 115.0316, -3.7023 ], [ 115.0896, -3.6736 ], [ 115.1113, -3.6385 ], [ 115.236, -3.5782 ], [ 115.305, -3.5167 ], [ 115.3516, -3.5034 ], [ 115.3907, -3.4374 ], [ 115.4289, -3.296 ], [ 115.4206, -3.228 ], [ 115.4245, -3.2013 ], [ 115.4454, -3.1228 ], [ 115.4787, -3.0952 ], [ 115.4803, -3.0755 ], [ 115.4834, -3.0628 ], [ 115.526, -2.9984 ], [ 115.5573, -2.9846 ], [ 115.5958, -2.8916 ], [ 115.5773, -2.8835 ] ] ] ] } },
{ "type": "Feature", "properties": { "balita": 28111.0, "u5mr": 24.07, "kabkota": "Barito Kuala", "jenis": "Kabupaten", "provinsi": "KALIMANTAN SELATAN", "pulau": "Kalimantan", "provinsi_geojson": "Kalimantan Selatan", "jenis_geo": "Kabupaten", "label": "Kab. Barito Kuala", "kode_bps": "6304", "geo_key": "barito kuala", "name_geojson": "Kabupaten Barito Kuala", "peringkat_nasional": 138, "peringkat_provinsi": 2, "kelas_jenks": 3, "kelas_kuantil": 4 }, "geometry": { "type": "MultiPolygon", "coordinates": [ [ [ [ 114.8332, -2.5625 ], [ 114.7908, -2.6699 ], [ 114.718, -2.7408 ], [ 114.6794, -2.7788 ], [ 114.5977, -2.8156 ], [ 114.5052, -2.9997 ], [ 114.5458, -3.0678 ], [ 114.4237, -3.1799 ], [ 114.4359, -3.2426 ], [ 114.3748, -3.287 ], [ 114.3471, -3.4201 ], [ 114.353, -3.4644 ], [ 114.4988, -3.5189 ], [ 114.5127, -3.5132 ], [ 114.5198, -3.4328 ], [ 114.5068, -3.388 ], [ 114.5618, -3.3152 ], [ 114.6251, -3.2851 ], [ 114.7672, -3.227 ], [ 114.8691, -3.1366 ], [ 114.8306, -3.0945 ], [ 114.8266, -2.9928 ], [ 114.8149, -2.9922 ], [ 114.7992, -2.9568 ], [ 114.8394, -2.87 ], [ 114.8043, -2.7423 ], [ 114.8332, -2.5625 ] ] ] ] } },
{ "type": "Feature", "properties": { "balita": 19764.0, "u5mr": 23.62, "kabkota": "Hulu Sungai Selatan", "jenis": "Kabupaten", "provinsi": "KALIMANTAN SELATAN", "pulau": "Kalimantan", "provinsi_geojson": "Kalimantan Selatan", "jenis_geo": "Kabupaten", "label": "Kab. Hulu Sungai Selatan", "kode_bps": "6306", "geo_key": "hulu sungai selatan", "name_geojson": "Kabupaten Hulu Sungai Selatan", "peringkat_nasional": 143, "peringkat_provinsi": 4, "kelas_jenks": 3, "kelas_kuantil": 4 }, "geometry": { "type": "MultiPolygon", "coordinates": [ [ [ [ 114.9985, -2.4991 ], [ 114.9251, -2.5038 ], [ 114.9164, -2.5231 ], [ 114.8646, -2.5282 ], [ 114.9981, -2.7571 ], [ 115.0246, -2.7796 ], [ 115.0741, -2.7864 ], [ 115.0628, -2.834 ], [ 115.0855, -2.841 ], [ 115.2317, -2.8683 ], [ 115.3022, -2.9221 ], [ 115.3812, -2.9159 ], [ 115.462, -2.8721 ], [ 115.5123, -2.8851 ], [ 115.5695, -2.8148 ], [ 115.5979, -2.7213 ], [ 115.5478, -2.7292 ], [ 115.4825, -2.7292 ], [ 115.4085, -2.7661 ], [ 115.327, -2.6966 ], [ 115.2313, -2.6825 ], [ 115.1885, -2.6321 ], [ 115.1581, -2.6114 ], [ 115.1752, -2.5576 ], [ 115.0259, -2.5091 ], [ 114.9985, -2.4991 ] ] ] ] } },
{ "type": "Feature", "properties": { "balita": 21766.0, "u5mr": 24.0, "kabkota": "Hulu Sungai Tengah", "jenis": "Kabupaten", "provinsi": "KALIMANTAN SELATAN", "pulau": "Kalimantan", "provinsi_geojson": "Kalimantan Selatan", "jenis_geo": "Kabupaten", "label": "Kab. Hulu Sungai Tengah", "kode_bps": "6307", "geo_key": "hulu sungai tengah", "name_geojson": "Kabupaten Hulu Sungai Tengah", "peringkat_nasional": 140, "peringkat_provinsi": 3, "kelas_jenks": 3, "kelas_kuantil": 4 }, "geometry": { "type": "MultiPolygon", "coordinates": [ [ [ [ 115.4385, -2.4659 ], [ 115.3823, -2.5051 ], [ 115.3414, -2.4684 ], [ 115.2485, -2.5325 ], [ 115.1547, -2.5546 ], [ 115.1752, -2.5576 ], [ 115.1581, -2.6114 ], [ 115.1885, -2.6321 ], [ 115.2313, -2.6825 ], [ 115.327, -2.6966 ], [ 115.4085, -2.7661 ], [ 115.4825, -2.7292 ], [ 115.5478, -2.7292 ], [ 115.5979, -2.7213 ], [ 115.5896, -2.7602 ], [ 115.809, -2.6167 ], [ 115.8187, -2.5619 ], [ 115.7506, -2.5324 ], [ 115.6034, -2.5036 ], [ 115.5286, -2.4836 ], [ 115.4426, -2.4544 ], [ 115.4385, -2.4659 ] ] ] ] } },
{ "type": "Feature", "properties": { "balita": 20942.0, "u5mr": 25.09, "kabkota": "Hulu Sungai Utara", "jenis": "Kabupaten", "provinsi": "KALIMANTAN SELATAN", "pulau": "Kalimantan", "provinsi_geojson": "Kalimantan Selatan", "jenis_geo": "Kabupaten", "label": "Kab. Hulu Sungai Utara", "kode_bps": "6308", "geo_key": "hulu sungai utara", "name_geojson": "Kabupaten Hulu Sungai Utara", "peringkat_nasional": 120, "peringkat_provinsi": 1, "kelas_jenks": 3, "kelas_kuantil": 4 }, "geometry": { "type": "MultiPolygon", "coordinates": [ [ [ [ 115.1073, -2.3049 ], [ 115.0736, -2.3507 ], [ 114.9864, -2.402 ], [ 114.9343, -2.4421 ], [ 114.9192, -2.4642 ], [ 114.8743, -2.4971 ], [ 114.8593, -2.5263 ], [ 114.9155, -2.5235 ], [ 114.9251, -2.5038 ], [ 114.9985, -2.4991 ], [ 115.1351, -2.5401 ], [ 115.1612, -2.5521 ], [ 115.1547, -2.5546 ], [ 115.2485, -2.5325 ], [ 115.3414, -2.4684 ], [ 115.3823, -2.5051 ], [ 115.3926, -2.4889 ], [ 115.3869, -2.4811 ], [ 115.3941, -2.4768 ], [ 115.3982, -2.4448 ], [ 115.3126, -2.4005 ], [ 115.3187, -2.3552 ], [ 115.301, -2.3411 ], [ 115.2138, -2.3402 ], [ 115.1073, -2.3049 ] ] ] ] } },
{ "type": "Feature", "properties": { "balita": 33062.0, "u5mr": 17.47, "kabkota": "Kota Baru", "jenis": "Kabupaten", "provinsi": "KALIMANTAN SELATAN", "pulau": "Kalimantan", "provinsi_geojson": "Kalimantan Selatan", "jenis_geo": "Kabupaten", "label": "Kab. Kota Baru", "kode_bps": "6302", "geo_key": "kotabaru", "name_geojson": "Kabupaten Kotabaru", "peringkat_nasional": 277, "peringkat_provinsi": 7, "kelas_jenks": 2, "kelas_kuantil": 3 }, "geometry": { "type": "MultiPolygon", "coordinates": [ [ [ [ 116.391, -3.4125 ], [ 116.3452, -3.4516 ], [ 116.3126, -3.5548 ], [ 116.3988, -3.6271 ], [ 116.4347, -3.4216 ], [ 116.391, -3.4125 ] ] ], [ [ [ 116.1392, -3.3017 ], [ 116.1142, -3.3075 ], [ 116.0057, -3.6818 ], [ 116.0814, -3.8251 ], [ 116.0775, -3.9311 ], [ 116.0389, -4.0228 ], [ 116.1433, -4.035 ], [ 116.2734, -3.907 ], [ 116.2712, -3.8164 ], [ 116.3005, -3.7131 ], [ 116.3133, -3.5045 ], [ 116.3009, -3.4384 ], [ 116.2494, -3.3752 ], [ 116.2739, -3.2832 ], [ 116.2598, -3.212 ], [ 116.1392, -3.3017 ] ] ], [ [ [ 116.2358, -2.3091 ], [ 116.1497, -2.3241 ], [ 116.033, -2.3074 ], [ 115.8898, -2.3371 ], [ 115.8573, -2.386 ], [ 115.7907, -2.4353 ], [ 115.7506, -2.5324 ], [ 115.8187, -2.5619 ], [ 115.809, -2.6167 ], [ 115.5896, -2.7602 ], [ 115.5716, -2.8516 ], [ 115.5773, -2.8835 ], [ 115.5958, -2.8916 ], [ 115.5573, -2.9846 ], [ 115.526, -2.9984 ], [ 115.5669, -3.0126 ], [ 115.5845, -3.005 ], [ 115.5916, -3.0359 ], [ 115.6878, -3.0804 ], [ 115.7112, -3.0883 ], [ 115.7688, -3.1952 ], [ 115.9342, -3.1524 ], [ 115.9513, -3.1933 ], [ 116.0413, -3.2615 ], [ 116.0816, -3.2574 ], [ 116.1766, -3.2509 ], [ 116.1673, -3.1745 ], [ 116.2113, -3.1276 ], [ 116.1581, -3.015 ], [ 116.0887, -2.9877 ], [ 116.1034, -2.917 ], [ 116.2071, -2.9385 ], [ 116.27, -3.0025 ], [ 116.3587, -2.8648 ], [ 116.3671, -2.6683 ], [ 116.3982, -2.5286 ], [ 116.4782, -2.5168 ], [ 116.5462, -2.4592 ], [ 116.5471, -2.4023 ], [ 116.3277, -2.3408 ], [ 116.2363, -2.3279 ], [ 116.2358, -2.3091 ] ] ] ] } },
{ "type": "Feature", "properties": { "balita": 22572.0, "u5mr": 15.07, "kabkota": "Tabalong", "jenis": "Kabupaten", "provinsi": "KALIMANTAN SELATAN", "pulau": "Kalimantan", "provinsi_geojson": "Kalimantan Selatan", "jenis_geo": "Kabupaten", "label": "Kab. Tabalong", "kode_bps": "6309", "geo_key": "tabalong", "name_geojson": "Kabupaten Tabalong", "peringkat_nasional": 379, "peringkat_provinsi": 11, "kelas_jenks": 1, "kelas_kuantil": 2 }, "geometry": { "type": "MultiPolygon", "coordinates": [ [ [ [ 115.7093, -1.3389 ], [ 115.576, -1.3809 ], [ 115.5125, -1.452 ], [ 115.4554, -1.4616 ], [ 115.4336, -1.4522 ], [ 115.3594, -1.5879 ], [ 115.3741, -1.6527 ], [ 115.3469, -1.6746 ], [ 115.3344, -1.748 ], [ 115.3135, -1.8254 ], [ 115.3195, -1.8921 ], [ 115.3995, -1.8864 ], [ 115.4339, -1.9699 ], [ 115.355, -2.0945 ], [ 115.3358, -2.0958 ], [ 115.2542, -2.2094 ], [ 115.1255, -2.2946 ], [ 115.2138, -2.3402 ], [ 115.301, -2.3411 ], [ 115.3556, -2.3409 ], [ 115.4579, -2.2716 ], [ 115.492, -2.2114 ], [ 115.6344, -2.1288 ], [ 115.6876, -2.0768 ], [ 115.7133, -2.0228 ], [ 115.6942, -1.9774 ], [ 115.7324, -1.8612 ], [ 115.6652, -1.7067 ], [ 115.6769, -1.6565 ], [ 115.6517, -1.6224 ], [ 115.6545, -1.6125 ], [ 115.6398, -1.5862 ], [ 115.6402, -1.5611 ], [ 115.636, -1.5483 ], [ 115.6555, -1.5127 ], [ 115.6888, -1.4488 ], [ 115.7091, -1.4119 ], [ 115.7093, -1.3389 ] ] ] ] } },
{ "type": "Feature", "properties": { "balita": 31593.0, "u5mr": 16.29, "kabkota": "Tanah Bumbu", "jenis": "Kabupaten", "provinsi": "KALIMANTAN SELATAN", "pulau": "Kalimantan", "provinsi_geojson": "Kalimantan Selatan", "jenis_geo": "Kabupaten", "label": "Kab. Tanah Bumbu", "kode_bps": "6310", "geo_key": "tanah bumbu", "name_geojson": "Kabupaten Tanah Bumbu", "peringkat_nasional": 322, "peringkat_provinsi": 8, "kelas_jenks": 1, "kelas_kuantil": 2 }, "geometry": { "type": "MultiPolygon", "coordinates": [ [ [ [ 115.5845, -3.005 ], [ 115.5669, -3.0126 ], [ 115.4834, -3.0628 ], [ 115.4803, -3.0755 ], [ 115.4787, -3.0952 ], [ 115.4454, -3.1228 ], [ 115.4245, -3.2013 ], [ 115.4206, -3.228 ], [ 115.4289, -3.296 ], [ 115.3907, -3.4374 ], [ 115.3516, -3.5034 ], [ 115.2613, -3.5618 ], [ 115.25, -3.5908 ], [ 115.2833, -3.7 ], [ 115.3244, -3.7055 ], [ 115.3717, -3.8279 ], [ 115.4783, -3.8097 ], [ 115.7158, -3.7316 ], [ 115.8335, -3.6306 ], [ 115.9678, -3.61 ], [ 116.0143, -3.4833 ], [ 116.0069, -3.4327 ], [ 116.0816, -3.2574 ], [ 116.0413, -3.2615 ], [ 115.9513, -3.1933 ], [ 115.9342, -3.1524 ], [ 115.7688, -3.1952 ], [ 115.7112, -3.0883 ], [ 115.6878, -3.0804 ], [ 115.5916, -3.0359 ], [ 115.5845, -3.005 ] ] ] ] } },
{ "type": "Feature", "properties": { "balita": 29635.0, "u5mr": 15.52, "kabkota": "Tanah Laut", "jenis": "Kabupaten", "provinsi": "KALIMANTAN SELATAN", "pulau": "Kalimantan", "provinsi_geojson": "Kalimantan Selatan", "jenis_geo": "Kabupaten", "label": "Kab. Tanah Laut", "kode_bps": "6301", "geo_key": "tanah laut", "name_geojson": "Kabupaten Tanah Laut", "peringkat_nasional": 353, "peringkat_provinsi": 9, "kelas_jenks": 1, "kelas_kuantil": 2 }, "geometry": { "type": "MultiPolygon", "coordinates": [ [ [ [ 114.7732, -3.5233 ], [ 114.693, -3.5126 ], [ 114.6054, -3.535 ], [ 114.5137, -3.5429 ], [ 114.6044, -3.6225 ], [ 114.6231, -3.7114 ], [ 114.6023, -3.8087 ], [ 114.6378, -4.0288 ], [ 114.6283, -4.1694 ], [ 114.7091, -4.1695 ], [ 115.0202, -4.0068 ], [ 115.3773, -3.8589 ], [ 115.3717, -3.8279 ], [ 115.3244, -3.7055 ], [ 115.2833, -3.7 ], [ 115.25, -3.5908 ], [ 115.2613, -3.5618 ], [ 115.236, -3.5782 ], [ 115.1113, -3.6385 ], [ 115.0896, -3.6736 ], [ 115.0316, -3.7023 ], [ 114.9504, -3.7264 ], [ 114.9603, -3.6509 ], [ 114.8848, -3.5561 ], [ 114.8821, -3.557 ], [ 114.8568, -3.5692 ], [ 114.8119, -3.5395 ], [ 114.7732, -3.5233 ] ] ] ] } },
{ "type": "Feature", "properties": { "balita": 16070.0, "u5mr": 15.33, "kabkota": "Tapin", "jenis": "Kabupaten", "provinsi": "KALIMANTAN SELATAN", "pulau": "Kalimantan", "provinsi_geojson": "Kalimantan Selatan", "jenis_geo": "Kabupaten", "label": "Kab. Tapin", "kode_bps": "6305", "geo_key": "tapin", "name_geojson": "Kabupaten Tapin", "peringkat_nasional": 367, "peringkat_provinsi": 10, "kelas_jenks": 1, "kelas_kuantil": 2 }, "geometry": { "type": "MultiPolygon", "coordinates": [ [ [ [ 115.0741, -2.7864 ], [ 115.0323, -2.7822 ], [ 115.0047, -2.7634 ], [ 114.9806, -2.7337 ], [ 114.8609, -2.5265 ], [ 114.8043, -2.7423 ], [ 114.8394, -2.87 ], [ 114.7992, -2.9568 ], [ 114.8149, -2.9922 ], [ 114.8266, -2.9928 ], [ 114.8284, -3.0153 ], [ 115.0646, -3.1678 ], [ 115.1657, -3.1882 ], [ 115.168, -3.1147 ], [ 115.2386, -3.0479 ], [ 115.2778, -2.9979 ], [ 115.3128, -2.9818 ], [ 115.3225, -2.9689 ], [ 115.3451, -2.9653 ], [ 115.3875, -2.979 ], [ 115.4777, -2.9403 ], [ 115.462, -2.8721 ], [ 115.3812, -2.9159 ], [ 115.3022, -2.9221 ], [ 115.2317, -2.8683 ], [ 115.0855, -2.841 ], [ 115.0628, -2.834 ], [ 115.0741, -2.7864 ] ] ] ] } },
{ "type": "Feature", "properties": { "balita": 22896.0, "u5mr": 12.68, "kabkota": "Kota Banjar Baru", "jenis": "Kota", "provinsi": "KALIMANTAN SELATAN", "pulau": "Kalimantan", "provinsi_geojson": "Kalimantan Selatan", "jenis_geo": "Kota", "label": "Kota Banjar Baru", "kode_bps": "6372", "geo_key": "kota banjarbaru", "name_geojson": "Kota Banjarbaru", "peringkat_nasional": 463, "peringkat_provinsi": 13, "kelas_jenks": 1, "kelas_kuantil": 1 }, "geometry": { "type": "MultiPolygon", "coordinates": [ [ [ [ 114.7193, -3.3775 ], [ 114.6746, -3.4608 ], [ 114.6821, -3.5178 ], [ 114.7732, -3.5233 ], [ 114.8119, -3.5395 ], [ 114.8568, -3.5692 ], [ 114.8821, -3.557 ], [ 114.8908, -3.4722 ], [ 114.9014, -3.475 ], [ 114.8737, -3.4392 ], [ 114.84, -3.4255 ], [ 114.7358, -3.3984 ], [ 114.7193, -3.3775 ] ] ] ] } },
{ "type": "Feature", "properties": { "balita": 51940.0, "u5mr": 13.08, "kabkota": "Kota Banjarmasin", "jenis": "Kota", "provinsi": "KALIMANTAN SELATAN", "pulau": "Kalimantan", "provinsi_geojson": "Kalimantan Selatan", "jenis_geo": "Kota", "label": "Kota Banjarmasin", "kode_bps": "6371", "geo_key": "kota banjarmasin", "name_geojson": "Kota Banjarmasin", "peringkat_nasional": 444, "peringkat_provinsi": 12, "kelas_jenks": 1, "kelas_kuantil": 1 }, "geometry": { "type": "MultiPolygon", "coordinates": [ [ [ [ 114.6251, -3.2851 ], [ 114.5618, -3.3152 ], [ 114.5223, -3.3634 ], [ 114.549, -3.374 ], [ 114.5861, -3.3821 ], [ 114.6329, -3.3465 ], [ 114.6596, -3.3356 ], [ 114.6283, -3.3131 ], [ 114.6386, -3.2756 ], [ 114.6251, -3.2851 ] ] ] ] } },
{ "type": "Feature", "properties": { "balita": 11444.0, "u5mr": 22.52, "kabkota": "Barito Selatan", "jenis": "Kabupaten", "provinsi": "KALIMANTAN TENGAH", "pulau": "Kalimantan", "provinsi_geojson": "Kalimantan Tengah", "jenis_geo": "Kabupaten", "label": "Kab. Barito Selatan", "kode_bps": "6204", "geo_key": "barito selatan", "name_geojson": "Kabupaten Barito Selatan", "peringkat_nasional": 154, "peringkat_provinsi": 2, "kelas_jenks": 2, "kelas_kuantil": 4 }, "geometry": { "type": "MultiPolygon", "coordinates": [ [ [ [ 115.365, -1.2559 ], [ 115.3523, -1.2711 ], [ 115.3078, -1.2968 ], [ 115.2443, -1.3204 ], [ 115.0843, -1.3057 ], [ 114.8946, -1.3536 ], [ 114.6681, -1.3193 ], [ 114.6619, -1.4082 ], [ 114.6138, -1.5515 ], [ 114.5968, -1.6699 ], [ 114.6205, -1.9076 ], [ 114.6168, -2.0167 ], [ 114.6941, -2.1551 ], [ 114.6805, -2.3245 ], [ 114.6443, -2.4048 ], [ 114.7369, -2.4394 ], [ 114.7698, -2.4932 ], [ 114.7173, -2.5675 ], [ 114.7973, -2.5915 ], [ 114.8332, -2.5625 ], [ 114.8826, -2.4886 ], [ 115.0014, -2.3957 ], [ 114.9797, -2.3688 ], [ 114.9259, -2.2513 ], [ 114.9134, -2.1684 ], [ 114.9413, -1.9836 ], [ 114.9367, -1.8425 ], [ 115.0686, -1.6495 ], [ 115.1571, -1.6403 ], [ 115.3145, -1.6447 ], [ 115.3621, -1.6204 ], [ 115.3594, -1.5879 ], [ 115.4336, -1.4522 ], [ 115.4377, -1.4448 ], [ 115.401, -1.3553 ], [ 115.4132, -1.2767 ], [ 115.4023, -1.2523 ], [ 115.365, -1.2559 ] ] ] ] } },
{ "type": "Feature", "properties": { "balita": 10071.0, "u5mr": 24.68, "kabkota": "Barito Timur", "jenis": "Kabupaten", "provinsi": "KALIMANTAN TENGAH", "pulau": "Kalimantan", "provinsi_geojson": "Kalimantan Tengah", "jenis_geo": "Kabupaten", "label": "Kab. Barito Timur", "kode_bps": "6212", "geo_key": "barito timur", "name_geojson": "Kabupaten Barito Timur", "peringkat_nasional": 127, "peringkat_provinsi": 1, "kelas_jenks": 3, "kelas_kuantil": 4 }, "geometry": { "type": "MultiPolygon", "coordinates": [ [ [ [ 115.3621, -1.6204 ], [ 115.3145, -1.6447 ], [ 115.1571, -1.6403 ], [ 115.0686, -1.6495 ], [ 114.9367, -1.8425 ], [ 114.9413, -1.9836 ], [ 114.9134, -2.1684 ], [ 114.9259, -2.2513 ], [ 114.9797, -2.3688 ], [ 115.0014, -2.3957 ], [ 115.0736, -2.3507 ], [ 115.1073, -2.3049 ], [ 115.2542, -2.2094 ], [ 115.3358, -2.0958 ], [ 115.355, -2.0945 ], [ 115.4339, -1.9699 ], [ 115.3995, -1.8864 ], [ 115.3195, -1.8921 ], [ 115.3135, -1.8254 ], [ 115.3344, -1.748 ], [ 115.3469, -1.6746 ], [ 115.3741, -1.6527 ], [ 115.3621, -1.6204 ] ] ] ] } },
{ "type": "Feature", "properties": { "balita": 14564.0, "u5mr": 19.09, "kabkota": "Barito Utara", "jenis": "Kabupaten", "provinsi": "KALIMANTAN TENGAH", "pulau": "Kalimantan", "provinsi_geojson": "Kalimantan Tengah", "jenis_geo": "Kabupaten", "label": "Kab. Barito Utara", "kode_bps": "6205", "geo_key": "barito utara", "name_geojson": "Kabupaten Barito Utara", "peringkat_nasional": 225, "peringkat_provinsi": 10, "kelas_jenks": 2, "kelas_kuantil": 3 }, "geometry": { "type": "MultiPolygon", "coordinates": [ [ [ [ 115.2402, -0.0571 ], [ 115.1646, -0.0878 ], [ 115.1504, -0.139 ], [ 115.0502, -0.1617 ], [ 115.0281, -0.2024 ], [ 115.0392, -0.24 ], [ 115.013, -0.2662 ], [ 115.0387, -0.3381 ], [ 115.0081, -0.3641 ], [ 115.0111, -0.4632 ], [ 115.0002, -0.5169 ], [ 114.9997, -0.5568 ], [ 114.9777, -0.5888 ], [ 114.923, -0.6172 ], [ 114.8729, -0.7126 ], [ 114.7365, -0.7683 ], [ 114.6534, -0.8599 ], [ 114.5697, -0.8753 ], [ 114.5216, -0.9034 ], [ 114.483, -0.9786 ], [ 114.4832, -1.0433 ], [ 114.4889, -1.0817 ], [ 114.5808, -1.159 ], [ 114.6974, -1.1643 ], [ 114.6681, -1.3193 ], [ 114.8946, -1.3536 ], [ 115.0843, -1.3057 ], [ 115.2443, -1.3204 ], [ 115.3078, -1.2968 ], [ 115.3523, -1.2711 ], [ 115.365, -1.2559 ], [ 115.3979, -1.2509 ], [ 115.4131, -1.2706 ], [ 115.401, -1.3553 ], [ 115.4377, -1.4448 ], [ 115.4554, -1.4616 ], [ 115.5125, -1.452 ], [ 115.576, -1.3809 ], [ 115.7093, -1.3389 ], [ 115.7668, -1.2943 ], [ 115.7772, -1.2312 ], [ 115.8494, -1.1718 ], [ 115.842, -1.0963 ], [ 115.7664, -1.1377 ], [ 115.6792, -1.0089 ], [ 115.5914, -0.935 ], [ 115.5473, -0.8544 ], [ 115.4929, -0.875 ], [ 115.3603, -0.8766 ], [ 115.2895, -0.7994 ], [ 115.3727, -0.6537 ], [ 115.3567, -0.5492 ], [ 115.2904, -0.5554 ], [ 115.2936, -0.5165 ], [ 115.2975, -0.4788 ], [ 115.2673, -0.432 ], [ 115.2626, -0.4009 ], [ 115.2532, -0.3026 ], [ 115.2732, -0.2433 ], [ 115.2709, -0.1427 ], [ 115.2871, -0.1281 ], [ 115.3165, -0.0971 ], [ 115.2913, -0.0781 ], [ 115.2402, -0.0571 ] ] ] ] } },
{ "type": "Feature", "properties": { "balita": 14325.0, "u5mr": 19.43, "kabkota": "Gunung Mas", "jenis": "Kabupaten", "provinsi": "KALIMANTAN TENGAH", "pulau": "Kalimantan", "provinsi_geojson": "Kalimantan Tengah", "jenis_geo": "Kabupaten", "label": "Kab. Gunung Mas", "kode_bps": "6211", "geo_key": "gunung mas", "name_geojson": "Kabupaten Gunung Mas", "peringkat_nasional": 217, "peringkat_provinsi": 8, "kelas_jenks": 2, "kelas_kuantil": 3 }, "geometry": { "type": "MultiPolygon", "coordinates": [ [ [ [ 113.4438, -0.2908 ], [ 113.4294, -0.3034 ], [ 113.3739, -0.3781 ], [ 113.333, -0.3959 ], [ 113.2573, -0.4055 ], [ 113.2642, -0.4234 ], [ 113.266, -0.4363 ], [ 113.2609, -0.4493 ], [ 113.2465, -0.4502 ], [ 113.2182, -0.5062 ], [ 113.1941, -0.5081 ], [ 113.1576, -0.5592 ], [ 113.2204, -0.6598 ], [ 113.1847, -0.7442 ], [ 113.2299, -0.9424 ], [ 113.2863, -1.0644 ], [ 113.2037, -1.1677 ], [ 113.1992, -1.2835 ], [ 113.3613, -1.5255 ], [ 113.4337, -1.5774 ], [ 113.502, -1.6445 ], [ 113.5638, -1.6534 ], [ 113.6482, -1.5847 ], [ 113.7495, -1.6058 ], [ 113.8443, -1.583 ], [ 113.8917, -1.5381 ], [ 113.9736, -1.5206 ], [ 113.9831, -1.5321 ], [ 114.008, -1.4735 ], [ 114.0048, -1.2903 ], [ 113.97, -1.1117 ], [ 113.9854, -1.0665 ], [ 113.928, -0.9997 ], [ 113.809, -0.9587 ], [ 113.748, -0.8421 ], [ 113.7039, -0.8174 ], [ 113.6871, -0.7711 ], [ 113.6964, -0.6342 ], [ 113.7271, -0.5675 ], [ 113.7356, -0.5501 ], [ 113.7558, -0.4654 ], [ 113.7176, -0.4186 ], [ 113.7087, -0.3765 ], [ 113.6322, -0.3452 ], [ 113.5829, -0.372 ], [ 113.4682, -0.3806 ], [ 113.4549, -0.3089 ], [ 113.4438, -0.2908 ] ] ] ] } },
{ "type": "Feature", "properties": { "balita": 41214.0, "u5mr": 22.52, "kabkota": "Kapuas", "jenis": "Kabupaten", "provinsi": "KALIMANTAN TENGAH", "pulau": "Kalimantan", "provinsi_geojson": "Kalimantan Tengah", "jenis_geo": "Kabupaten", "label": "Kab. Kapuas", "kode_bps": "6203", "geo_key": "kapuas", "name_geojson": "Kabupaten Kapuas", "peringkat_nasional": 154, "peringkat_provinsi": 2, "kelas_jenks": 2, "kelas_kuantil": 4 }, "geometry": { "type": "MultiPolygon", "coordinates": [ [ [ [ 114.0095, -0.4223 ], [ 113.9379, -0.3946 ], [ 113.9, -0.4676 ], [ 113.7878, -0.461 ], [ 113.7356, -0.5501 ], [ 113.7271, -0.5675 ], [ 113.6964, -0.6342 ], [ 113.6871, -0.7711 ], [ 113.7039, -0.8174 ], [ 113.748, -0.8421 ], [ 113.809, -0.9587 ], [ 113.928, -0.9997 ], [ 113.9854, -1.0665 ], [ 113.97, -1.1117 ], [ 114.0048, -1.2903 ], [ 114.008, -1.4735 ], [ 113.9831, -1.5321 ], [ 113.9984, -1.5631 ], [ 113.9815, -1.6671 ], [ 113.9859, -1.8026 ], [ 114.032, -1.9067 ], [ 114.1711, -2.0905 ], [ 114.1844, -2.1887 ], [ 114.2619, -2.2316 ], [ 114.2624, -2.3779 ], [ 114.3253, -2.3733 ], [ 114.3381, -2.7174 ], [ 114.2847, -2.8037 ], [ 114.2837, -2.8653 ], [ 114.2123, -2.9374 ], [ 114.2811, -3.0443 ], [ 114.2259, -3.1919 ], [ 114.1467, -3.1875 ], [ 114.1414, -3.2669 ], [ 114.172, -3.334 ], [ 114.1832, -3.3934 ], [ 114.3471, -3.4201 ], [ 114.3748, -3.287 ], [ 114.4359, -3.2426 ], [ 114.4237, -3.1799 ], [ 114.5458, -3.0678 ], [ 114.5052, -2.9997 ], [ 114.5977, -2.8156 ], [ 114.6794, -2.7788 ], [ 114.718, -2.7408 ], [ 114.7919, -2.6643 ], [ 114.7973, -2.5915 ], [ 114.7173, -2.5675 ], [ 114.7698, -2.4932 ], [ 114.7369, -2.4394 ], [ 114.6443, -2.4048 ], [ 114.6805, -2.3245 ], [ 114.6941, -2.1551 ], [ 114.6168, -2.0167 ], [ 114.6205, -1.9076 ], [ 114.5968, -1.6699 ], [ 114.6138, -1.5515 ], [ 114.6619, -1.4082 ], [ 114.6681, -1.3193 ], [ 114.6974, -1.1643 ], [ 114.5808, -1.159 ], [ 114.4889, -1.0817 ], [ 114.4832, -1.0433 ], [ 114.483, -0.9786 ], [ 114.5216, -0.9034 ], [ 114.5697, -0.8753 ], [ 114.5281, -0.8497 ], [ 114.3932, -0.8359 ], [ 114.2342, -0.86 ], [ 114.219, -0.8088 ], [ 114.153, -0.7957 ], [ 114.121, -0.7295 ], [ 114.0783, -0.5521 ], [ 114.0149, -0.4792 ], [ 114.0095, -0.4223 ] ] ] ] } },
{ "type": "Feature", "properties": { "balita": 16190.0, "u5mr": 15.72, "kabkota": "Katingan", "jenis": "Kabupaten", "provinsi": "KALIMANTAN TENGAH", "pulau": "Kalimantan", "provinsi_geojson": "Kalimantan Tengah", "jenis_geo": "Kabupaten", "label": "Kab. Katingan", "kode_bps": "6209", "geo_key": "katingan", "name_geojson": "Kabupaten Katingan", "peringkat_nasional": 346, "peringkat_provinsi": 11, "kelas_jenks": 1, "kelas_kuantil": 2 }, "geometry": { "type": "MultiPolygon", "coordinates": [ [ [ [ 113.1308, -0.4522 ], [ 113.0546, -0.5138 ], [ 112.923, -0.522 ], [ 112.8324, -0.5776 ], [ 112.7295, -0.5881 ], [ 112.7024, -0.6386 ], [ 112.6382, -0.6573 ], [ 112.5613, -0.6962 ], [ 112.5029, -0.7002 ], [ 112.4343, -0.6736 ], [ 112.3151, -0.7233 ], [ 112.2328, -0.6129 ], [ 112.2053, -0.6318 ], [ 112.1744, -0.6842 ], [ 112.1942, -0.7654 ], [ 112.1465, -0.8302 ], [ 112.1723, -0.8663 ], [ 112.1132, -0.9298 ], [ 112.1169, -1.0452 ], [ 112.1622, -1.0871 ], [ 112.1187, -1.1398 ], [ 112.1261, -1.2331 ], [ 112.127, -1.3128 ], [ 112.1515, -1.3021 ], [ 112.174, -1.3129 ], [ 112.202, -1.3027 ], [ 112.2579, -1.3207 ], [ 112.2791, -1.3037 ], [ 112.3286, -1.2906 ], [ 112.3503, -1.2315 ], [ 112.5154, -1.1991 ], [ 112.632, -1.2077 ], [ 112.746, -1.3781 ], [ 112.8393, -1.4239 ], [ 112.8638, -1.5917 ], [ 112.9299, -1.641 ], [ 112.9287, -1.7048 ], [ 113.0001, -1.7164 ], [ 113.0618, -1.8133 ], [ 113.1342, -1.8152 ], [ 113.1423, -1.8994 ], [ 113.2697, -2.0244 ], [ 113.1722, -2.323 ], [ 113.2131, -2.4505 ], [ 113.0947, -2.6753 ], [ 113.0973, -2.7975 ], [ 113.2222, -3.0842 ], [ 113.2345, -3.1521 ], [ 113.3445, -3.2806 ], [ 113.4279, -3.2363 ], [ 113.4495, -3.1911 ], [ 113.6011, -3.1672 ], [ 113.6639, -3.0542 ], [ 113.7136, -3.0216 ], [ 113.7084, -2.9633 ], [ 113.6603, -2.9139 ], [ 113.5841, -2.7378 ], [ 113.665, -2.6183 ], [ 113.7509, -2.5216 ], [ 113.762, -2.4019 ], [ 113.6899, -2.2432 ], [ 113.6947, -2.0865 ], [ 113.5634, -1.9165 ], [ 113.4894, -1.7865 ], [ 113.4757, -1.6806 ], [ 113.502, -1.6445 ], [ 113.4337, -1.5774 ], [ 113.3613, -1.5255 ], [ 113.1992, -1.2835 ], [ 113.2037, -1.1677 ], [ 113.2863, -1.0644 ], [ 113.2299, -0.9424 ], [ 113.1847, -0.7442 ], [ 113.2204, -0.6598 ], [ 113.1576, -0.5592 ], [ 113.1941, -0.5081 ], [ 113.1922, -0.5035 ], [ 113.167, -0.4782 ], [ 113.1308, -0.4522 ] ] ] ] } },
{ "type": "Feature", "properties": { "balita": 24335.0, "u5mr": 19.17, "kabkota": "Kotawaringin Barat", "jenis": "Kabupaten", "provinsi": "KALIMANTAN TENGAH", "pulau": "Kalimantan", "provinsi_geojson": "Kalimantan Tengah", "jenis_geo": "Kabupaten", "label": "Kab. Kotawaringin Barat", "kode_bps": "6201", "geo_key": "kotawaringin barat", "name_geojson": "Kabupaten Kotawaringin Barat", "peringkat_nasional": 223, "peringkat_provinsi": 9, "kelas_jenks": 2, "kelas_kuantil": 3 }, "geometry": { "type": "MultiPolygon", "coordinates": [ [ [ [ 111.917, -1.618 ], [ 111.872, -1.5444 ], [ 111.75, -1.4832 ], [ 111.8177, -1.6014 ], [ 111.8388, -1.6967 ], [ 111.8437, -1.7526 ], [ 111.8224, -1.9994 ], [ 111.7704, -2.0722 ], [ 111.6494, -2.1503 ], [ 111.5943, -2.2237 ], [ 111.5973, -2.2954 ], [ 111.4604, -2.3144 ], [ 111.4189, -2.2899 ], [ 111.3738, -2.2841 ], [ 111.3688, -2.2753 ], [ 111.3484, -2.2859 ], [ 111.2748, -2.336 ], [ 111.2872, -2.518 ], [ 111.3437, -2.6257 ], [ 111.3998, -2.6534 ], [ 111.3623, -2.7598 ], [ 111.3824, -2.76 ], [ 111.3799, -2.8768 ], [ 111.3615, -2.9086 ], [ 111.457, -2.9249 ], [ 111.5597, -3.0067 ], [ 111.6903, -2.942 ], [ 111.7123, -2.8493 ], [ 111.814, -3.0012 ], [ 111.8254, -3.0527 ], [ 111.7978, -3.1972 ], [ 111.8166, -3.405 ], [ 111.7947, -3.5257 ], [ 112.1185, -3.1816 ], [ 112.0969, -3.0538 ], [ 112.1398, -2.8034 ], [ 112.042, -2.6883 ], [ 112.0618, -2.6492 ], [ 112.0341, -2.5203 ], [ 112.0639, -2.314 ], [ 112.0248, -2.232 ], [ 112.018, -2.1254 ], [ 112.0564, -2.0674 ], [ 112.0744, -1.972 ], [ 111.9371, -1.8689 ], [ 111.9527, -1.7945 ], [ 111.917, -1.618 ] ] ] ] } },
{ "type": "Feature", "properties": { "balita": 39807.0, "u5mr": 15.47, "kabkota": "Kotawaringin Timur", "jenis": "Kabupaten", "provinsi": "KALIMANTAN TENGAH", "pulau": "Kalimantan", "provinsi_geojson": "Kalimantan Tengah", "jenis_geo": "Kabupaten", "label": "Kab. Kotawaringin Timur", "kode_bps": "6202", "geo_key": "kotawaringin timur", "name_geojson": "Kabupaten Kotawaringin Timur", "peringkat_nasional": 355, "peringkat_provinsi": 12, "kelas_jenks": 1, "kelas_kuantil": 2 }, "geometry": { "type": "MultiPolygon", "coordinates": [ [ [ [ 112.4447, -2.4349 ], [ 112.4348, -2.435 ], [ 112.4362, -2.362 ], [ 112.4308, -2.3313 ], [ 112.4082, -2.267 ], [ 112.3737, -2.1967 ], [ 112.314, -2.1564 ], [ 112.3121, -1.9959 ], [ 112.3446, -1.927 ], [ 112.2516, -1.8601 ], [ 112.1921, -1.758 ], [ 112.0912, -1.6443 ], [ 112.0691, -1.5676 ], [ 112.1328, -1.4122 ], [ 112.127, -1.3128 ], [ 112.1515, -1.3021 ], [ 112.174, -1.3129 ], [ 112.202, -1.3027 ], [ 112.2579, -1.3207 ], [ 112.2791, -1.3037 ], [ 112.3286, -1.2906 ], [ 112.3503, -1.2315 ], [ 112.5154, -1.1991 ], [ 112.632, -1.2077 ], [ 112.746, -1.3781 ], [ 112.8393, -1.4239 ], [ 112.8638, -1.5917 ], [ 112.9299, -1.641 ], [ 112.9287, -1.7048 ], [ 113.0001, -1.7164 ], [ 113.0618, -1.8133 ], [ 113.1342, -1.8152 ], [ 113.1423, -1.8994 ], [ 113.2697, -2.0244 ], [ 113.1722, -2.323 ], [ 113.2131, -2.4505 ], [ 113.0947, -2.6753 ], [ 113.0979, -2.8 ], [ 113.2222, -3.0842 ], [ 113.2345, -3.1521 ], [ 113.1743, -3.0736 ], [ 113.0876, -3.0337 ], [ 113.014, -3.0294 ], [ 112.9454, -3.1023 ], [ 112.967, -3.2014 ], [ 112.8126, -3.2996 ], [ 112.8141, -3.0502 ], [ 112.845, -2.998 ], [ 112.8438, -2.8458 ], [ 112.7448, -2.7548 ], [ 112.6363, -2.7287 ], [ 112.6042, -2.6668 ], [ 112.5118, -2.629 ], [ 112.4954, -2.5453 ], [ 112.5249, -2.5454 ], [ 112.4505, -2.491 ], [ 112.4521, -2.4329 ], [ 112.4437, -2.4325 ], [ 112.4447, -2.4349 ] ], [ [ 112.448, -2.4269 ], [ 112.4424, -2.4292 ], [ 112.4437, -2.4325 ], [ 112.448, -2.4269 ] ] ] ] } },
{ "type": "Feature", "properties": { "balita": 8954.0, "u5mr": 19.76, "kabkota": "Lamandau", "jenis": "Kabupaten", "provinsi": "KALIMANTAN TENGAH", "pulau": "Kalimantan", "provinsi_geojson": "Kalimantan Tengah", "jenis_geo": "Kabupaten", "label": "Kab. Lamandau", "kode_bps": "6207", "geo_key": "lamandau", "name_geojson": "Kabupaten Lamandau", "peringkat_nasional": 209, "peringkat_provinsi": 7, "kelas_jenks": 2, "kelas_kuantil": 3 }, "geometry": { "type": "MultiPolygon", "coordinates": [ [ [ [ 111.4525, -1.2597 ], [ 111.4282, -1.2526 ], [ 111.3648, -1.3096 ], [ 111.3267, -1.3671 ], [ 111.2542, -1.4381 ], [ 111.156, -1.4318 ], [ 111.0349, -1.5288 ], [ 111.0063, -1.5036 ], [ 110.887, -1.5986 ], [ 110.8733, -1.6655 ], [ 110.9943, -1.6501 ], [ 111.0258, -1.7199 ], [ 110.992, -1.7985 ], [ 110.9778, -1.8285 ], [ 110.9641, -1.8948 ], [ 110.9877, -1.9404 ], [ 111.0, -1.9474 ], [ 111.055, -1.9572 ], [ 111.0935, -1.9739 ], [ 111.0789, -2.0094 ], [ 111.1103, -2.0249 ], [ 111.1561, -2.0284 ], [ 111.2699, -2.0838 ], [ 111.294, -2.1494 ], [ 111.3555, -2.1525 ], [ 111.367, -2.1924 ], [ 111.3578, -2.2147 ], [ 111.382, -2.2821 ], [ 111.4189, -2.2899 ], [ 111.4604, -2.3144 ], [ 111.5973, -2.2954 ], [ 111.5943, -2.2237 ], [ 111.6494, -2.1503 ], [ 111.7704, -2.0722 ], [ 111.8224, -1.9994 ], [ 111.8437, -1.7526 ], [ 111.8388, -1.6967 ], [ 111.8177, -1.6014 ], [ 111.75, -1.4832 ], [ 111.7329, -1.4654 ], [ 111.6923, -1.4456 ], [ 111.6779, -1.421 ], [ 111.6103, -1.3922 ], [ 111.5442, -1.2857 ], [ 111.4525, -1.2597 ] ] ] ] } },
{ "type": "Feature", "properties": { "balita": 11897.0, "u5mr": 20.42, "kabkota": "Murung Raya", "jenis": "Kabupaten", "provinsi": "KALIMANTAN TENGAH", "pulau": "Kalimantan", "provinsi_geojson": "Kalimantan Tengah", "jenis_geo": "Kabupaten", "label": "Kab. Murung Raya", "kode_bps": "6213", "geo_key": "murung raya", "name_geojson": "Kabupaten Murung Raya", "peringkat_nasional": 198, "peringkat_provinsi": 6, "kelas_jenks": 2, "kelas_kuantil": 4 }, "geometry": { "type": "MultiPolygon", "coordinates": [ [ [ [ 114.9085, 0.7906 ], [ 114.7161, 0.7012 ], [ 114.6624, 0.7027 ], [ 114.5979, 0.6318 ], [ 114.489, 0.57 ], [ 114.3641, 0.5302 ], [ 114.2031, 0.5401 ], [ 114.158, 0.6777 ], [ 114.0909, 0.6983 ], [ 114.0039, 0.6411 ], [ 113.9213, 0.644 ], [ 113.8511, 0.6083 ], [ 113.7378, 0.5389 ], [ 113.7148, 0.5263 ], [ 113.6853, 0.4995 ], [ 113.6557, 0.4613 ], [ 113.6472, 0.4566 ], [ 113.6288, 0.4131 ], [ 113.5815, 0.3984 ], [ 113.5135, 0.3045 ], [ 113.4927, 0.3024 ], [ 113.4073, 0.259 ], [ 113.3176, 0.2679 ], [ 113.2618, 0.23 ], [ 113.2943, 0.2071 ], [ 113.3917, 0.1406 ], [ 113.4142, 0.1157 ], [ 113.404, 0.0897 ], [ 113.4328, 0.0092 ], [ 113.4157, -0.0478 ], [ 113.4199, -0.0917 ], [ 113.3302, -0.1516 ], [ 113.2875, -0.2234 ], [ 113.2599, -0.2934 ], [ 113.2391, -0.3778 ], [ 113.333, -0.3959 ], [ 113.3739, -0.3781 ], [ 113.4294, -0.3034 ], [ 113.4438, -0.2908 ], [ 113.4549, -0.3089 ], [ 113.4682, -0.3806 ], [ 113.5829, -0.372 ], [ 113.6322, -0.3452 ], [ 113.7176, -0.4186 ], [ 113.7878, -0.461 ], [ 113.9, -0.4676 ], [ 113.9379, -0.3946 ], [ 114.0095, -0.4223 ], [ 114.0149, -0.4792 ], [ 114.0783, -0.5521 ], [ 114.121, -0.7295 ], [ 114.153, -0.7957 ], [ 114.219, -0.8088 ], [ 114.2342, -0.86 ], [ 114.3932, -0.8359 ], [ 114.5281, -0.8497 ], [ 114.6534, -0.8599 ], [ 114.7365, -0.7683 ], [ 114.8729, -0.7126 ], [ 114.923, -0.6172 ], [ 114.9777, -0.5888 ], [ 114.9997, -0.5568 ], [ 115.0002, -0.5169 ], [ 115.0111, -0.4632 ], [ 115.0081, -0.3641 ], [ 115.0387, -0.3381 ], [ 115.013, -0.2662 ], [ 114.9711, -0.2726 ], [ 114.9204, -0.2334 ], [ 114.929, -0.1654 ], [ 114.8977, -0.0317 ], [ 114.8374, -0.0465 ], [ 114.7953, 0.0114 ], [ 114.7183, 0.0535 ], [ 114.8298, 0.1916 ], [ 114.8629, 0.2751 ], [ 114.9416, 0.3333 ], [ 115.0649, 0.325 ], [ 115.1293, 0.3744 ], [ 115.1374, 0.4255 ], [ 115.0135, 0.5993 ], [ 114.9856, 0.7317 ], [ 114.9085, 0.7906 ] ] ] ] } },
{ "type": "Feature", "properties": { "balita": 11548.0, "u5mr": 21.07, "kabkota": "Pulang Pisau", "jenis": "Kabupaten", "provinsi": "KALIMANTAN TENGAH", "pulau": "Kalimantan", "provinsi_geojson": "Kalimantan Tengah", "jenis_geo": "Kabupaten", "label": "Kab. Pulang Pisau", "kode_bps": "6210", "geo_key": "pulang pisau", "name_geojson": "Kabupaten Pulang Pisau", "peringkat_nasional": 182, "peringkat_provinsi": 5, "kelas_jenks": 2, "kelas_kuantil": 4 }, "geometry": { "type": "MultiPolygon", "coordinates": [ [ [ [ 113.9736, -1.5206 ], [ 113.8917, -1.5381 ], [ 113.8443, -1.583 ], [ 113.798, -1.6041 ], [ 113.8324, -1.8064 ], [ 113.8261, -2.0114 ], [ 113.9357, -2.1634 ], [ 114.1083, -2.1879 ], [ 114.085, -2.2689 ], [ 114.0418, -2.3106 ], [ 114.0249, -2.4036 ], [ 113.762, -2.4019 ], [ 113.7509, -2.5216 ], [ 113.665, -2.6183 ], [ 113.5841, -2.7378 ], [ 113.6603, -2.9139 ], [ 113.7084, -2.9633 ], [ 113.7136, -3.0216 ], [ 113.6639, -3.0542 ], [ 113.6011, -3.1672 ], [ 113.6323, -3.321 ], [ 113.5813, -3.4419 ], [ 113.6297, -3.4654 ], [ 113.8206, -3.4498 ], [ 113.9497, -3.3704 ], [ 114.0774, -3.3512 ], [ 114.1518, -3.3844 ], [ 114.172, -3.334 ], [ 114.1414, -3.2669 ], [ 114.1467, -3.1875 ], [ 114.2259, -3.1919 ], [ 114.2811, -3.0443 ], [ 114.2123, -2.9374 ], [ 114.2837, -2.8653 ], [ 114.2847, -2.8037 ], [ 114.3381, -2.7174 ], [ 114.3253, -2.3733 ], [ 114.2624, -2.3779 ], [ 114.2619, -2.2316 ], [ 114.1844, -2.1887 ], [ 114.1711, -2.0905 ], [ 114.032, -1.9067 ], [ 113.9859, -1.8026 ], [ 113.9815, -1.6671 ], [ 113.9984, -1.5631 ], [ 113.9736, -1.5206 ] ] ] ] } },
{ "type": "Feature", "properties": { "balita": 15039.0, "u5mr": 21.66, "kabkota": "Seruyan", "jenis": "Kabupaten", "provinsi": "KALIMANTAN TENGAH", "pulau": "Kalimantan", "provinsi_geojson": "Kalimantan Tengah", "jenis_geo": "Kabupaten", "label": "Kab. Seruyan", "kode_bps": "6208", "geo_key": "seruyan", "name_geojson": "Kabupaten Seruyan", "peringkat_nasional": 170, "peringkat_provinsi": 4, "kelas_jenks": 2, "kelas_kuantil": 4 }, "geometry": { "type": "MultiPolygon", "coordinates": [ [ [ [ 112.4521, -2.4329 ], [ 112.4505, -2.491 ], [ 112.5249, -2.5454 ], [ 112.4954, -2.5453 ], [ 112.5118, -2.629 ], [ 112.6042, -2.6668 ], [ 112.6363, -2.7287 ], [ 112.7448, -2.7548 ], [ 112.8438, -2.8458 ], [ 112.845, -2.998 ], [ 112.8141, -3.0502 ], [ 112.8097, -3.2998 ], [ 112.6846, -3.3622 ], [ 112.6369, -3.4064 ], [ 112.5393, -3.443 ], [ 112.3809, -3.332 ], [ 112.309, -3.3107 ], [ 112.1952, -3.3354 ], [ 111.992, -3.4658 ], [ 111.9067, -3.538 ], [ 111.7947, -3.5257 ], [ 112.1185, -3.1816 ], [ 112.0969, -3.0538 ], [ 112.1398, -2.8034 ], [ 112.042, -2.6883 ], [ 112.0618, -2.6492 ], [ 112.0341, -2.5203 ], [ 112.0639, -2.314 ], [ 112.0248, -2.232 ], [ 112.018, -2.1254 ], [ 112.0564, -2.0674 ], [ 112.0744, -1.972 ], [ 111.9371, -1.8689 ], [ 111.9527, -1.7945 ], [ 111.917, -1.618 ], [ 111.872, -1.5444 ], [ 111.7034, -1.4542 ], [ 111.6779, -1.421 ], [ 111.6103, -1.3922 ], [ 111.5442, -1.2857 ], [ 111.4525, -1.2597 ], [ 111.4866, -1.2312 ], [ 111.5494, -1.2073 ], [ 111.5687, -1.1847 ], [ 111.5774, -1.1676 ], [ 111.5571, -1.1527 ], [ 111.5713, -1.0581 ], [ 111.6251, -0.9911 ], [ 111.7481, -0.9116 ], [ 111.8382, -0.9064 ], [ 111.9173, -0.8411 ], [ 111.9517, -0.7926 ], [ 111.9844, -0.7994 ], [ 112.0549, -0.7706 ], [ 112.0743, -0.734 ], [ 112.1023, -0.7098 ], [ 112.1468, -0.7306 ], [ 112.1942, -0.7654 ], [ 112.1465, -0.8302 ], [ 112.1723, -0.8663 ], [ 112.1132, -0.9298 ], [ 112.1169, -1.0452 ], [ 112.1622, -1.0871 ], [ 112.1187, -1.1398 ], [ 112.1261, -1.2331 ], [ 112.1328, -1.4122 ], [ 112.0691, -1.5676 ], [ 112.0912, -1.6443 ], [ 112.1921, -1.758 ], [ 112.2516, -1.8601 ], [ 112.3446, -1.927 ], [ 112.3121, -1.9959 ], [ 112.314, -2.1564 ], [ 112.3737, -2.1967 ], [ 112.4082, -2.267 ], [ 112.4308, -2.3313 ], [ 112.4362, -2.362 ], [ 112.4348, -2.435 ], [ 112.4447, -2.4349 ], [ 112.4437, -2.4325 ], [ 112.4521, -2.4329 ] ] ], [ [ [ 112.4424, -2.4292 ], [ 112.448, -2.4269 ], [ 112.4437, -2.4325 ], [ 112.4424, -2.4292 ] ] ] ] } },
{ "type": "Feature", "properties": { "balita": 5958.0, "u5mr": 15.35, "kabkota": "Sukamara", "jenis": "Kabupaten", "provinsi": "KALIMANTAN TENGAH", "pulau": "Kalimantan", "provinsi_geojson": "Kalimantan Tengah", "jenis_geo": "Kabupaten", "label": "Kab. Sukamara", "kode_bps": "6206", "geo_key": "sukamara", "name_geojson": "Kabupaten Sukamara", "peringkat_nasional": 364, "peringkat_provinsi": 13, "kelas_jenks": 1, "kelas_kuantil": 2 }, "geometry": { "type": "MultiPolygon", "coordinates": [ [ [ [ 111.1103, -2.0249 ], [ 111.0584, -2.0593 ], [ 111.0695, -2.1145 ], [ 111.0401, -2.2058 ], [ 111.1156, -2.3275 ], [ 111.0991, -2.4657 ], [ 111.1316, -2.5988 ], [ 111.1759, -2.6884 ], [ 111.1472, -2.7418 ], [ 111.0118, -2.7952 ], [ 110.9696, -2.856 ], [ 110.7934, -2.9124 ], [ 110.7332, -2.9964 ], [ 110.8497, -2.9964 ], [ 110.9512, -3.0628 ], [ 111.1337, -3.0182 ], [ 111.3001, -2.9269 ], [ 111.3615, -2.9086 ], [ 111.3799, -2.8768 ], [ 111.3824, -2.76 ], [ 111.3623, -2.7598 ], [ 111.3977, -2.6481 ], [ 111.3437, -2.6257 ], [ 111.2872, -2.518 ], [ 111.2748, -2.336 ], [ 111.3484, -2.2859 ], [ 111.3688, -2.2753 ], [ 111.3738, -2.2841 ], [ 111.382, -2.2821 ], [ 111.3578, -2.2147 ], [ 111.3669, -2.1922 ], [ 111.3552, -2.1523 ], [ 111.294, -2.1494 ], [ 111.2699, -2.0838 ], [ 111.1561, -2.0284 ], [ 111.1103, -2.0249 ] ] ] ] } },
{ "type": "Feature", "properties": { "balita": 28194.0, "u5mr": 14.45, "kabkota": "Kota Palangka Raya", "jenis": "Kota", "provinsi": "KALIMANTAN TENGAH", "pulau": "Kalimantan", "provinsi_geojson": "Kalimantan Tengah", "jenis_geo": "Kota", "label": "Kota Palangka Raya", "kode_bps": "6271", "geo_key": "kota palangkaraya", "name_geojson": "Kota Palangkaraya", "peringkat_nasional": 404, "peringkat_provinsi": 14, "kelas_jenks": 1, "kelas_kuantil": 2 }, "geometry": { "type": "MultiPolygon", "coordinates": [ [ [ [ 113.7495, -1.6058 ], [ 113.6482, -1.5847 ], [ 113.5638, -1.6534 ], [ 113.502, -1.6445 ], [ 113.4757, -1.6806 ], [ 113.4894, -1.7865 ], [ 113.5634, -1.9165 ], [ 113.6947, -2.0865 ], [ 113.6899, -2.2432 ], [ 113.762, -2.4019 ], [ 114.0249, -2.4036 ], [ 114.0418, -2.3106 ], [ 114.085, -2.2689 ], [ 114.1083, -2.1879 ], [ 113.9357, -2.1634 ], [ 113.8261, -2.0114 ], [ 113.8324, -1.8064 ], [ 113.798, -1.6041 ], [ 113.7495, -1.6058 ] ] ] ] } },
{ "type": "Feature", "properties": { "balita": 23333.0, "u5mr": 17.98, "kabkota": "Berau", "jenis": "Kabupaten", "provinsi": "KALIMANTAN TIMUR", "pulau": "Kalimantan", "provinsi_geojson": "Kalimantan Timur", "jenis_geo": "Kabupaten", "label": "Kab. Berau", "kode_bps": "6405", "geo_key": "berau", "name_geojson": "Kabupaten Berau", "peringkat_nasional": 253, "peringkat_provinsi": 2, "kelas_jenks": 2, "kelas_kuantil": 3 }, "geometry": { "type": "MultiPolygon", "coordinates": [ [ [ [ 117.171, 2.5617 ], [ 117.1568, 2.5562 ], [ 117.1337, 2.5362 ], [ 117.048, 2.5478 ], [ 117.0254, 2.513 ], [ 117.0281, 2.5058 ], [ 117.0002, 2.4365 ], [ 116.9294, 2.4933 ], [ 116.8983, 2.5014 ], [ 116.8756, 2.5071 ], [ 116.8064, 2.4976 ], [ 116.6861, 2.3991 ], [ 116.4908, 2.4439 ], [ 116.4984, 2.334 ], [ 116.455, 2.2769 ], [ 116.3349, 2.2907 ], [ 116.2898, 2.2356 ], [ 116.332, 2.1502 ], [ 116.2993, 2.12 ], [ 116.2524, 2.1063 ], [ 116.2266, 2.0524 ], [ 116.1945, 1.9857 ], [ 116.1752, 1.9018 ], [ 116.2064, 1.8372 ], [ 116.2561, 1.8538 ], [ 116.3173, 1.847 ], [ 116.351, 1.8032 ], [ 116.4156, 1.8225 ], [ 116.4893, 1.7859 ], [ 116.4605, 1.7248 ], [ 116.6037, 1.6923 ], [ 116.659, 1.6428 ], [ 116.7602, 1.6937 ], [ 116.8834, 1.6693 ], [ 116.898, 1.6691 ], [ 116.9272, 1.5763 ], [ 116.9845, 1.5223 ], [ 116.9786, 1.4721 ], [ 117.0349, 1.4223 ], [ 117.1892, 1.3785 ], [ 117.2408, 1.3819 ], [ 117.2798, 1.4464 ], [ 117.3339, 1.4512 ], [ 117.394, 1.5909 ], [ 117.4974, 1.5092 ], [ 117.549, 1.598 ], [ 117.6424, 1.59 ], [ 117.6644, 1.671 ], [ 117.7249, 1.6951 ], [ 117.8197, 1.5976 ], [ 117.852, 1.4692 ], [ 117.8481, 1.3742 ], [ 117.9074, 1.3419 ], [ 117.9946, 1.201 ], [ 118.0385, 1.1619 ], [ 118.31, 1.1778 ], [ 118.3489, 1.2851 ], [ 118.4168, 1.283 ], [ 118.5134, 1.2807 ], [ 118.5377, 1.2036 ], [ 118.5818, 1.185 ], [ 118.6024, 1.1117 ], [ 118.7507, 1.1086 ], [ 118.7871, 0.9958 ], [ 118.8564, 0.9854 ], [ 118.9026, 1.0089 ], [ 118.9241, 1.0356 ], [ 118.9525, 1.0515 ], [ 118.8691, 1.0662 ], [ 118.7766, 1.1339 ], [ 118.7686, 1.1901 ], [ 118.7123, 1.2506 ], [ 118.5499, 1.3554 ], [ 118.4305, 1.3819 ], [ 118.4106, 1.4829 ], [ 118.247, 1.5587 ], [ 118.1346, 1.6339 ], [ 118.0536, 1.7297 ], [ 118.0481, 1.7832 ], [ 117.9184, 1.8132 ], [ 117.8321, 1.9115 ], [ 117.8242, 2.0101 ], [ 117.7019, 2.036 ], [ 117.7238, 2.1358 ], [ 117.6899, 2.1809 ], [ 117.817, 2.2021 ], [ 117.9333, 2.181 ], [ 118.0194, 2.1969 ], [ 118.0964, 2.2759 ], [ 118.0665, 2.357 ], [ 117.9587, 2.4269 ], [ 117.8638, 2.3929 ], [ 117.8116, 2.3264 ], [ 117.7213, 2.3463 ], [ 117.7053, 2.3972 ], [ 117.6086, 2.5222 ], [ 117.4115, 2.5042 ], [ 117.3638, 2.5387 ], [ 117.2309, 2.4794 ], [ 117.2216, 2.5449 ], [ 117.171, 2.5617 ] ] ] ] } },
{ "type": "Feature", "properties": { "balita": 15507.0, "u5mr": 17.21, "kabkota": "Kutai Barat", "jenis": "Kabupaten", "provinsi": "KALIMANTAN TIMUR", "pulau": "Kalimantan", "provinsi_geojson": "Kalimantan Timur", "jenis_geo": "Kabupaten", "label": "Kab. Kutai Barat", "kode_bps": "6402", "geo_key": "kutai barat", "name_geojson": "Kabupaten Kutai Barat", "peringkat_nasional": 288, "peringkat_provinsi": 3, "kelas_jenks": 2, "kelas_kuantil": 3 }, "geometry": { "type": "MultiPolygon", "coordinates": [ [ [ [ 115.7031, 0.3141 ], [ 115.6833, 0.3025 ], [ 115.6847, 0.2806 ], [ 115.7136, 0.2148 ], [ 115.6774, 0.1619 ], [ 115.5809, 0.1454 ], [ 115.5236, 0.0795 ], [ 115.4614, 0.0635 ], [ 115.41, 0.0521 ], [ 115.3359, -0.0016 ], [ 115.2912, -0.0364 ], [ 115.2913, -0.0781 ], [ 115.3165, -0.0971 ], [ 115.2871, -0.1281 ], [ 115.2709, -0.1427 ], [ 115.2732, -0.2433 ], [ 115.2532, -0.3026 ], [ 115.2626, -0.4009 ], [ 115.2673, -0.432 ], [ 115.2975, -0.4788 ], [ 115.2936, -0.5165 ], [ 115.2904, -0.5554 ], [ 115.3567, -0.5492 ], [ 115.3727, -0.6537 ], [ 115.2895, -0.7994 ], [ 115.3603, -0.8766 ], [ 115.4929, -0.875 ], [ 115.5473, -0.8544 ], [ 115.5914, -0.935 ], [ 115.6792, -1.0089 ], [ 115.7664, -1.1377 ], [ 115.842, -1.0963 ], [ 115.8953, -1.1052 ], [ 115.9179, -1.1423 ], [ 115.9518, -1.1256 ], [ 116.0756, -1.0762 ], [ 116.2121, -1.1041 ], [ 116.2996, -1.0519 ], [ 116.3845, -0.9665 ], [ 116.47, -0.9168 ], [ 116.4612, -0.9166 ], [ 116.4677, -0.8624 ], [ 116.5009, -0.8581 ], [ 116.4906, -0.8071 ], [ 116.5058, -0.7653 ], [ 116.4959, -0.7518 ], [ 116.4494, -0.7122 ], [ 116.32, -0.5342 ], [ 116.287, -0.5241 ], [ 116.2506, -0.4859 ], [ 116.2354, -0.4251 ], [ 116.2362, -0.4003 ], [ 116.2897, -0.3998 ], [ 116.3225, -0.3902 ], [ 116.2774, -0.289 ], [ 116.0655, -0.1678 ], [ 115.9713, -0.0843 ], [ 115.9477, -0.0195 ], [ 115.994, 0.0607 ], [ 115.9476, 0.1168 ], [ 115.792, 0.2316 ], [ 115.7676, 0.2574 ], [ 115.7031, 0.3141 ] ] ] ] } },
{ "type": "Feature", "properties": { "balita": 62838.0, "u5mr": 15.42, "kabkota": "Kutai Kartanegara", "jenis": "Kabupaten", "provinsi": "KALIMANTAN TIMUR", "pulau": "Kalimantan", "provinsi_geojson": "Kalimantan Timur", "jenis_geo": "Kabupaten", "label": "Kab. Kutai Kartanegara", "kode_bps": "6403", "geo_key": "kutai kartanegara", "name_geojson": "Kabupaten Kutai Kartanegara", "peringkat_nasional": 360, "peringkat_provinsi": 6, "kelas_jenks": 1, "kelas_kuantil": 2 }, "geometry": { "type": "MultiPolygon", "coordinates": [ [ [ [ 117.3016, -0.6154 ], [ 117.334, -0.7573 ], [ 117.3781, -0.6938 ], [ 117.3016, -0.6154 ] ] ], [ [ [ 116.0666, 1.5 ], [ 115.9761, 1.5295 ], [ 115.9574, 1.4906 ], [ 115.8543, 1.434 ], [ 115.8353, 1.3793 ], [ 115.807, 1.3246 ], [ 115.7734, 1.3077 ], [ 115.7111, 1.2753 ], [ 115.6467, 1.282 ], [ 115.5541, 1.2654 ], [ 115.4276, 1.2232 ], [ 115.4052, 1.1808 ], [ 115.4209, 1.1399 ], [ 115.4105, 1.1379 ], [ 115.3779, 1.1005 ], [ 115.3, 1.0605 ], [ 115.2497, 0.9989 ], [ 115.2554, 0.991 ], [ 115.2613, 0.945 ], [ 115.2672, 0.9151 ], [ 115.291, 0.8596 ], [ 115.2784, 0.8393 ], [ 115.3194, 0.8283 ], [ 115.3922, 0.7706 ], [ 115.4054, 0.7839 ], [ 115.4959, 0.7632 ], [ 115.547, 0.7206 ], [ 115.595, 0.6356 ], [ 115.6369, 0.6246 ], [ 115.6472, 0.6053 ], [ 115.6477, 0.5403 ], [ 115.7235, 0.5122 ], [ 115.7416, 0.4931 ], [ 115.7544, 0.4848 ], [ 115.7683, 0.4049 ], [ 115.7148, 0.3841 ], [ 115.6715, 0.3432 ], [ 115.7031, 0.3141 ], [ 115.7676, 0.2574 ], [ 115.792, 0.2316 ], [ 115.9476, 0.1168 ], [ 115.994, 0.0607 ], [ 115.9477, -0.0195 ], [ 115.9713, -0.0843 ], [ 116.0655, -0.1678 ], [ 116.2774, -0.289 ], [ 116.3225, -0.3902 ], [ 116.2897, -0.3998 ], [ 116.2362, -0.4003 ], [ 116.2354, -0.4251 ], [ 116.2506, -0.4859 ], [ 116.287, -0.5241 ], [ 116.32, -0.5342 ], [ 116.4494, -0.7122 ], [ 116.4959, -0.7518 ], [ 116.5058, -0.7653 ], [ 116.4906, -0.8071 ], [ 116.5009, -0.8581 ], [ 116.5167, -0.8458 ], [ 116.5722, -0.8312 ], [ 116.591, -0.8643 ], [ 116.5886, -0.8734 ], [ 116.6512, -0.8252 ], [ 116.7259, -0.8003 ], [ 116.7353, -0.8259 ], [ 116.7733, -0.8014 ], [ 116.8672, -0.834 ], [ 116.9311, -0.9516 ], [ 116.9049, -0.9854 ], [ 116.8739, -1.009 ], [ 116.8604, -1.0587 ], [ 116.9453, -1.1261 ], [ 117.0227, -1.1407 ], [ 117.0648, -1.1064 ], [ 117.1703, -0.9532 ], [ 117.2488, -0.9072 ], [ 117.3028, -0.6787 ], [ 117.2897, -0.6094 ], [ 117.1913, -0.6821 ], [ 117.1849, -0.7121 ], [ 117.1455, -0.673 ], [ 117.1454, -0.6207 ], [ 117.0542, -0.5507 ], [ 117.0589, -0.4618 ], [ 117.0739, -0.4286 ], [ 117.1278, -0.4084 ], [ 117.1429, -0.3202 ], [ 117.2063, -0.3235 ], [ 117.2388, -0.3377 ], [ 117.262, -0.3653 ], [ 117.2951, -0.4024 ], [ 117.2624, -0.4382 ], [ 117.2676, -0.5598 ], [ 117.2517, -0.5503 ], [ 117.2384, -0.5565 ], [ 117.2359, -0.5756 ], [ 117.2751, -0.5835 ], [ 117.4123, -0.5392 ], [ 117.4549, -0.4554 ], [ 117.4285, -0.3969 ], [ 117.4525, -0.3037 ], [ 117.4425, -0.2019 ], [ 117.4761, -0.0773 ], [ 117.5183, -0.0312 ], [ 117.5066, 0.0028 ], [ 117.5166, 0.0224 ], [ 117.3707, 0.0228 ], [ 117.367, 0.0312 ], [ 117.3367, 0.051 ], [ 117.3068, 0.0333 ], [ 117.2473, 0.0574 ], [ 117.2317, 0.0831 ], [ 117.1726, 0.151 ], [ 117.1766, 0.2742 ], [ 117.2157, 0.3394 ], [ 117.1444, 0.3706 ], [ 117.0568, 0.4761 ], [ 116.9931, 0.5833 ], [ 116.9473, 0.522 ], [ 116.9383, 0.4347 ], [ 116.8766, 0.3661 ], [ 116.8264, 0.2359 ], [ 116.6525, 0.1839 ], [ 116.4692, 0.1839 ], [ 116.4593, 0.2895 ], [ 116.3235, 0.4584 ], [ 116.2883, 0.4652 ], [ 116.2244, 0.7098 ], [ 116.1384, 0.7375 ], [ 116.0322, 0.8521 ], [ 116.029, 0.9714 ], [ 116.0743, 1.0243 ], [ 116.0302, 1.1686 ], [ 116.1479, 1.2952 ], [ 116.1585, 1.3627 ], [ 116.1312, 1.4781 ], [ 116.0666, 1.5 ] ] ] ] } },
{ "type": "Feature", "properties": { "balita": 41242.0, "u5mr": 14.91, "kabkota": "Kutai Timur", "jenis": "Kabupaten", "provinsi": "KALIMANTAN TIMUR", "pulau": "Kalimantan", "provinsi_geojson": "Kalimantan Timur", "jenis_geo": "Kabupaten", "label": "Kab. Kutai Timur", "kode_bps": "6404", "geo_key": "kutai timur", "name_geojson": "Kabupaten Kutai Timur", "peringkat_nasional": 391, "peringkat_provinsi": 7, "kelas_jenks": 1, "kelas_kuantil": 2 }, "geometry": { "type": "MultiPolygon", "coordinates": [ [ [ [ 116.2561, 1.8538 ], [ 116.2064, 1.8372 ], [ 116.1702, 1.7824 ], [ 116.1335, 1.6681 ], [ 116.0687, 1.6485 ], [ 116.0276, 1.5514 ], [ 116.0666, 1.5 ], [ 116.1312, 1.4781 ], [ 116.1585, 1.3627 ], [ 116.1479, 1.2952 ], [ 116.0302, 1.1686 ], [ 116.0743, 1.0243 ], [ 116.029, 0.9714 ], [ 116.0322, 0.8521 ], [ 116.1384, 0.7375 ], [ 116.2244, 0.7098 ], [ 116.2883, 0.4652 ], [ 116.3235, 0.4584 ], [ 116.4593, 0.2895 ], [ 116.4692, 0.1839 ], [ 116.6525, 0.1839 ], [ 116.8264, 0.2359 ], [ 116.8766, 0.3661 ], [ 116.9383, 0.4347 ], [ 116.9473, 0.522 ], [ 116.9931, 0.5833 ], [ 117.0568, 0.4761 ], [ 117.1444, 0.3706 ], [ 117.2157, 0.3394 ], [ 117.1766, 0.2742 ], [ 117.1726, 0.151 ], [ 117.2317, 0.0831 ], [ 117.2473, 0.0574 ], [ 117.3068, 0.0333 ], [ 117.3367, 0.051 ], [ 117.367, 0.0312 ], [ 117.3707, 0.0228 ], [ 117.3883, 0.0225 ], [ 117.3974, 0.0809 ], [ 117.4283, 0.1059 ], [ 117.4692, 0.1992 ], [ 117.5281, 0.2203 ], [ 117.5666, 0.3913 ], [ 117.6048, 0.4874 ], [ 117.7104, 0.6274 ], [ 117.7113, 0.6972 ], [ 117.752, 0.7564 ], [ 117.9143, 0.837 ], [ 117.971, 0.7736 ], [ 118.0292, 0.7804 ], [ 118.0193, 0.8665 ], [ 117.9732, 0.9792 ], [ 117.8971, 1.0673 ], [ 117.9808, 1.0681 ], [ 118.0087, 0.96 ], [ 118.0637, 0.9033 ], [ 118.3205, 0.8499 ], [ 118.3675, 0.8062 ], [ 118.4424, 0.8451 ], [ 118.5464, 0.8084 ], [ 118.6723, 0.8575 ], [ 118.7598, 0.8056 ], [ 118.9643, 0.9426 ], [ 118.9875, 1.0269 ], [ 118.9525, 1.0515 ], [ 118.9241, 1.0356 ], [ 118.9026, 1.0089 ], [ 118.8564, 0.9854 ], [ 118.7871, 0.9958 ], [ 118.7507, 1.1086 ], [ 118.6024, 1.1117 ], [ 118.5818, 1.185 ], [ 118.5377, 1.2036 ], [ 118.5134, 1.2807 ], [ 118.4168, 1.283 ], [ 118.3489, 1.2851 ], [ 118.31, 1.1778 ], [ 118.0385, 1.1619 ], [ 117.9946, 1.201 ], [ 117.9074, 1.3419 ], [ 117.8481, 1.3742 ], [ 117.852, 1.4692 ], [ 117.8197, 1.5976 ], [ 117.7249, 1.6951 ], [ 117.6644, 1.671 ], [ 117.6424, 1.59 ], [ 117.549, 1.598 ], [ 117.4974, 1.5092 ], [ 117.394, 1.5909 ], [ 117.3339, 1.4512 ], [ 117.2798, 1.4464 ], [ 117.2408, 1.3819 ], [ 117.1892, 1.3785 ], [ 117.0349, 1.4223 ], [ 116.9786, 1.4721 ], [ 116.9845, 1.5223 ], [ 116.9272, 1.5763 ], [ 116.898, 1.6691 ], [ 116.8834, 1.6693 ], [ 116.7602, 1.6937 ], [ 116.659, 1.6428 ], [ 116.6037, 1.6923 ], [ 116.4605, 1.7248 ], [ 116.4893, 1.7859 ], [ 116.4156, 1.8225 ], [ 116.351, 1.8032 ], [ 116.3173, 1.847 ], [ 116.2561, 1.8538 ] ] ] ] } },
{ "type": "Feature", "properties": { "balita": 3388.0, "u5mr": 18.49, "kabkota": "Mahakam Ulu", "jenis": "Kabupaten", "provinsi": "KALIMANTAN TIMUR", "pulau": "Kalimantan", "provinsi_geojson": "Kalimantan Timur", "jenis_geo": "Kabupaten", "label": "Kab. Mahakam Ulu", "kode_bps": "6411", "geo_key": "mahakam ulu", "name_geojson": "Kabupaten Mahakam Ulu", "peringkat_nasional": 238, "peringkat_provinsi": 1, "kelas_jenks": 2, "kelas_kuantil": 3 }, "geometry": { "type": "MultiPolygon", "coordinates": [ [ [ [ 114.5616, 1.4338 ], [ 114.4096, 1.5208 ], [ 114.2991, 1.4572 ], [ 114.2383, 1.4483 ], [ 114.223, 1.4165 ], [ 114.1574, 1.3776 ], [ 114.1631, 1.3091 ], [ 114.1489, 1.2919 ], [ 114.1339, 1.1831 ], [ 114.0831, 1.1479 ], [ 114.0085, 1.1434 ], [ 113.964, 1.1131 ], [ 113.9014, 1.0598 ], [ 113.8929, 1.0201 ], [ 113.9135, 0.9725 ], [ 113.8709, 0.8887 ], [ 113.9265, 0.8414 ], [ 113.8997, 0.7549 ], [ 113.8772, 0.7174 ], [ 113.8393, 0.6954 ], [ 113.9213, 0.644 ], [ 114.0039, 0.6411 ], [ 114.0909, 0.6983 ], [ 114.158, 0.6777 ], [ 114.2031, 0.5401 ], [ 114.3641, 0.5302 ], [ 114.489, 0.57 ], [ 114.5979, 0.6318 ], [ 114.6624, 0.7027 ], [ 114.7161, 0.7012 ], [ 114.9085, 0.7906 ], [ 114.9856, 0.7317 ], [ 115.0135, 0.5993 ], [ 115.1374, 0.4255 ], [ 115.1293, 0.3744 ], [ 115.0649, 0.325 ], [ 114.9416, 0.3333 ], [ 114.8629, 0.2751 ], [ 114.8298, 0.1916 ], [ 114.7183, 0.0535 ], [ 114.7953, 0.0114 ], [ 114.8374, -0.0465 ], [ 114.8977, -0.0317 ], [ 114.929, -0.1654 ], [ 114.9204, -0.2334 ], [ 114.9711, -0.2726 ], [ 115.0392, -0.24 ], [ 115.0281, -0.2024 ], [ 115.0502, -0.1617 ], [ 115.1504, -0.139 ], [ 115.1646, -0.0878 ], [ 115.2402, -0.0571 ], [ 115.2912, -0.0364 ], [ 115.3359, -0.0016 ], [ 115.41, 0.0521 ], [ 115.4614, 0.0635 ], [ 115.5236, 0.0795 ], [ 115.5809, 0.1454 ], [ 115.6774, 0.1619 ], [ 115.7136, 0.2148 ], [ 115.6847, 0.2806 ], [ 115.6833, 0.3025 ], [ 115.6715, 0.3432 ], [ 115.7148, 0.3841 ], [ 115.7683, 0.4049 ], [ 115.7544, 0.4848 ], [ 115.7416, 0.4931 ], [ 115.7235, 0.5122 ], [ 115.6477, 0.5403 ], [ 115.6472, 0.6053 ], [ 115.6369, 0.6246 ], [ 115.595, 0.6356 ], [ 115.547, 0.7206 ], [ 115.5291, 0.7291 ], [ 115.5188, 0.7478 ], [ 115.492, 0.7656 ], [ 115.4482, 0.7778 ], [ 115.4298, 0.7743 ], [ 115.405, 0.7839 ], [ 115.3922, 0.7706 ], [ 115.3194, 0.8283 ], [ 115.2784, 0.8393 ], [ 115.291, 0.8596 ], [ 115.2672, 0.9151 ], [ 115.2613, 0.945 ], [ 115.2554, 0.991 ], [ 115.2497, 0.9989 ], [ 115.3, 1.0605 ], [ 115.3779, 1.1005 ], [ 115.4105, 1.1379 ], [ 115.4208, 1.1397 ], [ 115.4181, 1.1517 ], [ 115.4006, 1.1464 ], [ 115.3808, 1.118 ], [ 115.2803, 1.1345 ], [ 115.2468, 1.1814 ], [ 115.1145, 1.1811 ], [ 115.0979, 1.2499 ], [ 115.0452, 1.2675 ], [ 115.017, 1.3479 ], [ 114.9086, 1.4035 ], [ 114.8797, 1.4184 ], [ 114.7453, 1.3275 ], [ 114.7125, 1.3354 ], [ 114.6901, 1.3599 ], [ 114.6168, 1.3632 ], [ 114.577, 1.4121 ], [ 114.5616, 1.4338 ] ] ] ] } },
{ "type": "Feature", "properties": { "balita": 24633.0, "u5mr": 16.77, "kabkota": "Paser", "jenis": "Kabupaten", "provinsi": "KALIMANTAN TIMUR", "pulau": "Kalimantan", "provinsi_geojson": "Kalimantan Timur", "jenis_geo": "Kabupaten", "label": "Kab. Paser", "kode_bps": "6401", "geo_key": "paser", "name_geojson": "Kabupaten Paser", "peringkat_nasional": 300, "peringkat_provinsi": 4, "kelas_jenks": 2, "kelas_kuantil": 3 }, "geometry": { "type": "MultiPolygon", "coordinates": [ [ [ [ 116.5019, -2.1093 ], [ 116.3927, -2.127 ], [ 116.4056, -2.2053 ], [ 116.5223, -2.1566 ], [ 116.5019, -2.1093 ] ] ], [ [ [ 116.3845, -0.9665 ], [ 116.2996, -1.0519 ], [ 116.2121, -1.1041 ], [ 116.0756, -1.0762 ], [ 115.9518, -1.1256 ], [ 115.9179, -1.1423 ], [ 115.8953, -1.1052 ], [ 115.8494, -1.1718 ], [ 115.7772, -1.2312 ], [ 115.7668, -1.2943 ], [ 115.7091, -1.4119 ], [ 115.6888, -1.4488 ], [ 115.6555, -1.5127 ], [ 115.636, -1.5483 ], [ 115.6402, -1.5611 ], [ 115.6398, -1.5862 ], [ 115.6545, -1.6125 ], [ 115.6517, -1.6224 ], [ 115.6769, -1.6565 ], [ 115.6652, -1.7067 ], [ 115.7324, -1.8612 ], [ 115.6942, -1.9774 ], [ 115.7133, -2.0228 ], [ 115.7217, -2.0627 ], [ 115.8076, -2.0614 ], [ 115.8147, -2.0981 ], [ 115.7851, -2.2155 ], [ 115.8331, -2.2956 ], [ 115.8314, -2.3331 ], [ 115.8573, -2.386 ], [ 115.8898, -2.3371 ], [ 116.033, -2.3074 ], [ 116.1497, -2.3241 ], [ 116.2358, -2.3091 ], [ 116.2363, -2.3279 ], [ 116.3277, -2.3408 ], [ 116.5471, -2.4023 ], [ 116.5974, -2.2027 ], [ 116.515, -2.1656 ], [ 116.4005, -2.2144 ], [ 116.3828, -2.183 ], [ 116.3932, -2.0829 ], [ 116.4595, -2.0561 ], [ 116.4494, -1.7709 ], [ 116.3735, -1.7627 ], [ 116.2649, -1.8104 ], [ 116.2462, -1.7793 ], [ 116.336, -1.6992 ], [ 116.4922, -1.6428 ], [ 116.5524, -1.5612 ], [ 116.4781, -1.5958 ], [ 116.4399, -1.5904 ], [ 116.3696, -1.5603 ], [ 116.3791, -1.4987 ], [ 116.3558, -1.3917 ], [ 116.3355, -1.3338 ], [ 116.3443, -1.2453 ], [ 116.3762, -1.132 ], [ 116.4541, -1.0435 ], [ 116.4417, -0.9702 ], [ 116.3932, -0.973 ], [ 116.3845, -0.9665 ] ] ] ] } },
{ "type": "Feature", "properties": { "balita": 23405.0, "u5mr": 16.27, "kabkota": "Penajam Paser Utara", "jenis": "Kabupaten", "provinsi": "KALIMANTAN TIMUR", "pulau": "Kalimantan", "provinsi_geojson": "Kalimantan Timur", "jenis_geo": "Kabupaten", "label": "Kab. Penajam Paser Utara", "kode_bps": "6409", "geo_key": "penajam paser utara", "name_geojson": "Kabupaten Penajam Paser Utara", "peringkat_nasional": 323, "peringkat_provinsi": 5, "kelas_jenks": 1, "kelas_kuantil": 2 }, "geometry": { "type": "MultiPolygon", "coordinates": [ [ [ [ 116.7259, -0.8003 ], [ 116.6512, -0.8252 ], [ 116.5886, -0.8734 ], [ 116.591, -0.8643 ], [ 116.5722, -0.8312 ], [ 116.5167, -0.8458 ], [ 116.5061, -0.8561 ], [ 116.4888, -0.8642 ], [ 116.4677, -0.8624 ], [ 116.4612, -0.9166 ], [ 116.47, -0.9168 ], [ 116.4398, -0.959 ], [ 116.4541, -1.0435 ], [ 116.3762, -1.132 ], [ 116.3443, -1.2453 ], [ 116.3355, -1.3338 ], [ 116.3558, -1.3917 ], [ 116.3791, -1.4987 ], [ 116.3696, -1.5603 ], [ 116.4399, -1.5904 ], [ 116.4781, -1.5958 ], [ 116.5524, -1.5612 ], [ 116.5515, -1.4518 ], [ 116.6097, -1.4156 ], [ 116.7621, -1.3621 ], [ 116.7669, -1.1872 ], [ 116.7017, -1.1223 ], [ 116.7419, -1.0465 ], [ 116.8006, -1.0506 ], [ 116.8739, -1.009 ], [ 116.9049, -0.9854 ], [ 116.9311, -0.9516 ], [ 116.8672, -0.834 ], [ 116.7733, -0.8014 ], [ 116.7353, -0.8259 ], [ 116.7259, -0.8003 ] ] ] ] } },
{ "type": "Feature", "properties": { "balita": 57826.0, "u5mr": 12.22, "kabkota": "Kota Balikpapan", "jenis": "Kota", "provinsi": "KALIMANTAN TIMUR", "pulau": "Kalimantan", "provinsi_geojson": "Kalimantan Timur", "jenis_geo": "Kota", "label": "Kota Balikpapan", "kode_bps": "6471", "geo_key": "kota balikpapan", "name_geojson": "Kota Balikpapan", "peringkat_nasional": 472, "peringkat_provinsi": 10, "kelas_jenks": 1, "kelas_kuantil": 1 }, "geometry": { "type": "MultiPolygon", "coordinates": [ [ [ [ 116.8604, -1.0587 ], [ 116.8006, -1.0506 ], [ 116.7418, -1.0717 ], [ 116.7804, -1.1466 ], [ 116.8109, -1.2823 ], [ 116.8839, -1.2767 ], [ 117.0007, -1.2001 ], [ 117.0227, -1.1407 ], [ 116.9453, -1.1261 ], [ 116.8604, -1.0587 ] ] ] ] } },
{ "type": "Feature", "properties": { "balita": 16584.0, "u5mr": 14.89, "kabkota": "Kota Bontang", "jenis": "Kota", "provinsi": "KALIMANTAN TIMUR", "pulau": "Kalimantan", "provinsi_geojson": "Kalimantan Timur", "jenis_geo": "Kota", "label": "Kota Bontang", "kode_bps": "6474", "geo_key": "kota bontang", "name_geojson": "Kota Bontang", "peringkat_nasional": 392, "peringkat_provinsi": 8, "kelas_jenks": 1, "kelas_kuantil": 2 }, "geometry": { "type": "MultiPolygon", "coordinates": [ [ [ [ 117.4692, 0.1992 ], [ 117.4283, 0.1059 ], [ 117.3974, 0.0809 ], [ 117.3883, 0.0225 ], [ 117.5177, 0.0216 ], [ 117.5144, 0.0375 ], [ 117.4907, 0.0301 ], [ 117.4741, 0.0898 ], [ 117.5221, 0.1257 ], [ 117.4692, 0.1992 ] ] ] ] } },
{ "type": "Feature", "properties": { "balita": 67785.0, "u5mr": 14.34, "kabkota": "Kota Samarinda", "jenis": "Kota", "provinsi": "KALIMANTAN TIMUR", "pulau": "Kalimantan", "provinsi_geojson": "Kalimantan Timur", "jenis_geo": "Kota", "label": "Kota Samarinda", "kode_bps": "6472", "geo_key": "kota samarinda", "name_geojson": "Kota Samarinda", "peringkat_nasional": 407, "peringkat_provinsi": 9, "kelas_jenks": 1, "kelas_kuantil": 2 }, "geometry": { "type": "MultiPolygon", "coordinates": [ [ [ [ 117.2063, -0.3235 ], [ 117.1429, -0.3202 ], [ 117.1278, -0.4084 ], [ 117.0739, -0.4286 ], [ 117.0589, -0.4618 ], [ 117.0542, -0.5507 ], [ 117.1454, -0.6207 ], [ 117.1455, -0.673 ], [ 117.1849, -0.7121 ], [ 117.1913, -0.6821 ], [ 117.2751, -0.5835 ], [ 117.2359, -0.5756 ], [ 117.2384, -0.5565 ], [ 117.2517, -0.5503 ], [ 117.2676, -0.5598 ], [ 117.2624, -0.4382 ], [ 117.2951, -0.4024 ], [ 117.262, -0.3653 ], [ 117.2388, -0.3377 ], [ 117.2063, -0.3235 ] ] ] ] } },
{ "type": "Feature", "properties": { "balita": 14035.0, "u5mr": 15.41, "kabkota": "Bulungan", "jenis": "Kabupaten", "provinsi": "KALIMANTAN UTARA", "pulau": "Kalimantan", "provinsi_geojson": "Kalimantan Utara", "jenis_geo": "Kabupaten", "label": "Kab. Bulungan", "kode_bps": "6502", "geo_key": "bulungan", "name_geojson": "Kabupaten Bulungan", "peringkat_nasional": 361, "peringkat_provinsi": 4, "kelas_jenks": 1, "kelas_kuantil": 2 }, "geometry": { "type": "MultiPolygon", "coordinates": [ [ [ [ 117.3122, 3.4134 ], [ 117.2472, 3.3138 ], [ 117.1727, 3.3584 ], [ 117.1333, 3.3437 ], [ 117.0482, 3.4069 ], [ 116.7351, 3.3698 ], [ 116.71, 3.3539 ], [ 116.7798, 3.2737 ], [ 116.7802, 3.2275 ], [ 116.7248, 3.103 ], [ 116.7495, 3.0675 ], [ 116.7166, 3.0254 ], [ 116.6631, 3.007 ], [ 116.4927, 2.8276 ], [ 116.4355, 2.8116 ], [ 116.3022, 2.6367 ], [ 116.3037, 2.5464 ], [ 116.2289, 2.4825 ], [ 116.1779, 2.4049 ], [ 116.1231, 2.3936 ], [ 116.0602, 2.3163 ], [ 116.011, 2.1915 ], [ 116.0701, 2.1614 ], [ 116.148, 2.1526 ], [ 116.1903, 2.125 ], [ 116.2166, 2.1126 ], [ 116.2524, 2.1063 ], [ 116.2993, 2.12 ], [ 116.332, 2.1502 ], [ 116.2898, 2.2356 ], [ 116.3349, 2.2907 ], [ 116.455, 2.2769 ], [ 116.4984, 2.334 ], [ 116.4908, 2.4439 ], [ 116.6861, 2.3991 ], [ 116.8064, 2.4976 ], [ 116.8756, 2.5071 ], [ 116.8983, 2.5014 ], [ 116.9294, 2.4933 ], [ 117.0002, 2.4365 ], [ 117.0281, 2.5058 ], [ 117.0322, 2.526 ], [ 117.0555, 2.5507 ], [ 117.1337, 2.5362 ], [ 117.1568, 2.5562 ], [ 117.171, 2.5617 ], [ 117.2216, 2.5449 ], [ 117.2309, 2.4794 ], [ 117.3638, 2.5387 ], [ 117.4115, 2.5042 ], [ 117.6086, 2.5222 ], [ 117.7053, 2.3972 ], [ 117.7213, 2.3463 ], [ 117.8116, 2.3264 ], [ 117.8638, 2.3929 ], [ 117.9587, 2.4269 ], [ 117.8877, 2.5384 ], [ 117.8002, 2.6262 ], [ 117.7852, 2.7483 ], [ 117.7289, 2.7737 ], [ 117.7159, 2.9115 ], [ 117.571, 3.046 ], [ 117.4787, 3.0983 ], [ 117.4453, 3.1608 ], [ 117.3076, 3.2071 ], [ 117.4606, 3.2722 ], [ 117.5038, 3.3224 ], [ 117.3917, 3.342 ], [ 117.3122, 3.4134 ] ] ], [ [ [ 117.7987, 3.5894 ], [ 117.7629, 3.5114 ], [ 117.8637, 3.4484 ], [ 117.8548, 3.528 ], [ 117.7987, 3.5894 ] ] ] ] } },
{ "type": "Feature", "properties": { "balita": 7837.0, "u5mr": 18.17, "kabkota": "Malinau", "jenis": "Kabupaten", "provinsi": "KALIMANTAN UTARA", "pulau": "Kalimantan", "provinsi_geojson": "Kalimantan Utara", "jenis_geo": "Kabupaten", "label": "Kab. Malinau", "kode_bps": "6501", "geo_key": "malinau", "name_geojson": "Kabupaten Malinau", "peringkat_nasional": 249, "peringkat_provinsi": 2, "kelas_jenks": 2, "kelas_kuantil": 3 }, "geometry": { "type": "MultiPolygon", "coordinates": [ [ [ [ 116.112, 4.1123 ], [ 116.033, 4.0811 ], [ 115.9648, 4.118 ], [ 115.9578, 4.0763 ], [ 116.0213, 4.0094 ], [ 116.0081, 3.9398 ], [ 115.9894, 3.9238 ], [ 115.9566, 3.9143 ], [ 115.9076, 3.8437 ], [ 115.9263, 3.7507 ], [ 115.9319, 3.6401 ], [ 115.9587, 3.5718 ], [ 115.973, 3.5634 ], [ 115.9386, 3.527 ], [ 115.921, 3.4989 ], [ 115.8782, 3.4584 ], [ 115.7221, 3.4449 ], [ 115.5789, 3.4189 ], [ 115.544, 3.3634 ], [ 115.5156, 3.2238 ], [ 115.5616, 3.1702 ], [ 115.5159, 3.0569 ], [ 115.3936, 2.9797 ], [ 115.2458, 2.9812 ], [ 115.148, 2.9081 ], [ 115.091, 2.8235 ], [ 115.1543, 2.7904 ], [ 115.0947, 2.6977 ], [ 115.1778, 2.6105 ], [ 115.2425, 2.4988 ], [ 115.1438, 2.4757 ], [ 115.0998, 2.4051 ], [ 114.961, 2.3647 ], [ 114.917, 2.2549 ], [ 114.799, 2.2485 ], [ 114.7411, 2.1912 ], [ 114.7403, 2.1323 ], [ 114.8204, 2.1299 ], [ 114.7933, 2.0582 ], [ 114.8739, 2.0136 ], [ 114.7944, 1.8487 ], [ 114.7473, 1.8694 ], [ 114.6944, 1.8095 ], [ 114.709, 1.6379 ], [ 114.6105, 1.5752 ], [ 114.577, 1.4121 ], [ 114.6168, 1.3632 ], [ 114.6901, 1.3599 ], [ 114.7125, 1.3354 ], [ 114.7453, 1.3275 ], [ 114.8797, 1.4184 ], [ 114.9086, 1.4035 ], [ 115.017, 1.3479 ], [ 115.0452, 1.2675 ], [ 115.0979, 1.2499 ], [ 115.1145, 1.1811 ], [ 115.2468, 1.1814 ], [ 115.2803, 1.1345 ], [ 115.3808, 1.118 ], [ 115.4006, 1.1464 ], [ 115.4181, 1.1517 ], [ 115.4052, 1.1808 ], [ 115.4276, 1.2232 ], [ 115.5541, 1.2654 ], [ 115.6467, 1.282 ], [ 115.7111, 1.2753 ], [ 115.7734, 1.3077 ], [ 115.807, 1.3246 ], [ 115.8353, 1.3793 ], [ 115.8543, 1.434 ], [ 115.9574, 1.4906 ], [ 115.9727, 1.5313 ], [ 116.0276, 1.5514 ], [ 116.0687, 1.6485 ], [ 116.1335, 1.6681 ], [ 116.1702, 1.7824 ], [ 116.1752, 1.9018 ], [ 116.1945, 1.9857 ], [ 116.2266, 2.0524 ], [ 116.2166, 2.1126 ], [ 116.1903, 2.125 ], [ 116.148, 2.1526 ], [ 116.0701, 2.1614 ], [ 116.011, 2.1915 ], [ 116.0602, 2.3163 ], [ 116.1231, 2.3936 ], [ 116.1779, 2.4049 ], [ 116.2289, 2.4825 ], [ 116.3037, 2.5464 ], [ 116.3022, 2.6367 ], [ 116.4355, 2.8116 ], [ 116.4927, 2.8276 ], [ 116.6631, 3.007 ], [ 116.7166, 3.0254 ], [ 116.7495, 3.0675 ], [ 116.7248, 3.103 ], [ 116.7802, 3.2275 ], [ 116.7798, 3.2737 ], [ 116.71, 3.3539 ], [ 116.6963, 3.3994 ], [ 116.6899, 3.4989 ], [ 116.7115, 3.5504 ], [ 116.6955, 3.5615 ], [ 116.7191, 3.5991 ], [ 116.738, 3.6057 ], [ 116.7371, 3.6564 ], [ 116.7426, 3.6813 ], [ 116.6957, 3.7019 ], [ 116.6634, 3.7761 ], [ 116.5929, 3.8266 ], [ 116.407, 3.8959 ], [ 116.3822, 3.9814 ], [ 116.3228, 4.0657 ], [ 116.2827, 4.0586 ], [ 116.2366, 4.0478 ], [ 116.1675, 4.1121 ], [ 116.112, 4.1123 ] ] ] ] } },
{ "type": "Feature", "properties": { "balita": 19172.0, "u5mr": 18.5, "kabkota": "Nunukan", "jenis": "Kabupaten", "provinsi": "KALIMANTAN UTARA", "pulau": "Kalimantan", "provinsi_geojson": "Kalimantan Utara", "jenis_geo": "Kabupaten", "label": "Kab. Nunukan", "kode_bps": "6504", "geo_key": "nunukan", "name_geojson": "Kabupaten Nunukan", "peringkat_nasional": 237, "peringkat_provinsi": 1, "kelas_jenks": 2, "kelas_kuantil": 3 }, "geometry": { "type": "MultiPolygon", "coordinates": [ [ [ [ 117.4962, 4.0528 ], [ 117.4433, 4.0058 ], [ 117.4966, 3.9163 ], [ 117.5504, 3.9252 ], [ 117.6016, 3.8827 ], [ 117.6823, 3.887 ], [ 117.5975, 3.9335 ], [ 117.4962, 4.0528 ] ] ], [ [ [ 117.6294, 4.1352 ], [ 117.5892, 4.0792 ], [ 117.6026, 4.0114 ], [ 117.6716, 3.9664 ], [ 117.7259, 3.9856 ], [ 117.7536, 4.0612 ], [ 117.6601, 4.1471 ], [ 117.6294, 4.1352 ] ] ], [ [ [ 117.6833, 4.1667 ], [ 117.8612, 4.029 ], [ 117.9262, 4.0609 ], [ 117.9021, 4.1659 ], [ 117.6833, 4.1667 ] ] ], [ [ [ 117.666, 3.7861 ], [ 117.734, 3.8367 ], [ 117.6689, 3.8788 ], [ 117.5966, 3.8768 ], [ 117.4995, 3.9127 ], [ 117.4574, 3.9302 ], [ 117.4636, 3.9609 ], [ 117.4382, 4.0134 ], [ 117.5177, 4.0993 ], [ 117.5296, 4.1601 ], [ 117.4582, 4.1777 ], [ 117.3716, 4.2861 ], [ 117.2964, 4.31 ], [ 117.2475, 4.374 ], [ 117.1997, 4.3352 ], [ 117.0429, 4.3473 ], [ 116.9684, 4.3371 ], [ 116.9111, 4.3688 ], [ 116.8349, 4.3262 ], [ 116.7517, 4.3907 ], [ 116.7026, 4.3343 ], [ 116.6138, 4.3773 ], [ 116.5362, 4.3762 ], [ 116.4414, 4.2882 ], [ 116.4041, 4.359 ], [ 116.204, 4.373 ], [ 116.1109, 4.3319 ], [ 115.9285, 4.3533 ], [ 115.8748, 4.2914 ], [ 115.7664, 4.245 ], [ 115.6822, 4.1606 ], [ 115.6491, 3.9871 ], [ 115.6172, 3.9367 ], [ 115.6126, 3.8242 ], [ 115.5771, 3.7469 ], [ 115.5706, 3.6524 ], [ 115.6374, 3.456 ], [ 115.7221, 3.4449 ], [ 115.8782, 3.4584 ], [ 115.921, 3.4989 ], [ 115.9386, 3.527 ], [ 115.973, 3.5634 ], [ 115.9587, 3.5718 ], [ 115.9319, 3.6401 ], [ 115.9263, 3.7507 ], [ 115.9076, 3.8437 ], [ 115.9566, 3.9143 ], [ 115.9985, 3.9307 ], [ 116.0155, 3.9629 ], [ 116.0213, 4.0094 ], [ 115.9578, 4.0763 ], [ 115.9648, 4.118 ], [ 116.033, 4.0811 ], [ 116.112, 4.1123 ], [ 116.1675, 4.1121 ], [ 116.2366, 4.0478 ], [ 116.2827, 4.0586 ], [ 116.3228, 4.0657 ], [ 116.3822, 3.9814 ], [ 116.407, 3.8959 ], [ 116.5929, 3.8266 ], [ 116.6634, 3.7761 ], [ 116.6957, 3.7019 ], [ 116.7426, 3.6813 ], [ 116.8334, 3.6939 ], [ 116.9442, 3.7503 ], [ 117.0432, 3.7348 ], [ 117.1814, 3.749 ], [ 117.2336, 3.75 ], [ 117.4027, 3.6963 ], [ 117.4434, 3.7014 ], [ 117.4899, 3.7218 ], [ 117.488, 3.7693 ], [ 117.5955, 3.7959 ], [ 117.6013, 3.7737 ], [ 117.666, 3.7861 ] ] ] ] } },
{ "type": "Feature", "properties": { "balita": 3081.0, "u5mr": 16.68, "kabkota": "Tana Tidung", "jenis": "Kabupaten", "provinsi": "KALIMANTAN UTARA", "pulau": "Kalimantan", "provinsi_geojson": "Kalimantan Utara", "jenis_geo": "Kabupaten", "label": "Kab. Tana Tidung", "kode_bps": "6503", "geo_key": "tana tidung", "name_geojson": "Kabupaten Tana Tidung", "peringkat_nasional": 302, "peringkat_provinsi": 3, "kelas_jenks": 1, "kelas_kuantil": 3 }, "geometry": { "type": "MultiPolygon", "coordinates": [ [ [ [ 117.2196, 3.572 ], [ 117.2308, 3.4968 ], [ 117.325, 3.491 ], [ 117.4492, 3.4553 ], [ 117.485, 3.4919 ], [ 117.3711, 3.5626 ], [ 117.2196, 3.572 ] ] ], [ [ [ 117.2336, 3.75 ], [ 117.1814, 3.749 ], [ 117.0432, 3.7348 ], [ 116.9442, 3.7503 ], [ 116.8334, 3.6939 ], [ 116.7371, 3.6564 ], [ 116.738, 3.6057 ], [ 116.7191, 3.5991 ], [ 116.6955, 3.5615 ], [ 116.7115, 3.5504 ], [ 116.6899, 3.4989 ], [ 116.6963, 3.3994 ], [ 116.7351, 3.3698 ], [ 117.0482, 3.4069 ], [ 117.1333, 3.3437 ], [ 117.1727, 3.3584 ], [ 117.2472, 3.3138 ], [ 117.3122, 3.4134 ], [ 117.3917, 3.342 ], [ 117.4141, 3.3887 ], [ 117.3579, 3.4475 ], [ 117.3043, 3.4473 ], [ 117.2118, 3.5001 ], [ 117.2209, 3.6091 ], [ 117.379, 3.6402 ], [ 117.4027, 3.6963 ], [ 117.2336, 3.75 ] ] ], [ [ [ 117.5955, 3.7959 ], [ 117.488, 3.7693 ], [ 117.4773, 3.7563 ], [ 117.4854, 3.744 ], [ 117.4826, 3.728 ], [ 117.4899, 3.7237 ], [ 117.486, 3.7167 ], [ 117.5912, 3.6279 ], [ 117.7368, 3.632 ], [ 117.8147, 3.7211 ], [ 117.666, 3.7861 ], [ 117.6013, 3.7737 ], [ 117.5955, 3.7959 ] ] ] ] } },
{ "type": "Feature", "properties": { "balita": 22431.0, "u5mr": 14.61, "kabkota": "Kota Tarakan", "jenis": "Kota", "provinsi": "KALIMANTAN UTARA", "pulau": "Kalimantan", "provinsi_geojson": "Kalimantan Utara", "jenis_geo": "Kota", "label": "Kota Tarakan", "kode_bps": "6571", "geo_key": "kota tarakan", "name_geojson": "Kota Tarakan", "peringkat_nasional": 400, "peringkat_provinsi": 5, "kelas_jenks": 1, "kelas_kuantil": 2 }, "geometry": { "type": "MultiPolygon", "coordinates": [ [ [ [ 117.5486, 3.4423 ], [ 117.5147, 3.3812 ], [ 117.5422, 3.3256 ], [ 117.656, 3.2536 ], [ 117.6658, 3.4152 ], [ 117.5486, 3.4423 ] ] ] ] } },
{ "type": "Feature", "properties": { "balita": 30121.0, "u5mr": 16.54, "kabkota": "Bangka", "jenis": "Kabupaten", "provinsi": "KEP. BANGKA BELITUNG", "pulau": "Sumatera", "provinsi_geojson": "Kepulauan Bangka Belitung", "jenis_geo": "Kabupaten", "label": "Kab. Bangka", "kode_bps": "1901", "geo_key": "bangka", "name_geojson": "Kabupaten Bangka", "peringkat_nasional": 310, "peringkat_provinsi": 6, "kelas_jenks": 1, "kelas_kuantil": 2 }, "geometry": { "type": "MultiPolygon", "coordinates": [ [ [ [ 106.1501, -2.0824 ], [ 106.149, -1.9837 ], [ 106.1861, -1.9026 ], [ 106.0256, -1.6763 ], [ 106.0483, -1.6003 ], [ 105.981, -1.551 ], [ 105.8776, -1.5199 ], [ 105.7203, -1.5419 ], [ 105.7648, -1.6487 ], [ 105.7405, -1.6865 ], [ 105.811, -1.8137 ], [ 105.757, -1.8214 ], [ 105.7475, -1.8551 ], [ 105.7261, -1.8788 ], [ 105.7145, -1.9636 ], [ 105.7397, -2.1326 ], [ 105.7912, -2.1775 ], [ 105.7875, -2.2497 ], [ 105.825, -2.3076 ], [ 105.9013, -2.2784 ], [ 105.9261, -2.2273 ], [ 105.9985, -2.2378 ], [ 106.0382, -2.1918 ], [ 106.0332, -2.1827 ], [ 106.0842, -2.1293 ], [ 106.0402, -2.1133 ], [ 106.0598, -2.067 ], [ 106.0981, -2.0754 ], [ 106.1082, -2.0772 ], [ 106.1112, -2.0707 ], [ 106.1501, -2.0824 ] ] ] ] } },
{ "type": "Feature", "properties": { "balita": 18299.0, "u5mr": 18.92, "kabkota": "Bangka Barat", "jenis": "Kabupaten", "provinsi": "KEP. BANGKA BELITUNG", "pulau": "Sumatera", "provinsi_geojson": "Kepulauan Bangka Belitung", "jenis_geo": "Kabupaten", "label": "Kab. Bangka Barat", "kode_bps": "1903", "geo_key": "bangka barat", "name_geojson": "Kabupaten Bangka Barat", "peringkat_nasional": 229, "peringkat_provinsi": 3, "kelas_jenks": 2, "kelas_kuantil": 3 }, "geometry": { "type": "MultiPolygon", "coordinates": [ [ [ [ 105.757, -1.8214 ], [ 105.672, -1.7635 ], [ 105.6556, -1.6521 ], [ 105.5989, -1.5471 ], [ 105.4607, -1.5645 ], [ 105.3909, -1.6071 ], [ 105.3434, -1.7015 ], [ 105.3997, -1.75 ], [ 105.3486, -1.8465 ], [ 105.2745, -1.8928 ], [ 105.1638, -1.9292 ], [ 105.1085, -2.024 ], [ 105.1309, -2.0853 ], [ 105.2293, -2.0665 ], [ 105.2979, -2.1543 ], [ 105.3571, -2.12 ], [ 105.4557, -2.1172 ], [ 105.5135, -2.0841 ], [ 105.5913, -2.1231 ], [ 105.7397, -2.1326 ], [ 105.7145, -1.9636 ], [ 105.7261, -1.8788 ], [ 105.7475, -1.8551 ], [ 105.757, -1.8214 ] ] ] ] } },
{ "type": "Feature", "properties": { "balita": 18040.0, "u5mr": 21.23, "kabkota": "Bangka Selatan", "jenis": "Kabupaten", "provinsi": "KEP. BANGKA BELITUNG", "pulau": "Sumatera", "provinsi_geojson": "Kepulauan Bangka Belitung", "jenis_geo": "Kabupaten", "label": "Kab. Bangka Selatan", "kode_bps": "1905", "geo_key": "bangka selatan", "name_geojson": "Kabupaten Bangka Selatan", "peringkat_nasional": 178, "peringkat_provinsi": 1, "kelas_jenks": 2, "kelas_kuantil": 4 }, "geometry": { "type": "MultiPolygon", "coordinates": [ [ [ [ 106.8019, -2.8867 ], [ 106.7093, -2.9675 ], [ 106.8548, -3.0401 ], [ 106.8938, -2.9303 ], [ 106.8019, -2.8867 ] ] ], [ [ [ 106.0226, -2.4697 ], [ 105.993, -2.4808 ], [ 105.9616, -2.5221 ], [ 105.9162, -2.5449 ], [ 105.8866, -2.6443 ], [ 105.9195, -2.7435 ], [ 105.9742, -2.8149 ], [ 106.0936, -2.8372 ], [ 106.2838, -2.9046 ], [ 106.3367, -2.9676 ], [ 106.4245, -2.9713 ], [ 106.5146, -3.1127 ], [ 106.5851, -3.0768 ], [ 106.7047, -3.0979 ], [ 106.7399, -3.005 ], [ 106.6089, -2.9631 ], [ 106.6021, -2.8634 ], [ 106.6626, -2.7161 ], [ 106.6424, -2.7173 ], [ 106.6335, -2.6949 ], [ 106.5682, -2.652 ], [ 106.4608, -2.6236 ], [ 106.4489, -2.5693 ], [ 106.3111, -2.5471 ], [ 106.2388, -2.5833 ], [ 106.1468, -2.5061 ], [ 106.051, -2.5019 ], [ 106.0226, -2.4697 ] ] ] ] } },
{ "type": "Feature", "properties": { "balita": 19100.0, "u5mr": 18.65, "kabkota": "Bangka Tengah", "jenis": "Kabupaten", "provinsi": "KEP. BANGKA BELITUNG", "pulau": "Sumatera", "provinsi_geojson": "Kepulauan Bangka Belitung", "jenis_geo": "Kabupaten", "label": "Kab. Bangka Tengah", "kode_bps": "1904", "geo_key": "bangka tengah", "name_geojson": "Kabupaten Bangka Tengah", "peringkat_nasional": 235, "peringkat_provinsi": 4, "kelas_jenks": 2, "kelas_kuantil": 3 }, "geometry": { "type": "MultiPolygon", "coordinates": [ [ [ [ 106.1327, -2.146 ], [ 106.0332, -2.1827 ], [ 106.0382, -2.1918 ], [ 105.9985, -2.2378 ], [ 105.9261, -2.2273 ], [ 105.9013, -2.2784 ], [ 105.8782, -2.3275 ], [ 105.8023, -2.3623 ], [ 105.8348, -2.4129 ], [ 105.9262, -2.4592 ], [ 105.9616, -2.5221 ], [ 105.993, -2.4808 ], [ 106.0226, -2.4697 ], [ 106.051, -2.5019 ], [ 106.1468, -2.5061 ], [ 106.2388, -2.5833 ], [ 106.3111, -2.5471 ], [ 106.4489, -2.5693 ], [ 106.4608, -2.6236 ], [ 106.5682, -2.652 ], [ 106.6335, -2.6949 ], [ 106.6393, -2.7144 ], [ 106.6561, -2.7212 ], [ 106.7076, -2.6429 ], [ 106.7523, -2.604 ], [ 106.8487, -2.5725 ], [ 106.4994, -2.5041 ], [ 106.4463, -2.4723 ], [ 106.3501, -2.4624 ], [ 106.2372, -2.3279 ], [ 106.2284, -2.2608 ], [ 106.1568, -2.1607 ], [ 106.1327, -2.146 ] ] ] ] } },
{ "type": "Feature", "properties": { "balita": 15650.0, "u5mr": 17.16, "kabkota": "Belitung", "jenis": "Kabupaten", "provinsi": "KEP. BANGKA BELITUNG", "pulau": "Sumatera", "provinsi_geojson": "Kepulauan Bangka Belitung", "jenis_geo": "Kabupaten", "label": "Kab. Belitung", "kode_bps": "1902", "geo_key": "belitung", "name_geojson": "Kabupaten Belitung", "peringkat_nasional": 290, "peringkat_provinsi": 5, "kelas_jenks": 2, "kelas_kuantil": 3 }, "geometry": { "type": "MultiPolygon", "coordinates": [ [ [ [ 107.4467, -2.8293 ], [ 107.3514, -2.8781 ], [ 107.4121, -2.946 ], [ 107.4716, -2.9049 ], [ 107.4467, -2.8293 ] ] ], [ [ [ 107.9274, -2.6214 ], [ 107.9381, -2.566 ], [ 107.719, -2.5471 ], [ 107.6448, -2.5875 ], [ 107.5975, -2.7861 ], [ 107.5986, -2.8578 ], [ 107.529, -2.9209 ], [ 107.5826, -3.0866 ], [ 107.6293, -3.1429 ], [ 107.5926, -3.1968 ], [ 107.6393, -3.24 ], [ 107.7084, -3.1931 ], [ 107.8326, -3.1641 ], [ 107.8102, -3.0862 ], [ 107.864, -3.0355 ], [ 107.8337, -3.0089 ], [ 107.7644, -2.944 ], [ 107.7839, -2.8619 ], [ 107.8716, -2.8778 ], [ 107.8662, -2.8027 ], [ 107.9842, -2.777 ], [ 107.9454, -2.7094 ], [ 107.8791, -2.6921 ], [ 107.9274, -2.6214 ] ] ] ] } },
{ "type": "Feature", "properties": { "balita": 10392.0, "u5mr": 19.02, "kabkota": "Belitung Timur", "jenis": "Kabupaten", "provinsi": "KEP. BANGKA BELITUNG", "pulau": "Sumatera", "provinsi_geojson": "Kepulauan Bangka Belitung", "jenis_geo": "Kabupaten", "label": "Kab. Belitung Timur", "kode_bps": "1906", "geo_key": "belitung timur", "name_geojson": "Kabupaten Belitung Timur", "peringkat_nasional": 226, "peringkat_provinsi": 2, "kelas_jenks": 2, "kelas_kuantil": 3 }, "geometry": { "type": "MultiPolygon", "coordinates": [ [ [ [ 107.864, -3.0355 ], [ 107.9741, -3.1946 ], [ 107.9669, -3.2465 ], [ 108.0824, -3.2445 ], [ 108.0816, -3.169 ], [ 108.151, -3.1721 ], [ 108.213, -3.0701 ], [ 108.2079, -3.0133 ], [ 108.2996, -2.8481 ], [ 108.2497, -2.7415 ], [ 108.087, -2.5972 ], [ 107.9892, -2.5724 ], [ 107.9274, -2.6214 ], [ 107.8791, -2.6921 ], [ 107.9454, -2.7094 ], [ 107.9842, -2.777 ], [ 107.8662, -2.8027 ], [ 107.8716, -2.8778 ], [ 107.7839, -2.8619 ], [ 107.7644, -2.944 ], [ 107.8337, -3.0089 ], [ 107.864, -3.0355 ] ] ] ] } },
{ "type": "Feature", "properties": { "balita": 20181.0, "u5mr": 12.93, "kabkota": "Kota Pangkal Pinang", "jenis": "Kota", "provinsi": "KEP. BANGKA BELITUNG", "pulau": "Sumatera", "provinsi_geojson": "Kepulauan Bangka Belitung", "jenis_geo": "Kota", "label": "Kota Pangkal Pinang", "kode_bps": "1971", "geo_key": "kota pangkal pinang", "name_geojson": "Kota Pangkal Pinang", "peringkat_nasional": 451, "peringkat_provinsi": 7, "kelas_jenks": 1, "kelas_kuantil": 1 }, "geometry": { "type": "MultiPolygon", "coordinates": [ [ [ [ 106.1501, -2.0824 ], [ 106.1112, -2.0707 ], [ 106.1082, -2.0772 ], [ 106.0981, -2.0754 ], [ 106.0598, -2.067 ], [ 106.0402, -2.1133 ], [ 106.0842, -2.1293 ], [ 106.1327, -2.146 ], [ 106.1568, -2.1607 ], [ 106.1501, -2.0824 ] ] ] ] } },
{ "type": "Feature", "properties": { "balita": 14042.0, "u5mr": 12.99, "kabkota": "Bintan", "jenis": "Kabupaten", "provinsi": "KEPULAUAN RIAU", "pulau": "Sumatera", "provinsi_geojson": "Kepulauan Riau", "jenis_geo": "Kabupaten", "label": "Kab. Bintan", "kode_bps": "2102", "geo_key": "bintan", "name_geojson": "Kabupaten Bintan", "peringkat_nasional": 448, "peringkat_provinsi": 5, "kelas_jenks": 1, "kelas_kuantil": 1 }, "geometry": { "type": "MultiPolygon", "coordinates": [ [ [ [ 104.552, 0.9155 ], [ 104.5187, 0.8274 ], [ 104.593, 0.8099 ], [ 104.6114, 0.8858 ], [ 104.6601, 0.9145 ], [ 104.6341, 0.986 ], [ 104.6574, 1.0453 ], [ 104.5759, 1.1935 ], [ 104.4993, 1.1687 ], [ 104.419, 1.1981 ], [ 104.3397, 1.1854 ], [ 104.3286, 1.1378 ], [ 104.2181, 1.0893 ], [ 104.2596, 1.0 ], [ 104.3316, 0.995 ], [ 104.4046, 1.0537 ], [ 104.4527, 1.055 ], [ 104.4734, 0.9775 ], [ 104.5, 0.9911 ], [ 104.5216, 0.9773 ], [ 104.5455, 0.9415 ], [ 104.552, 0.9155 ] ] ] ] } },
{ "type": "Feature", "properties": { "balita": 22109.0, "u5mr": 14.8, "kabkota": "Karimun", "jenis": "Kabupaten", "provinsi": "KEPULAUAN RIAU", "pulau": "Sumatera", "provinsi_geojson": "Kepulauan Riau", "jenis_geo": "Kabupaten", "label": "Kab. Karimun", "kode_bps": "2101", "geo_key": "karimun", "name_geojson": "Kabupaten Karimun", "peringkat_nasional": 394, "peringkat_provinsi": 4, "kelas_jenks": 1, "kelas_kuantil": 2 }, "geometry": { "type": "MultiPolygon", "coordinates": [ [ [ [ 103.3697, 0.8916 ], [ 103.3515, 0.7408 ], [ 103.4568, 0.6375 ], [ 103.512, 0.7571 ], [ 103.3697, 0.8916 ] ] ], [ [ [ 103.3698, 1.124 ], [ 103.3274, 1.1122 ], [ 103.3282, 1.0169 ], [ 103.3943, 0.9929 ], [ 103.3698, 1.124 ] ] ] ] } },
{ "type": "Feature", "properties": { "balita": 4545.0, "u5mr": 16.65, "kabkota": "Kepulauan Anambas", "jenis": "Kabupaten", "provinsi": "KEPULAUAN RIAU", "pulau": "Sumatera", "provinsi_geojson": "Kepulauan Riau", "jenis_geo": "Kabupaten", "label": "Kab. Kepulauan Anambas", "kode_bps": "2105", "geo_key": "kepulauan anambas", "name_geojson": "Kabupaten Kepulauan Anambas", "peringkat_nasional": 303, "peringkat_provinsi": 2, "kelas_jenks": 1, "kelas_kuantil": 3 }, "geometry": { "type": "MultiPolygon", "coordinates": [ [ [ [ 105.6936, 3.0435 ], [ 105.715, 2.9839 ], [ 105.6931, 2.8508 ], [ 105.7327, 2.8149 ], [ 105.8105, 2.9437 ], [ 105.6936, 3.0435 ] ] ], [ [ [ 106.2263, 3.2357 ], [ 106.2046, 3.1349 ], [ 106.2886, 3.1045 ], [ 106.2882, 3.1784 ], [ 106.2263, 3.2357 ] ] ], [ [ [ 106.2688, 3.3804 ], [ 106.227, 3.2598 ], [ 106.2955, 3.2758 ], [ 106.2688, 3.3804 ] ] ] ] } },
{ "type": "Feature", "properties": { "balita": 8243.0, "u5mr": 17.49, "kabkota": "Lingga", "jenis": "Kabupaten", "provinsi": "KEPULAUAN RIAU", "pulau": "Sumatera", "provinsi_geojson": "Kepulauan Riau", "jenis_geo": "Kabupaten", "label": "Kab. Lingga", "kode_bps": "2104", "geo_key": "lingga", "name_geojson": "Kabupaten Lingga", "peringkat_nasional": 274, "peringkat_provinsi": 1, "kelas_jenks": 2, "kelas_kuantil": 3 }, "geometry": { "type": "MultiPolygon", "coordinates": [ [ [ [ 104.4575, -0.3491 ], [ 104.3854, -0.4133 ], [ 104.2773, -0.396 ], [ 104.2602, -0.4745 ], [ 104.3173, -0.543 ], [ 104.3587, -0.6829 ], [ 104.4252, -0.5906 ], [ 104.4782, -0.6394 ], [ 104.5351, -0.5384 ], [ 104.6013, -0.468 ], [ 104.538, -0.371 ], [ 104.4575, -0.3491 ] ] ], [ [ [ 104.549, 0.0294 ], [ 104.5058, -0.0061 ], [ 104.5127, -0.104 ], [ 104.4696, -0.1376 ], [ 104.429, -0.237 ], [ 104.5215, -0.2759 ], [ 104.703, -0.2046 ], [ 104.8493, -0.3224 ], [ 104.9211, -0.2763 ], [ 104.8764, -0.1935 ], [ 104.7511, -0.1892 ], [ 104.6527, -0.0516 ], [ 104.549, 0.0294 ] ] ] ] } },
{ "type": "Feature", "properties": { "balita": 7686.0, "u5mr": 16.09, "kabkota": "Natuna", "jenis": "Kabupaten", "provinsi": "KEPULAUAN RIAU", "pulau": "Sumatera", "provinsi_geojson": "Kepulauan Riau", "jenis_geo": "Kabupaten", "label": "Kab. Natuna", "kode_bps": "2103", "geo_key": "natuna", "name_geojson": "Kabupaten Natuna", "peringkat_nasional": 334, "peringkat_provinsi": 3, "kelas_jenks": 1, "kelas_kuantil": 2 }, "geometry": { "type": "MultiPolygon", "coordinates": [ [ [ [ 108.8381, 2.9968 ], [ 108.8281, 2.9355 ], [ 108.7752, 2.8917 ], [ 108.8192, 2.8435 ], [ 108.8874, 2.9139 ], [ 108.8902, 3.0002 ], [ 108.8381, 2.9968 ] ] ], [ [ [ 108.208, 4.2266 ], [ 108.1466, 4.1377 ], [ 108.0329, 4.0577 ], [ 107.9825, 3.9996 ], [ 107.9899, 3.9425 ], [ 108.0627, 3.8354 ], [ 108.1994, 3.7821 ], [ 108.1176, 3.7439 ], [ 108.0901, 3.6807 ], [ 108.1661, 3.6415 ], [ 108.306, 3.6714 ], [ 108.3094, 3.7312 ], [ 108.387, 3.7937 ], [ 108.4031, 3.9668 ], [ 108.3465, 3.9987 ], [ 108.2339, 4.1283 ], [ 108.208, 4.2266 ] ] ] ] } },
{ "type": "Feature", "properties": { "balita": 118472.0, "u5mr": 10.83, "kabkota": "Kota Batam", "jenis": "Kota", "provinsi": "KEPULAUAN RIAU", "pulau": "Sumatera", "provinsi_geojson": "Kepulauan Riau", "jenis_geo": "Kota", "label": "Kota Batam", "kode_bps": "2171", "geo_key": "kota batam", "name_geojson": "Kota Batam", "peringkat_nasional": 510, "peringkat_provinsi": 7, "kelas_jenks": 1, "kelas_kuantil": 1 }, "geometry": { "type": "MultiPolygon", "coordinates": [ [ [ [ 104.1105, 0.9538 ], [ 104.0993, 0.8795 ], [ 104.1655, 0.7899 ], [ 104.2659, 0.8596 ], [ 104.1699, 0.8986 ], [ 104.1105, 0.9538 ] ] ], [ [ [ 103.8674, 1.0319 ], [ 103.8336, 0.9778 ], [ 103.9439, 0.9098 ], [ 103.9668, 0.9677 ], [ 103.8674, 1.0319 ] ] ], [ [ [ 104.073, 1.188 ], [ 103.9883, 1.1309 ], [ 103.9207, 1.1434 ], [ 103.911, 1.0379 ], [ 104.0342, 0.9802 ], [ 104.0962, 0.986 ], [ 104.1328, 1.0343 ], [ 104.144, 1.163 ], [ 104.073, 1.188 ] ] ] ] } },
{ "type": "Feature", "properties": { "balita": 18476.0, "u5mr": 11.04, "kabkota": "Kota Tanjung Pinang", "jenis": "Kota", "provinsi": "KEPULAUAN RIAU", "pulau": "Sumatera", "provinsi_geojson": "Kepulauan Riau", "jenis_geo": "Kota", "label": "Kota Tanjung Pinang", "kode_bps": "2172", "geo_key": "kota tanjung pinang", "name_geojson": "Kota Tanjung Pinang", "peringkat_nasional": 506, "peringkat_provinsi": 6, "kelas_jenks": 1, "kelas_kuantil": 1 }, "geometry": { "type": "MultiPolygon", "coordinates": [ [ [ [ 104.5, 0.9911 ], [ 104.4734, 0.9775 ], [ 104.4375, 0.9116 ], [ 104.4909, 0.8759 ], [ 104.552, 0.9155 ], [ 104.5455, 0.9415 ], [ 104.5216, 0.9773 ], [ 104.5, 0.9911 ] ] ] ] } },
{ "type": "Feature", "properties": { "balita": 28998.0, "u5mr": 17.43, "kabkota": "Lampung Barat", "jenis": "Kabupaten", "provinsi": "LAMPUNG", "pulau": "Sumatera", "provinsi_geojson": "Lampung", "jenis_geo": "Kabupaten", "label": "Kab. Lampung Barat", "kode_bps": "1801", "geo_key": "lampung barat", "name_geojson": "Kabupaten Lampung Barat", "peringkat_nasional": 279, "peringkat_provinsi": 3, "kelas_jenks": 2, "kelas_kuantil": 3 }, "geometry": { "type": "MultiPolygon", "coordinates": [ [ [ [ 104.4225, -4.9026 ], [ 104.4131, -4.8646 ], [ 104.3512, -4.8748 ], [ 104.2875, -4.8558 ], [ 104.2699, -4.8767 ], [ 104.2341, -4.8808 ], [ 104.1444, -4.9238 ], [ 104.0712, -4.908 ], [ 104.0488, -4.9017 ], [ 103.9356, -4.8846 ], [ 103.8557, -4.8919 ], [ 103.8584, -4.9454 ], [ 103.9726, -4.9691 ], [ 104.0238, -5.092 ], [ 104.1208, -5.1748 ], [ 104.2226, -5.2181 ], [ 104.3149, -5.3542 ], [ 104.3601, -5.3026 ], [ 104.374, -5.1995 ], [ 104.5143, -5.1362 ], [ 104.574, -5.0736 ], [ 104.5905, -5.0693 ], [ 104.5668, -5.0217 ], [ 104.5016, -5.018 ], [ 104.4784, -4.9318 ], [ 104.437, -4.9291 ], [ 104.4225, -4.9026 ] ] ] ] } },
{ "type": "Feature", "properties": { "balita": 96468.0, "u5mr": 15.26, "kabkota": "Lampung Selatan", "jenis": "Kabupaten", "provinsi": "LAMPUNG", "pulau": "Sumatera", "provinsi_geojson": "Lampung", "jenis_geo": "Kabupaten", "label": "Kab. Lampung Selatan", "kode_bps": "1803", "geo_key": "lampung selatan", "name_geojson": "Kabupaten Lampung Selatan", "peringkat_nasional": 369, "peringkat_provinsi": 11, "kelas_jenks": 1, "kelas_kuantil": 2 }, "geometry": { "type": "MultiPolygon", "coordinates": [ [ [ [ 105.2186, -5.1794 ], [ 105.1948, -5.2004 ], [ 105.1717, -5.2709 ], [ 105.145, -5.2526 ], [ 105.1523, -5.3267 ], [ 105.1676, -5.3483 ], [ 105.2114, -5.3698 ], [ 105.2238, -5.3677 ], [ 105.2622, -5.3297 ], [ 105.3419, -5.42 ], [ 105.3507, -5.515 ], [ 105.4085, -5.6222 ], [ 105.5546, -5.6974 ], [ 105.5846, -5.8057 ], [ 105.737, -5.8804 ], [ 105.799, -5.7944 ], [ 105.7985, -5.6035 ], [ 105.785, -5.609 ], [ 105.756, -5.591 ], [ 105.7363, -5.5921 ], [ 105.6603, -5.5543 ], [ 105.6557, -5.4931 ], [ 105.5372, -5.4534 ], [ 105.5231, -5.3731 ], [ 105.4176, -5.2261 ], [ 105.3312, -5.2311 ], [ 105.2877, -5.2022 ], [ 105.2186, -5.1794 ] ] ] ] } },
{ "type": "Feature", "properties": { "balita": 126990.0, "u5mr": 15.26, "kabkota": "Lampung Tengah", "jenis": "Kabupaten", "provinsi": "LAMPUNG", "pulau": "Sumatera", "provinsi_geojson": "Lampung", "jenis_geo": "Kabupaten", "label": "Kab. Lampung Tengah", "kode_bps": "1805", "geo_key": "lampung tengah", "name_geojson": "Kabupaten Lampung Tengah", "peringkat_nasional": 369, "peringkat_provinsi": 11, "kelas_jenks": 1, "kelas_kuantil": 2 }, "geometry": { "type": "MultiPolygon", "coordinates": [ [ [ [ 105.6271, -4.4874 ], [ 105.603, -4.522 ], [ 105.5813, -4.5354 ], [ 105.5103, -4.4916 ], [ 105.4117, -4.5187 ], [ 105.3399, -4.553 ], [ 105.3121, -4.5797 ], [ 105.2619, -4.6355 ], [ 105.2121, -4.6354 ], [ 105.1989, -4.6028 ], [ 105.1801, -4.6402 ], [ 105.1431, -4.6756 ], [ 105.1214, -4.7633 ], [ 105.0699, -4.8622 ], [ 105.0357, -4.9643 ], [ 104.9652, -4.9129 ], [ 104.9023, -4.9853 ], [ 104.8369, -4.9751 ], [ 104.7474, -5.0494 ], [ 104.7137, -5.0702 ], [ 104.6581, -5.0792 ], [ 104.6332, -5.0895 ], [ 104.5905, -5.0693 ], [ 104.574, -5.0736 ], [ 104.5939, -5.132 ], [ 104.6524, -5.1325 ], [ 104.7007, -5.1558 ], [ 104.7882, -5.145 ], [ 104.8118, -5.1731 ], [ 104.8614, -5.2018 ], [ 104.9104, -5.2472 ], [ 104.9258, -5.2667 ], [ 105.0453, -5.2119 ], [ 105.0586, -5.1942 ], [ 105.0661, -5.1525 ], [ 105.0715, -5.134 ], [ 105.0837, -5.1433 ], [ 105.0926, -5.1507 ], [ 105.1156, -5.1481 ], [ 105.1484, -5.1304 ], [ 105.2266, -5.1543 ], [ 105.2413, -5.1677 ], [ 105.2791, -5.1696 ], [ 105.2748, -5.1588 ], [ 105.2717, -5.1053 ], [ 105.3023, -5.0625 ], [ 105.3582, -5.0222 ], [ 105.3202, -5.0052 ], [ 105.3606, -4.9667 ], [ 105.3797, -4.9666 ], [ 105.3994, -4.9205 ], [ 105.4462, -4.9006 ], [ 105.5348, -4.8856 ], [ 105.5545, -4.8938 ], [ 105.553, -4.878 ], [ 105.6046, -4.8521 ], [ 105.6491, -4.7943 ], [ 105.6637, -4.7826 ], [ 105.6831, -4.7461 ], [ 105.7842, -4.7396 ], [ 105.8044, -4.7235 ], [ 105.8166, -4.65 ], [ 105.7814, -4.6343 ], [ 105.779, -4.6048 ], [ 105.7936, -4.5796 ], [ 105.7984, -4.5581 ], [ 105.7892, -4.5494 ], [ 105.7838, -4.5566 ], [ 105.7714, -4.5532 ], [ 105.7733, -4.5323 ], [ 105.7587, -4.5321 ], [ 105.7519, -4.5215 ], [ 105.7314, -4.5374 ], [ 105.7243, -4.5281 ], [ 105.7082, -4.5281 ], [ 105.6929, -4.5125 ], [ 105.6973, -4.4954 ], [ 105.6705, -4.4998 ], [ 105.6271, -4.4874 ] ] ] ] } },
{ "type": "Feature", "properties": { "balita": 94659.0, "u5mr": 16.15, "kabkota": "Lampung Timur", "jenis": "Kabupaten", "provinsi": "LAMPUNG", "pulau": "Sumatera", "provinsi_geojson": "Lampung", "jenis_geo": "Kabupaten", "label": "Kab. Lampung Timur", "kode_bps": "1804", "geo_key": "lampung timur", "name_geojson": "Kabupaten Lampung Timur", "peringkat_nasional": 329, "peringkat_provinsi": 8, "kelas_jenks": 1, "kelas_kuantil": 2 }, "geometry": { "type": "MultiPolygon", "coordinates": [ [ [ [ 105.8573, -4.6326 ], [ 105.8166, -4.65 ], [ 105.8044, -4.7235 ], [ 105.7842, -4.7396 ], [ 105.6831, -4.7461 ], [ 105.6637, -4.7826 ], [ 105.6491, -4.7943 ], [ 105.6046, -4.8521 ], [ 105.553, -4.878 ], [ 105.5545, -4.8938 ], [ 105.5348, -4.8856 ], [ 105.4462, -4.9006 ], [ 105.3994, -4.9205 ], [ 105.3797, -4.9666 ], [ 105.3606, -4.9667 ], [ 105.3202, -5.0052 ], [ 105.3582, -5.0222 ], [ 105.3166, -5.0545 ], [ 105.3491, -5.1085 ], [ 105.3364, -5.1122 ], [ 105.3343, -5.1459 ], [ 105.3055, -5.1707 ], [ 105.2994, -5.1723 ], [ 105.2877, -5.2022 ], [ 105.3312, -5.2311 ], [ 105.4176, -5.2261 ], [ 105.5231, -5.3731 ], [ 105.5372, -5.4534 ], [ 105.6557, -5.4931 ], [ 105.6603, -5.5543 ], [ 105.7363, -5.5921 ], [ 105.756, -5.591 ], [ 105.785, -5.609 ], [ 105.7985, -5.6035 ], [ 105.8219, -5.5711 ], [ 105.8184, -5.3361 ], [ 105.8643, -5.2554 ], [ 105.859, -5.0372 ], [ 105.9006, -4.9382 ], [ 105.8693, -4.8682 ], [ 105.8573, -4.6326 ] ] ] ] } },
{ "type": "Feature", "properties": { "balita": 54863.0, "u5mr": 16.43, "kabkota": "Lampung Utara", "jenis": "Kabupaten", "provinsi": "LAMPUNG", "pulau": "Sumatera", "provinsi_geojson": "Lampung", "jenis_geo": "Kabupaten", "label": "Kab. Lampung Utara", "kode_bps": "1806", "geo_key": "lampung utara", "name_geojson": "Kabupaten Lampung Utara", "peringkat_nasional": 316, "peringkat_provinsi": 7, "kelas_jenks": 1, "kelas_kuantil": 2 }, "geometry": { "type": "MultiPolygon", "coordinates": [ [ [ [ 104.8927, -4.5246 ], [ 104.7828, -4.5317 ], [ 104.7016, -4.5532 ], [ 104.6383, -4.6564 ], [ 104.611, -4.6904 ], [ 104.6338, -4.7621 ], [ 104.6214, -4.7961 ], [ 104.5568, -4.8447 ], [ 104.5465, -4.8664 ], [ 104.4963, -4.9665 ], [ 104.5016, -5.018 ], [ 104.5668, -5.0217 ], [ 104.5925, -5.0722 ], [ 104.6282, -5.0887 ], [ 104.6469, -5.0881 ], [ 104.6581, -5.0792 ], [ 104.7137, -5.0702 ], [ 104.7474, -5.0494 ], [ 104.8369, -4.9751 ], [ 104.9023, -4.9853 ], [ 104.9652, -4.9129 ], [ 105.0357, -4.9643 ], [ 105.0699, -4.8622 ], [ 105.1254, -4.7262 ], [ 104.995, -4.6365 ], [ 105.0003, -4.6083 ], [ 104.9883, -4.5825 ], [ 104.9807, -4.535 ], [ 104.9512, -4.5169 ], [ 104.9306, -4.5139 ], [ 104.8927, -4.5246 ] ] ] ] } },
{ "type": "Feature", "properties": { "balita": 22542.0, "u5mr": 17.48, "kabkota": "Mesuji", "jenis": "Kabupaten", "provinsi": "LAMPUNG", "pulau": "Sumatera", "provinsi_geojson": "Lampung", "jenis_geo": "Kabupaten", "label": "Kab. Mesuji", "kode_bps": "1811", "geo_key": "mesuji", "name_geojson": "Kabupaten Mesuji", "peringkat_nasional": 276, "peringkat_provinsi": 2, "kelas_jenks": 2, "kelas_kuantil": 3 }, "geometry": { "type": "MultiPolygon", "coordinates": [ [ [ [ 105.3666, -3.7981 ], [ 105.3571, -3.7963 ], [ 105.3427, -3.7319 ], [ 105.3346, -3.7239 ], [ 105.325, -3.7264 ], [ 105.3082, -3.7583 ], [ 105.3052, -3.7907 ], [ 105.2821, -3.8285 ], [ 105.293, -3.8427 ], [ 105.245, -3.9062 ], [ 105.151, -3.9312 ], [ 105.1359, -3.9487 ], [ 105.121, -4.0345 ], [ 105.0947, -4.0459 ], [ 105.0614, -4.0972 ], [ 105.0496, -4.1403 ], [ 105.098, -4.2176 ], [ 105.2322, -4.1907 ], [ 105.2761, -4.1845 ], [ 105.4007, -4.1383 ], [ 105.4247, -4.1221 ], [ 105.5031, -4.1356 ], [ 105.6059, -4.2193 ], [ 105.6527, -4.2176 ], [ 105.7547, -4.1949 ], [ 105.7267, -4.1304 ], [ 105.6625, -4.055 ], [ 105.6391, -4.0487 ], [ 105.6044, -4.0526 ], [ 105.611, -3.9649 ], [ 105.5831, -3.9371 ], [ 105.5122, -3.873 ], [ 105.4927, -3.841 ], [ 105.48, -3.8217 ], [ 105.4367, -3.788 ], [ 105.3666, -3.7981 ] ] ] ] } },
{ "type": "Feature", "properties": { "balita": 40910.0, "u5mr": 17.37, "kabkota": "Pesawaran", "jenis": "Kabupaten", "provinsi": "LAMPUNG", "pulau": "Sumatera", "provinsi_geojson": "Lampung", "jenis_geo": "Kabupaten", "label": "Kab. Pesawaran", "kode_bps": "1809", "geo_key": "pesawaran", "name_geojson": "Kabupaten Pesawaran", "peringkat_nasional": 280, "peringkat_provinsi": 4, "kelas_jenks": 2, "kelas_kuantil": 3 }, "geometry": { "type": "MultiPolygon", "coordinates": [ [ [ [ 105.0715, -5.134 ], [ 105.0661, -5.1525 ], [ 105.0586, -5.1942 ], [ 105.0491, -5.2057 ], [ 105.0539, -5.211 ], [ 105.0749, -5.2258 ], [ 105.0794, -5.2184 ], [ 105.0978, -5.2299 ], [ 105.0695, -5.2288 ], [ 105.0376, -5.2588 ], [ 105.0447, -5.321 ], [ 105.0809, -5.3629 ], [ 105.0392, -5.3862 ], [ 105.0013, -5.4229 ], [ 104.9643, -5.4365 ], [ 104.9343, -5.4954 ], [ 104.9675, -5.555 ], [ 104.9931, -5.5819 ], [ 105.0742, -5.6456 ], [ 105.0814, -5.7125 ], [ 105.1354, -5.7703 ], [ 105.2013, -5.7175 ], [ 105.1737, -5.6668 ], [ 105.2248, -5.4897 ], [ 105.1976, -5.4528 ], [ 105.188, -5.4362 ], [ 105.2069, -5.3891 ], [ 105.2114, -5.3698 ], [ 105.1676, -5.3483 ], [ 105.1523, -5.3267 ], [ 105.145, -5.2526 ], [ 105.1717, -5.2709 ], [ 105.1948, -5.2004 ], [ 105.2186, -5.1794 ], [ 105.2413, -5.1677 ], [ 105.2266, -5.1543 ], [ 105.1484, -5.1304 ], [ 105.1156, -5.1481 ], [ 105.0926, -5.1507 ], [ 105.0837, -5.1433 ], [ 105.0715, -5.134 ] ] ] ] } },
{ "type": "Feature", "properties": { "balita": 15894.0, "u5mr": 17.7, "kabkota": "Pesisir Barat", "jenis": "Kabupaten", "provinsi": "LAMPUNG", "pulau": "Sumatera", "provinsi_geojson": "Lampung", "jenis_geo": "Kabupaten", "label": "Kab. Pesisir Barat", "kode_bps": "1813", "geo_key": "pesisir barat", "name_geojson": "Kabupaten Pesisir Barat", "peringkat_nasional": 266, "peringkat_provinsi": 1, "kelas_jenks": 2, "kelas_kuantil": 3 }, "geometry": { "type": "MultiPolygon", "coordinates": [ [ [ [ 103.7905, -4.779 ], [ 103.7311, -4.7993 ], [ 103.596, -4.9224 ], [ 103.711, -4.9631 ], [ 103.9131, -5.1286 ], [ 103.9065, -5.232 ], [ 103.9928, -5.2634 ], [ 104.0692, -5.4077 ], [ 104.12, -5.4572 ], [ 104.2726, -5.5521 ], [ 104.301, -5.6419 ], [ 104.416, -5.7072 ], [ 104.4528, -5.7641 ], [ 104.5654, -5.8674 ], [ 104.5845, -5.9431 ], [ 104.6586, -5.9364 ], [ 104.6177, -5.8013 ], [ 104.628, -5.6917 ], [ 104.5682, -5.6204 ], [ 104.4815, -5.5632 ], [ 104.4531, -5.52 ], [ 104.443, -5.5228 ], [ 104.4186, -5.4521 ], [ 104.3149, -5.3542 ], [ 104.2226, -5.2181 ], [ 104.1208, -5.1748 ], [ 104.0238, -5.092 ], [ 103.9726, -4.9691 ], [ 103.8584, -4.9454 ], [ 103.8557, -4.8919 ], [ 103.8652, -4.8825 ], [ 103.8263, -4.8015 ], [ 103.7905, -4.779 ] ] ] ] } },
{ "type": "Feature", "properties": { "balita": 34973.0, "u5mr": 15.04, "kabkota": "Pringsewu", "jenis": "Kabupaten", "provinsi": "LAMPUNG", "pulau": "Sumatera", "provinsi_geojson": "Lampung", "jenis_geo": "Kabupaten", "label": "Kab. Pringsewu", "kode_bps": "1810", "geo_key": "pringsewu", "name_geojson": "Kabupaten Pringsewu", "peringkat_nasional": 381, "peringkat_provinsi": 13, "kelas_jenks": 1, "kelas_kuantil": 2 }, "geometry": { "type": "MultiPolygon", "coordinates": [ [ [ [ 104.8118, -5.1731 ], [ 104.7864, -5.2078 ], [ 104.8099, -5.2998 ], [ 104.8553, -5.336 ], [ 104.9165, -5.4479 ], [ 104.9069, -5.5691 ], [ 104.9675, -5.555 ], [ 104.9343, -5.4954 ], [ 104.9643, -5.4365 ], [ 105.0013, -5.4229 ], [ 105.0392, -5.3862 ], [ 105.0809, -5.3629 ], [ 105.0447, -5.321 ], [ 105.0376, -5.2588 ], [ 105.0695, -5.2288 ], [ 105.0978, -5.2299 ], [ 105.0794, -5.2184 ], [ 105.0749, -5.2258 ], [ 105.049, -5.2065 ], [ 104.9248, -5.2665 ], [ 104.9104, -5.2472 ], [ 104.8614, -5.2018 ], [ 104.8118, -5.1731 ] ] ] ] } },
{ "type": "Feature", "properties": { "balita": 57980.0, "u5mr": 16.91, "kabkota": "Tanggamus", "jenis": "Kabupaten", "provinsi": "LAMPUNG", "pulau": "Sumatera", "provinsi_geojson": "Lampung", "jenis_geo": "Kabupaten", "label": "Kab. Tanggamus", "kode_bps": "1802", "geo_key": "tanggamus", "name_geojson": "Kabupaten Tanggamus", "peringkat_nasional": 295, "peringkat_provinsi": 5, "kelas_jenks": 2, "kelas_kuantil": 3 }, "geometry": { "type": "MultiPolygon", "coordinates": [ [ [ [ 104.5939, -5.132 ], [ 104.5143, -5.1362 ], [ 104.374, -5.1995 ], [ 104.3601, -5.3026 ], [ 104.3149, -5.3542 ], [ 104.4186, -5.4521 ], [ 104.443, -5.5228 ], [ 104.4531, -5.52 ], [ 104.4815, -5.5632 ], [ 104.5682, -5.6204 ], [ 104.628, -5.6917 ], [ 104.6177, -5.8013 ], [ 104.6586, -5.9364 ], [ 104.7106, -5.8323 ], [ 104.6446, -5.7436 ], [ 104.6425, -5.6902 ], [ 104.5307, -5.5434 ], [ 104.6038, -5.4961 ], [ 104.7085, -5.5218 ], [ 104.7773, -5.6053 ], [ 104.9349, -5.7016 ], [ 105.1354, -5.7703 ], [ 105.0814, -5.7125 ], [ 105.0742, -5.6456 ], [ 104.9931, -5.5819 ], [ 104.9069, -5.5691 ], [ 104.9165, -5.4479 ], [ 104.8553, -5.336 ], [ 104.8099, -5.2998 ], [ 104.7864, -5.2078 ], [ 104.7882, -5.145 ], [ 104.7007, -5.1558 ], [ 104.6524, -5.1325 ], [ 104.5939, -5.132 ] ] ] ] } },
{ "type": "Feature", "properties": { "balita": 38204.0, "u5mr": 16.54, "kabkota": "Tulangbawang", "jenis": "Kabupaten", "provinsi": "LAMPUNG", "pulau": "Sumatera", "provinsi_geojson": "Lampung", "jenis_geo": "Kabupaten", "label": "Kab. Tulangbawang", "kode_bps": "1808", "geo_key": "tulang bawang", "name_geojson": "Kabupaten Tulang Bawang", "peringkat_nasional": 310, "peringkat_provinsi": 6, "kelas_jenks": 1, "kelas_kuantil": 2 }, "geometry": { "type": "MultiPolygon", "coordinates": [ [ [ [ 105.8112, -4.1261 ], [ 105.7686, -4.133 ], [ 105.7547, -4.1949 ], [ 105.6527, -4.2176 ], [ 105.6059, -4.2193 ], [ 105.5031, -4.1356 ], [ 105.4247, -4.1221 ], [ 105.4007, -4.1383 ], [ 105.2761, -4.1845 ], [ 105.2216, -4.1957 ], [ 105.2155, -4.2146 ], [ 105.1891, -4.2686 ], [ 105.1563, -4.2676 ], [ 105.1781, -4.2968 ], [ 105.2162, -4.3918 ], [ 105.225, -4.4172 ], [ 105.2129, -4.4284 ], [ 105.2045, -4.4636 ], [ 105.1779, -4.5231 ], [ 105.1755, -4.5465 ], [ 105.1803, -4.5649 ], [ 105.2155, -4.5994 ], [ 105.2121, -4.6354 ], [ 105.2619, -4.6355 ], [ 105.3121, -4.5797 ], [ 105.3399, -4.553 ], [ 105.4117, -4.5187 ], [ 105.5103, -4.4916 ], [ 105.5813, -4.5354 ], [ 105.603, -4.522 ], [ 105.6271, -4.4874 ], [ 105.6705, -4.4998 ], [ 105.6973, -4.4954 ], [ 105.6929, -4.5125 ], [ 105.713, -4.531 ], [ 105.7239, -4.5279 ], [ 105.732, -4.5372 ], [ 105.749, -4.521 ], [ 105.7592, -4.5323 ], [ 105.7705, -4.529 ], [ 105.771, -4.5529 ], [ 105.7919, -4.5509 ], [ 105.7998, -4.5616 ], [ 105.7814, -4.6343 ], [ 105.8573, -4.6326 ], [ 105.9057, -4.5496 ], [ 105.9128, -4.4384 ], [ 105.8649, -4.4113 ], [ 105.8137, -4.2971 ], [ 105.8112, -4.1261 ] ] ] ] } },
{ "type": "Feature", "properties": { "balita": 24729.0, "u5mr": 15.88, "kabkota": "Tulang Bawang Barat", "jenis": "Kabupaten", "provinsi": "LAMPUNG", "pulau": "Sumatera", "provinsi_geojson": "Lampung", "jenis_geo": "Kabupaten", "label": "Kab. Tulang Bawang Barat", "kode_bps": "1812", "geo_key": "tulang bawang barat", "name_geojson": "Kabupaten Tulang Bawang Barat", "peringkat_nasional": 338, "peringkat_provinsi": 9, "kelas_jenks": 1, "kelas_kuantil": 2 }, "geometry": { "type": "MultiPolygon", "coordinates": [ [ [ [ 105.098, -4.2176 ], [ 105.0138, -4.1747 ], [ 104.9532, -4.1782 ], [ 104.9439, -4.2077 ], [ 104.9856, -4.257 ], [ 104.9962, -4.3322 ], [ 105.0489, -4.4009 ], [ 105.0169, -4.4656 ], [ 104.9334, -4.4884 ], [ 104.9512, -4.5169 ], [ 104.9813, -4.5356 ], [ 104.9883, -4.5825 ], [ 105.0003, -4.6083 ], [ 104.995, -4.6365 ], [ 105.1254, -4.7262 ], [ 105.1431, -4.6756 ], [ 105.1801, -4.6402 ], [ 105.1989, -4.6028 ], [ 105.1803, -4.5649 ], [ 105.1755, -4.5465 ], [ 105.1779, -4.5231 ], [ 105.2045, -4.4636 ], [ 105.2129, -4.4284 ], [ 105.225, -4.4172 ], [ 105.2162, -4.3918 ], [ 105.1781, -4.2968 ], [ 105.1563, -4.2676 ], [ 105.1891, -4.2686 ], [ 105.2155, -4.2146 ], [ 105.2216, -4.1957 ], [ 105.2322, -4.1907 ], [ 105.098, -4.2176 ] ] ] ] } },
{ "type": "Feature", "properties": { "balita": 42811.0, "u5mr": 15.73, "kabkota": "Way Kanan", "jenis": "Kabupaten", "provinsi": "LAMPUNG", "pulau": "Sumatera", "provinsi_geojson": "Lampung", "jenis_geo": "Kabupaten", "label": "Kab. Way Kanan", "kode_bps": "1807", "geo_key": "way kanan", "name_geojson": "Kabupaten Way Kanan", "peringkat_nasional": 345, "peringkat_provinsi": 10, "kelas_jenks": 1, "kelas_kuantil": 2 }, "geometry": { "type": "MultiPolygon", "coordinates": [ [ [ [ 104.9061, -4.201 ], [ 104.8912, -4.2174 ], [ 104.7969, -4.2505 ], [ 104.7064, -4.2593 ], [ 104.6787, -4.2574 ], [ 104.5849, -4.2432 ], [ 104.4497, -4.2985 ], [ 104.3489, -4.398 ], [ 104.3106, -4.5127 ], [ 104.3243, -4.6274 ], [ 104.2872, -4.6837 ], [ 104.3079, -4.705 ], [ 104.3059, -4.7306 ], [ 104.3042, -4.7652 ], [ 104.369, -4.8217 ], [ 104.3395, -4.8672 ], [ 104.3515, -4.8748 ], [ 104.4121, -4.8641 ], [ 104.4225, -4.9026 ], [ 104.437, -4.9291 ], [ 104.4784, -4.9318 ], [ 104.5465, -4.8664 ], [ 104.5568, -4.8447 ], [ 104.6214, -4.7961 ], [ 104.6338, -4.7621 ], [ 104.611, -4.6904 ], [ 104.6383, -4.6564 ], [ 104.7016, -4.5532 ], [ 104.7828, -4.5317 ], [ 104.8927, -4.5246 ], [ 104.9334, -4.4884 ], [ 105.0169, -4.4656 ], [ 105.0489, -4.4009 ], [ 104.9962, -4.3322 ], [ 104.9856, -4.257 ], [ 104.9439, -4.2077 ], [ 104.9462, -4.1921 ], [ 104.9061, -4.201 ] ] ] ] } },
{ "type": "Feature", "properties": { "balita": 102645.0, "u5mr": 13.85, "kabkota": "Kota Bandar Lampung", "jenis": "Kota", "provinsi": "LAMPUNG", "pulau": "Sumatera", "provinsi_geojson": "Lampung", "jenis_geo": "Kota", "label": "Kota Bandar Lampung", "kode_bps": "1871", "geo_key": "kota bandar lampung", "name_geojson": "Kota Bandar Lampung", "peringkat_nasional": 420, "peringkat_provinsi": 14, "kelas_jenks": 1, "kelas_kuantil": 1 }, "geometry": { "type": "MultiPolygon", "coordinates": [ [ [ [ 105.2238, -5.3677 ], [ 105.2069, -5.3891 ], [ 105.188, -5.4362 ], [ 105.1976, -5.4528 ], [ 105.2248, -5.4897 ], [ 105.2898, -5.4451 ], [ 105.3507, -5.515 ], [ 105.3419, -5.42 ], [ 105.2622, -5.3297 ], [ 105.2238, -5.3677 ] ] ] ] } },
{ "type": "Feature", "properties": { "balita": 13696.0, "u5mr": 10.93, "kabkota": "Kota Metro", "jenis": "Kota", "provinsi": "LAMPUNG", "pulau": "Sumatera", "provinsi_geojson": "Lampung", "jenis_geo": "Kota", "label": "Kota Metro", "kode_bps": "1872", "geo_key": "kota metro", "name_geojson": "Kota Metro", "peringkat_nasional": 508, "peringkat_provinsi": 15, "kelas_jenks": 1, "kelas_kuantil": 1 }, "geometry": { "type": "MultiPolygon", "coordinates": [ [ [ [ 105.3166, -5.0545 ], [ 105.3023, -5.0625 ], [ 105.2717, -5.1053 ], [ 105.2748, -5.1588 ], [ 105.2791, -5.1696 ], [ 105.2994, -5.1723 ], [ 105.3055, -5.1707 ], [ 105.3343, -5.1459 ], [ 105.3364, -5.1122 ], [ 105.3491, -5.1085 ], [ 105.3166, -5.0545 ] ] ] ] } },
{ "type": "Feature", "properties": { "balita": 13019.0, "u5mr": 29.55, "kabkota": "Buru", "jenis": "Kabupaten", "provinsi": "MALUKU", "pulau": "Maluku", "provinsi_geojson": "Maluku", "jenis_geo": "Kabupaten", "label": "Kab. Buru", "kode_bps": "8104", "geo_key": "buru", "name_geojson": "Kabupaten Buru", "peringkat_nasional": 74, "peringkat_provinsi": 7, "kelas_jenks": 3, "kelas_kuantil": 5 }, "geometry": { "type": "MultiPolygon", "coordinates": [ [ [ [ 127.2402, -3.6238 ], [ 127.2484, -3.4512 ], [ 127.2689, -3.3925 ], [ 127.1647, -3.3357 ], [ 127.1212, -3.3833 ], [ 127.0417, -3.3295 ], [ 127.0305, -3.2649 ], [ 127.1077, -3.2271 ], [ 126.9853, -3.139 ], [ 126.9333, -3.1434 ], [ 126.7906, -3.0589 ], [ 126.6002, -3.0633 ], [ 126.4683, -3.0846 ], [ 126.3003, -3.0933 ], [ 126.2279, -3.1381 ], [ 126.1245, -3.1511 ], [ 126.1019, -3.1785 ], [ 126.1115, -3.2563 ], [ 126.1907, -3.2895 ], [ 126.2783, -3.3028 ], [ 126.33, -3.351 ], [ 126.433, -3.3903 ], [ 126.4785, -3.4739 ], [ 126.5963, -3.4581 ], [ 126.6956, -3.5607 ], [ 126.7487, -3.6586 ], [ 126.7988, -3.6639 ], [ 126.9575, -3.6389 ], [ 127.1038, -3.5123 ], [ 127.1531, -3.513 ], [ 127.2402, -3.6238 ] ] ] ] } },
{ "type": "Feature", "properties": { "balita": 9197.0, "u5mr": 30.78, "kabkota": "Buru Selatan", "jenis": "Kabupaten", "provinsi": "MALUKU", "pulau": "Maluku", "provinsi_geojson": "Maluku", "jenis_geo": "Kabupaten", "label": "Kab. Buru Selatan", "kode_bps": "8109", "geo_key": "buru selatan", "name_geojson": "Kabupaten Buru Selatan", "peringkat_nasional": 66, "peringkat_provinsi": 4, "kelas_jenks": 3, "kelas_kuantil": 5 }, "geometry": { "type": "MultiPolygon", "coordinates": [ [ [ [ 126.1245, -3.1511 ], [ 126.099, -3.1124 ], [ 126.0181, -3.1731 ], [ 126.0052, -3.2621 ], [ 126.046, -3.4417 ], [ 126.1515, -3.5258 ], [ 126.1633, -3.5819 ], [ 126.2808, -3.6637 ], [ 126.332, -3.6779 ], [ 126.5152, -3.7947 ], [ 126.5622, -3.7921 ], [ 126.6843, -3.8605 ], [ 126.741, -3.8572 ], [ 126.8111, -3.8045 ], [ 126.9545, -3.7707 ], [ 127.051, -3.6892 ], [ 127.1384, -3.661 ], [ 127.1922, -3.6756 ], [ 127.2402, -3.6238 ], [ 127.1531, -3.513 ], [ 127.1038, -3.5123 ], [ 126.9575, -3.6389 ], [ 126.7988, -3.6639 ], [ 126.7487, -3.6586 ], [ 126.6956, -3.5607 ], [ 126.5963, -3.4581 ], [ 126.4785, -3.4739 ], [ 126.433, -3.3903 ], [ 126.33, -3.351 ], [ 126.2783, -3.3028 ], [ 126.1907, -3.2895 ], [ 126.1115, -3.2563 ], [ 126.1019, -3.1785 ], [ 126.1245, -3.1511 ] ] ] ] } },
{ "type": "Feature", "properties": { "balita": 11440.0, "u5mr": 29.02, "kabkota": "Kepulauan Aru", "jenis": "Kabupaten", "provinsi": "MALUKU", "pulau": "Maluku", "provinsi_geojson": "Maluku", "jenis_geo": "Kabupaten", "label": "Kab. Kepulauan Aru", "kode_bps": "8105", "geo_key": "kepulauan aru", "name_geojson": "Kabupaten Kepulauan Aru", "peringkat_nasional": 83, "peringkat_provinsi": 8, "kelas_jenks": 3, "kelas_kuantil": 5 }, "geometry": { "type": "MultiPolygon", "coordinates": [ [ [ [ 134.6856, -6.5946 ], [ 134.6226, -6.7567 ], [ 134.6851, -6.7763 ], [ 134.7401, -6.7028 ], [ 134.7528, -6.6097 ], [ 134.6856, -6.5946 ] ] ], [ [ [ 134.6916, -6.4428 ], [ 134.6397, -6.4785 ], [ 134.6813, -6.5634 ], [ 134.7638, -6.53 ], [ 134.6916, -6.4428 ] ] ], [ [ [ 134.5199, -6.3747 ], [ 134.4847, -6.4472 ], [ 134.5159, -6.5307 ], [ 134.6113, -6.4309 ], [ 134.5988, -6.388 ], [ 134.5199, -6.3747 ] ] ], [ [ [ 134.852, -6.2837 ], [ 134.7967, -6.39 ], [ 134.8543, -6.4298 ], [ 134.9009, -6.3515 ], [ 134.852, -6.2837 ] ] ], [ [ [ 134.4156, -6.2905 ], [ 134.3698, -6.3805 ], [ 134.421, -6.404 ], [ 134.4425, -6.4383 ], [ 134.4563, -6.4266 ], [ 134.4783, -6.4488 ], [ 134.5333, -6.3412 ], [ 134.456, -6.2763 ], [ 134.4156, -6.2905 ] ] ], [ [ [ 134.0991, -6.164 ], [ 134.1368, -6.3098 ], [ 134.0993, -6.4896 ], [ 134.0842, -6.6959 ], [ 134.0518, -6.7742 ], [ 134.0724, -6.8302 ], [ 134.1336, -6.8518 ], [ 134.1914, -6.9268 ], [ 134.3324, -6.8609 ], [ 134.4153, -6.7158 ], [ 134.5021, -6.6163 ], [ 134.496, -6.5067 ], [ 134.4795, -6.4911 ], [ 134.4601, -6.4329 ], [ 134.4368, -6.4491 ], [ 134.4262, -6.4181 ], [ 134.4049, -6.3981 ], [ 134.3394, -6.3983 ], [ 134.3096, -6.3044 ], [ 134.2877, -6.2912 ], [ 134.269, -6.2629 ], [ 134.2506, -6.2581 ], [ 134.224, -6.2224 ], [ 134.0991, -6.164 ] ] ], [ [ [ 134.128, -6.0311 ], [ 134.1147, -6.1007 ], [ 134.1794, -6.2001 ], [ 134.2317, -6.2038 ], [ 134.2831, -6.2802 ], [ 134.2943, -6.2863 ], [ 134.3376, -6.2562 ], [ 134.3267, -6.2083 ], [ 134.3026, -6.1689 ], [ 134.2325, -6.1268 ], [ 134.2453, -6.0744 ], [ 134.128, -6.0311 ] ] ], [ [ [ 134.4877, -5.9614 ], [ 134.439, -6.0154 ], [ 134.4289, -6.021 ], [ 134.4102, -6.025 ], [ 134.3818, -6.0194 ], [ 134.3518, -6.0432 ], [ 134.3185, -6.0244 ], [ 134.2828, -6.0448 ], [ 134.2835, -6.146 ], [ 134.3124, -6.1715 ], [ 134.3454, -6.2202 ], [ 134.4744, -6.2641 ], [ 134.547, -6.3469 ], [ 134.6297, -6.3576 ], [ 134.7291, -6.3017 ], [ 134.7825, -6.0936 ], [ 134.662, -5.9753 ], [ 134.5402, -5.9198 ], [ 134.4877, -5.9614 ] ] ], [ [ [ 134.7038, -5.8326 ], [ 134.6312, -5.8686 ], [ 134.6286, -5.919 ], [ 134.7727, -5.8865 ], [ 134.7038, -5.8326 ] ] ], [ [ [ 134.5295, -5.5764 ], [ 134.5384, -5.6329 ], [ 134.616, -5.7231 ], [ 134.7005, -5.727 ], [ 134.7667, -5.6688 ], [ 134.7475, -5.6196 ], [ 134.6522, -5.5763 ], [ 134.5295, -5.5764 ] ] ], [ [ [ 134.449, -5.5401 ], [ 134.415, -5.6409 ], [ 134.3552, -5.686 ], [ 134.2381, -5.6714 ], [ 134.2601, -5.7595 ], [ 134.3134, -5.7505 ], [ 134.3961, -5.7901 ], [ 134.3715, -5.8487 ], [ 134.2984, -5.8978 ], [ 134.3363, -5.9468 ], [ 134.3134, -6.0017 ], [ 134.3553, -6.0333 ], [ 134.3789, -6.0154 ], [ 134.4297, -6.0185 ], [ 134.4642, -5.9766 ], [ 134.5359, -5.9157 ], [ 134.5849, -5.9335 ], [ 134.6298, -5.8677 ], [ 134.6911, -5.8215 ], [ 134.6858, -5.7743 ], [ 134.6154, -5.7255 ], [ 134.5359, -5.6324 ], [ 134.5274, -5.5643 ], [ 134.449, -5.5401 ] ] ], [ [ [ 134.5718, -5.4186 ], [ 134.5078, -5.4196 ], [ 134.492, -5.4868 ], [ 134.5312, -5.5693 ], [ 134.6901, -5.559 ], [ 134.7056, -5.5164 ], [ 134.6469, -5.4394 ], [ 134.5718, -5.4186 ] ] ] ] } },
{ "type": "Feature", "properties": { "balita": 12837.0, "u5mr": 34.43, "kabkota": "Maluku Tenggara Barat", "jenis": "Kabupaten", "provinsi": "MALUKU", "pulau": "Maluku", "provinsi_geojson": "Maluku", "jenis_geo": "Kabupaten", "label": "Kab. Maluku Tenggara Barat", "kode_bps": "8101", "geo_key": "kepulauan tanimbar", "name_geojson": "Kabupaten Kepulauan Tanimbar", "peringkat_nasional": 51, "peringkat_provinsi": 3, "kelas_jenks": 4, "kelas_kuantil": 5 }, "geometry": { "type": "MultiPolygon", "coordinates": [ [ [ [ 131.0164, -8.0798 ], [ 130.9285, -8.1951 ], [ 130.7992, -8.2823 ], [ 130.8267, -8.3208 ], [ 130.8981, -8.2873 ], [ 130.9256, -8.23 ], [ 130.9874, -8.2365 ], [ 131.1401, -8.1607 ], [ 131.0164, -8.0798 ] ] ], [ [ [ 131.0961, -7.6439 ], [ 130.9621, -7.6903 ], [ 130.9941, -7.7399 ], [ 131.0961, -7.6439 ] ] ], [ [ [ 131.1332, -7.4618 ], [ 131.1612, -7.405 ], [ 130.9893, -7.4295 ], [ 131.0037, -7.5043 ], [ 131.1332, -7.4618 ] ] ], [ [ [ 131.6059, -7.1254 ], [ 131.5303, -7.147 ], [ 131.5356, -7.2274 ], [ 131.4743, -7.2407 ], [ 131.4325, -7.3164 ], [ 131.3553, -7.3959 ], [ 131.2613, -7.4532 ], [ 131.111, -7.7231 ], [ 131.1451, -7.803 ], [ 131.0821, -7.8475 ], [ 131.1207, -7.9115 ], [ 131.1029, -7.9962 ], [ 131.2318, -8.0072 ], [ 131.3419, -7.9913 ], [ 131.3266, -7.9337 ], [ 131.3636, -7.8701 ], [ 131.4786, -7.7839 ], [ 131.4849, -7.73 ], [ 131.5534, -7.7236 ], [ 131.6219, -7.6499 ], [ 131.672, -7.4963 ], [ 131.6821, -7.379 ], [ 131.6373, -7.3063 ], [ 131.6524, -7.2306 ], [ 131.7061, -7.2333 ], [ 131.7103, -7.1436 ], [ 131.6059, -7.1254 ] ] ], [ [ [ 131.9093, -7.111 ], [ 131.7548, -7.1158 ], [ 131.777, -7.165 ], [ 131.8716, -7.1674 ], [ 131.9094, -7.2297 ], [ 131.9866, -7.2133 ], [ 131.9093, -7.111 ] ] ] ] } },
{ "type": "Feature", "properties": { "balita": 9286.0, "u5mr": 37.85, "kabkota": "Maluku Barat Daya", "jenis": "Kabupaten", "provinsi": "MALUKU", "pulau": "Maluku", "provinsi_geojson": "Maluku", "jenis_geo": "Kabupaten", "label": "Kab. Maluku Barat Daya", "kode_bps": "8108", "geo_key": "maluku barat daya", "name_geojson": "Kabupaten Maluku Barat Daya", "peringkat_nasional": 36, "peringkat_provinsi": 2, "kelas_jenks": 4, "kelas_kuantil": 5 }, "geometry": { "type": "MultiPolygon", "coordinates": [ [ [ [ 128.1524, -8.2155 ], [ 128.1511, -8.2781 ], [ 128.2328, -8.2727 ], [ 128.2243, -8.2161 ], [ 128.1524, -8.2155 ] ] ], [ [ [ 128.8359, -8.1914 ], [ 128.8693, -8.2304 ], [ 129.0154, -8.2612 ], [ 128.965, -8.1855 ], [ 128.8359, -8.1914 ] ] ], [ [ [ 127.6467, -8.175 ], [ 127.6597, -8.2381 ], [ 127.7506, -8.2065 ], [ 127.6927, -8.1544 ], [ 127.6467, -8.175 ] ] ], [ [ [ 127.7665, -8.108 ], [ 127.8021, -8.1915 ], [ 127.9604, -8.247 ], [ 128.0454, -8.2595 ], [ 128.09, -8.137 ], [ 127.9529, -8.147 ], [ 127.9259, -8.1278 ], [ 127.7665, -8.108 ] ] ], [ [ [ 127.161, -8.0157 ], [ 127.1744, -8.1074 ], [ 127.2293, -8.1045 ], [ 127.202, -8.0145 ], [ 127.161, -8.0157 ] ] ], [ [ [ 129.6208, -7.8019 ], [ 129.5823, -7.8988 ], [ 129.6725, -8.0095 ], [ 129.7924, -8.0431 ], [ 129.8644, -7.9186 ], [ 129.8186, -7.8168 ], [ 129.6789, -7.7865 ], [ 129.6208, -7.8019 ] ] ], [ [ [ 126.5945, -7.5731 ], [ 126.4708, -7.5892 ], [ 126.3805, -7.6371 ], [ 126.3235, -7.6951 ], [ 126.2364, -7.6879 ], [ 126.1847, -7.7276 ], [ 126.0331, -7.6978 ], [ 125.9474, -7.662 ], [ 125.8706, -7.8152 ], [ 125.8066, -7.8615 ], [ 125.8696, -7.9769 ], [ 125.948, -7.9151 ], [ 126.0712, -7.8876 ], [ 126.1774, -7.9254 ], [ 126.33, -7.9143 ], [ 126.4211, -7.9307 ], [ 126.4633, -7.9741 ], [ 126.5491, -7.8235 ], [ 126.6959, -7.7506 ], [ 126.8427, -7.7339 ], [ 126.785, -7.662 ], [ 126.7229, -7.6673 ], [ 126.5945, -7.5731 ] ] ], [ [ [ 127.3654, -7.501 ], [ 127.3233, -7.6285 ], [ 127.4829, -7.5728 ], [ 127.4863, -7.5205 ], [ 127.3654, -7.501 ] ] ], [ [ [ 128.5942, -7.0661 ], [ 128.5246, -7.1432 ], [ 128.624, -7.2131 ], [ 128.6893, -7.1648 ], [ 128.6996, -7.1068 ], [ 128.5942, -7.0661 ] ] ] ] } },
{ "type": "Feature", "properties": { "balita": 39252.0, "u5mr": 28.27, "kabkota": "Maluku Tengah", "jenis": "Kabupaten", "provinsi": "MALUKU", "pulau": "Maluku", "provinsi_geojson": "Maluku", "jenis_geo": "Kabupaten", "label": "Kab. Maluku Tengah", "kode_bps": "8103", "geo_key": "maluku tengah", "name_geojson": "Kabupaten Maluku Tengah", "peringkat_nasional": 87, "peringkat_provinsi": 9, "kelas_jenks": 3, "kelas_kuantil": 5 }, "geometry": { "type": "MultiPolygon", "coordinates": [ [ [ [ 128.4147, -3.5325 ], [ 128.4401, -3.6309 ], [ 128.5755, -3.5856 ], [ 128.5505, -3.5384 ], [ 128.4493, -3.51 ], [ 128.4147, -3.5325 ] ] ], [ [ [ 128.5665, -3.4976 ], [ 128.6447, -3.6305 ], [ 128.6824, -3.5446 ], [ 128.5665, -3.4976 ] ] ], [ [ [ 128.242, -3.5753 ], [ 128.3216, -3.5674 ], [ 128.34, -3.5027 ], [ 128.2242, -3.5158 ], [ 128.1696, -3.5871 ], [ 128.0264, -3.592 ], [ 127.9203, -3.683 ], [ 127.9431, -3.7744 ], [ 127.9984, -3.7812 ], [ 128.0665, -3.694 ], [ 128.1087, -3.6478 ], [ 128.1871, -3.6278 ], [ 128.229, -3.5843 ], [ 128.242, -3.5753 ] ] ], [ [ [ 130.1334, -3.0163 ], [ 130.0322, -3.0029 ], [ 129.9108, -2.944 ], [ 129.8803, -2.8972 ], [ 129.8137, -2.9141 ], [ 129.7857, -2.8646 ], [ 129.5279, -2.773 ], [ 129.3771, -2.7895 ], [ 129.3482, -2.8567 ], [ 129.1312, -2.9694 ], [ 129.0639, -2.9061 ], [ 129.0679, -2.8142 ], [ 129.0319, -2.7965 ], [ 128.9195, -2.8519 ], [ 128.8054, -2.867 ], [ 128.7504, -2.9064 ], [ 128.8027, -3.0877 ], [ 128.7935, -3.1701 ], [ 128.8345, -3.24 ], [ 128.8855, -3.2035 ], [ 128.9674, -3.2273 ], [ 128.9776, -3.3608 ], [ 129.0839, -3.3413 ], [ 129.2881, -3.4141 ], [ 129.4086, -3.4176 ], [ 129.5348, -3.4701 ], [ 129.5661, -3.4137 ], [ 129.4969, -3.3272 ], [ 129.5199, -3.2993 ], [ 129.8586, -3.3366 ], [ 129.9, -3.2578 ], [ 129.9029, -3.16 ], [ 130.1469, -3.219 ], [ 130.1575, -3.2133 ], [ 130.1567, -3.1927 ], [ 130.136, -3.1753 ], [ 130.1334, -3.0163 ] ] ] ] } },
{ "type": "Feature", "properties": { "balita": 11569.0, "u5mr": 29.89, "kabkota": "Maluku Tenggara", "jenis": "Kabupaten", "provinsi": "MALUKU", "pulau": "Maluku", "provinsi_geojson": "Maluku", "jenis_geo": "Kabupaten", "label": "Kab. Maluku Tenggara", "kode_bps": "8102", "geo_key": "maluku tenggara", "name_geojson": "Kabupaten Maluku Tenggara", "peringkat_nasional": 73, "peringkat_provinsi": 6, "kelas_jenks": 3, "kelas_kuantil": 5 }, "geometry": { "type": "MultiPolygon", "coordinates": [ [ [ [ 132.685, -5.6041 ], [ 132.6352, -5.6757 ], [ 132.6801, -5.7312 ], [ 132.6899, -5.8356 ], [ 132.7799, -5.9423 ], [ 132.8134, -5.8514 ], [ 132.779, -5.7278 ], [ 132.685, -5.6041 ] ] ], [ [ [ 133.1413, -5.2792 ], [ 133.1196, -5.2808 ], [ 133.0543, -5.4528 ], [ 133.0055, -5.6486 ], [ 132.943, -5.7291 ], [ 132.868, -5.9042 ], [ 132.9603, -5.8548 ], [ 132.9621, -5.7436 ], [ 133.1195, -5.5659 ], [ 133.1677, -5.3546 ], [ 133.1413, -5.2792 ] ] ] ] } },
{ "type": "Feature", "properties": { "balita": 24672.0, "u5mr": 30.4, "kabkota": "Seram Bagian Barat", "jenis": "Kabupaten", "provinsi": "MALUKU", "pulau": "Maluku", "provinsi_geojson": "Maluku", "jenis_geo": "Kabupaten", "label": "Kab. Seram Bagian Barat", "kode_bps": "8106", "geo_key": "seram bagian barat", "name_geojson": "Kabupaten Seram Bagian Barat", "peringkat_nasional": 70, "peringkat_provinsi": 5, "kelas_jenks": 3, "kelas_kuantil": 5 }, "geometry": { "type": "MultiPolygon", "coordinates": [ [ [ [ 127.5635, -3.2654 ], [ 127.5059, -3.3306 ], [ 127.6567, -3.3662 ], [ 127.5635, -3.2654 ] ] ], [ [ [ 127.7211, -3.1597 ], [ 127.6381, -3.2259 ], [ 127.7075, -3.2605 ], [ 127.7905, -3.256 ], [ 127.7992, -3.1812 ], [ 127.7211, -3.1597 ] ] ], [ [ [ 127.9132, -2.9199 ], [ 127.8659, -3.0081 ], [ 127.9557, -3.0079 ], [ 128.0039, -2.9424 ], [ 127.9132, -2.9199 ] ] ], [ [ [ 128.7504, -2.9064 ], [ 128.6645, -2.8395 ], [ 128.564, -2.8539 ], [ 128.5136, -2.836 ], [ 128.3505, -2.8601 ], [ 128.1924, -2.8665 ], [ 128.1291, -2.9049 ], [ 128.0871, -3.0207 ], [ 127.9984, -3.0711 ], [ 127.8718, -3.1889 ], [ 127.8881, -3.2715 ], [ 127.9833, -3.3849 ], [ 128.0551, -3.3403 ], [ 128.0834, -3.145 ], [ 128.1541, -3.0693 ], [ 128.202, -3.1258 ], [ 128.1575, -3.1876 ], [ 128.1815, -3.2313 ], [ 128.2693, -3.2037 ], [ 128.333, -3.3297 ], [ 128.405, -3.4285 ], [ 128.4681, -3.4602 ], [ 128.5947, -3.4261 ], [ 128.6744, -3.4329 ], [ 128.6801, -3.3594 ], [ 128.7795, -3.2649 ], [ 128.8429, -3.2404 ], [ 128.8345, -3.24 ], [ 128.7935, -3.1701 ], [ 128.8027, -3.0877 ], [ 128.7504, -2.9064 ] ] ] ] } },
{ "type": "Feature", "properties": { "balita": 14802.0, "u5mr": 46.25, "kabkota": "Seram Bagian Timur", "jenis": "Kabupaten", "provinsi": "MALUKU", "pulau": "Maluku", "provinsi_geojson": "Maluku", "jenis_geo": "Kabupaten", "label": "Kab. Seram Bagian Timur", "kode_bps": "8107", "geo_key": "seram bagian timur", "name_geojson": "Kabupaten Seram Bagian Timur", "peringkat_nasional": 20, "peringkat_provinsi": 1, "kelas_jenks": 5, "kelas_kuantil": 5 }, "geometry": { "type": "MultiPolygon", "coordinates": [ [ [ [ 129.8586, -3.3366 ], [ 129.9275, -3.3378 ], [ 130.0176, -3.4832 ], [ 130.1329, -3.5326 ], [ 130.4125, -3.6299 ], [ 130.4832, -3.7064 ], [ 130.5703, -3.723 ], [ 130.6538, -3.8075 ], [ 130.8188, -3.851 ], [ 130.8329, -3.6577 ], [ 130.8824, -3.5914 ], [ 130.8059, -3.4875 ], [ 130.8052, -3.407 ], [ 130.6641, -3.4006 ], [ 130.6, -3.1476 ], [ 130.4943, -3.1024 ], [ 130.3835, -2.9876 ], [ 130.3115, -2.9717 ], [ 130.1334, -3.0163 ], [ 130.136, -3.1753 ], [ 130.1579, -3.1952 ], [ 130.1521, -3.2173 ], [ 129.9029, -3.16 ], [ 129.9, -3.2578 ], [ 129.8586, -3.3366 ] ] ] ] } },
{ "type": "Feature", "properties": { "balita": 33196.0, "u5mr": 21.67, "kabkota": "Kota Ambon", "jenis": "Kota", "provinsi": "MALUKU", "pulau": "Maluku", "provinsi_geojson": "Maluku", "jenis_geo": "Kota", "label": "Kota Ambon", "kode_bps": "8171", "geo_key": "kota ambon", "name_geojson": "Kota Ambon", "peringkat_nasional": 169, "peringkat_provinsi": 11, "kelas_jenks": 2, "kelas_kuantil": 4 }, "geometry": { "type": "MultiPolygon", "coordinates": [ [ [ [ 128.242, -3.5753 ], [ 128.229, -3.5843 ], [ 128.1871, -3.6278 ], [ 128.1087, -3.6478 ], [ 128.0665, -3.694 ], [ 128.1573, -3.7048 ], [ 128.2414, -3.7441 ], [ 128.2956, -3.6645 ], [ 128.242, -3.5753 ] ] ] ] } },
{ "type": "Feature", "properties": { "balita": 9176.0, "u5mr": 27.36, "kabkota": "Kota Tual", "jenis": "Kota", "provinsi": "MALUKU", "pulau": "Maluku", "provinsi_geojson": "Maluku", "jenis_geo": "Kota", "label": "Kota Tual", "kode_bps": "8172", "geo_key": "kota tual", "name_geojson": "Kota Tual", "peringkat_nasional": 93, "peringkat_provinsi": 10, "kelas_jenks": 3, "kelas_kuantil": 5 }, "geometry": { "type": "MultiPolygon", "coordinates": [ [ [ [ 132.7998, -5.5227 ], [ 132.741, -5.6371 ], [ 132.8161, -5.6762 ], [ 132.7998, -5.5227 ] ] ] ] } },
{ "type": "Feature", "properties": { "balita": 11561.0, "u5mr": 37.26, "kabkota": "Halmahera Barat", "jenis": "Kabupaten", "provinsi": "MALUKU UTARA", "pulau": "Maluku", "provinsi_geojson": "Maluku Utara", "jenis_geo": "Kabupaten", "label": "Kab. Halmahera Barat", "kode_bps": "8201", "geo_key": "halmahera barat", "name_geojson": "Kabupaten Halmahera Barat", "peringkat_nasional": 39, "peringkat_provinsi": 3, "kelas_jenks": 4, "kelas_kuantil": 5 }, "geometry": { "type": "MultiPolygon", "coordinates": [ [ [ [ 127.7604, 1.9612 ], [ 127.6743, 1.9024 ], [ 127.6464, 1.824 ], [ 127.5755, 1.7596 ], [ 127.5377, 1.4962 ], [ 127.4827, 1.3504 ], [ 127.399, 1.1952 ], [ 127.429, 1.1585 ], [ 127.4007, 1.0413 ], [ 127.4793, 1.0644 ], [ 127.5122, 0.9531 ], [ 127.4911, 0.8926 ], [ 127.6291, 0.8614 ], [ 127.6616, 0.7756 ], [ 127.7164, 0.7788 ], [ 127.6937, 0.8406 ], [ 127.694, 0.8791 ], [ 127.6883, 0.8785 ], [ 127.6663, 0.8673 ], [ 127.655, 0.8693 ], [ 127.65, 0.8916 ], [ 127.6025, 0.9713 ], [ 127.6064, 1.0438 ], [ 127.6253, 1.1163 ], [ 127.6443, 1.1716 ], [ 127.6345, 1.2749 ], [ 127.6619, 1.3643 ], [ 127.6833, 1.4441 ], [ 127.7295, 1.5386 ], [ 127.7352, 1.6041 ], [ 127.7032, 1.7057 ], [ 127.7604, 1.9612 ] ] ] ] } },
{ "type": "Feature", "properties": { "balita": 28140.0, "u5mr": 38.57, "kabkota": "Halmahera Selatan", "jenis": "Kabupaten", "provinsi": "MALUKU UTARA", "pulau": "Maluku", "provinsi_geojson": "Maluku Utara", "jenis_geo": "Kabupaten", "label": "Kab. Halmahera Selatan", "kode_bps": "8204", "geo_key": "halmahera selatan", "name_geojson": "Kabupaten Halmahera Selatan", "peringkat_nasional": 33, "peringkat_provinsi": 2, "kelas_jenks": 4, "kelas_kuantil": 5 }, "geometry": { "type": "MultiPolygon", "coordinates": [ [ [ [ 127.6205, -1.352 ], [ 127.513, -1.4172 ], [ 127.4373, -1.4261 ], [ 127.3919, -1.6203 ], [ 127.4089, -1.6625 ], [ 127.4974, -1.7239 ], [ 127.6456, -1.7303 ], [ 127.7153, -1.6868 ], [ 127.8164, -1.7007 ], [ 127.8897, -1.6827 ], [ 128.024, -1.7267 ], [ 128.1563, -1.683 ], [ 128.1658, -1.6177 ], [ 128.1202, -1.5654 ], [ 128.0718, -1.5795 ], [ 127.9355, -1.4486 ], [ 127.8009, -1.4139 ], [ 127.7067, -1.3361 ], [ 127.6205, -1.352 ] ] ], [ [ [ 127.5484, -1.1712 ], [ 127.5613, -1.2481 ], [ 127.693, -1.2854 ], [ 127.6952, -1.2272 ], [ 127.5988, -1.2105 ], [ 127.5484, -1.1712 ] ] ], [ [ [ 128.3131, -0.9444 ], [ 128.3572, -1.0376 ], [ 128.3996, -0.9944 ], [ 128.3131, -0.9444 ] ] ], [ [ [ 127.219, -0.6039 ], [ 127.2121, -0.6722 ], [ 127.1653, -0.7503 ], [ 127.2917, -0.7971 ], [ 127.3039, -0.6837 ], [ 127.219, -0.6039 ] ] ], [ [ [ 127.5163, -0.3072 ], [ 127.4796, -0.3868 ], [ 127.426, -0.4057 ], [ 127.3723, -0.3163 ], [ 127.2954, -0.4365 ], [ 127.3066, -0.5127 ], [ 127.3601, -0.5788 ], [ 127.4807, -0.6299 ], [ 127.4423, -0.7355 ], [ 127.4631, -0.8137 ], [ 127.6343, -0.7412 ], [ 127.6817, -0.8379 ], [ 127.7694, -0.8697 ], [ 127.8703, -0.8266 ], [ 127.894, -0.7585 ], [ 127.7978, -0.6786 ], [ 127.6639, -0.7037 ], [ 127.6471, -0.629 ], [ 127.5959, -0.5973 ], [ 127.6926, -0.4561 ], [ 127.5163, -0.3072 ] ] ], [ [ [ 127.2207, -0.2572 ], [ 127.1234, -0.2839 ], [ 127.1279, -0.5182 ], [ 127.2285, -0.5113 ], [ 127.2778, -0.4559 ], [ 127.2207, -0.2572 ] ] ], [ [ [ 127.4257, 0.1393 ], [ 127.404, 0.0174 ], [ 127.4698, 0.0346 ], [ 127.4257, 0.1393 ] ] ], [ [ [ 127.7965, -0.0243 ], [ 127.6976, 0.007 ], [ 127.6997, -0.1001 ], [ 127.6612, -0.2088 ], [ 127.7508, -0.32 ], [ 127.864, -0.3655 ], [ 127.9385, -0.5036 ], [ 127.9966, -0.658 ], [ 128.0653, -0.7175 ], [ 128.2168, -0.7724 ], [ 128.2257, -0.8372 ], [ 128.3516, -0.8891 ], [ 128.3772, -0.8502 ], [ 128.22, -0.7064 ], [ 128.1854, -0.629 ], [ 128.0979, -0.5061 ], [ 127.9844, -0.2705 ], [ 127.9465, -0.1126 ], [ 127.8898, -0.0043 ], [ 127.9241, 0.1091 ], [ 127.8953, 0.1648 ], [ 127.8696, 0.125 ], [ 127.8355, 0.1289 ], [ 127.7991, 0.1317 ], [ 127.7965, -0.0243 ] ] ] ] } },
{ "type": "Feature", "properties": { "balita": 5897.0, "u5mr": 37.08, "kabkota": "Halmahera Tengah", "jenis": "Kabupaten", "provinsi": "MALUKU UTARA", "pulau": "Maluku", "provinsi_geojson": "Maluku Utara", "jenis_geo": "Kabupaten", "label": "Kab. Halmahera Tengah", "kode_bps": "8202", "geo_key": "halmahera tengah", "name_geojson": "Kabupaten Halmahera Tengah", "peringkat_nasional": 40, "peringkat_provinsi": 4, "kelas_jenks": 4, "kelas_kuantil": 5 }, "geometry": { "type": "MultiPolygon", "coordinates": [ [ [ [ 128.0817, 0.6224 ], [ 127.9865, 0.6454 ], [ 127.829, 0.6227 ], [ 127.7921, 0.6432 ], [ 127.8099, 0.6145 ], [ 127.8316, 0.5756 ], [ 127.7686, 0.4543 ], [ 127.8065, 0.3737 ], [ 127.8048, 0.1904 ], [ 127.8355, 0.1289 ], [ 127.8696, 0.125 ], [ 127.8953, 0.1648 ], [ 127.9148, 0.2718 ], [ 127.8695, 0.3089 ], [ 127.9032, 0.436 ], [ 127.9757, 0.4827 ], [ 128.1722, 0.4558 ], [ 128.2807, 0.3963 ], [ 128.4579, 0.4037 ], [ 128.5588, 0.3181 ], [ 128.6186, 0.316 ], [ 128.8293, 0.2586 ], [ 128.7944, 0.3142 ], [ 128.6725, 0.342 ], [ 128.6886, 0.4449 ], [ 128.6352, 0.4845 ], [ 128.562, 0.4159 ], [ 128.5043, 0.4771 ], [ 128.3585, 0.5106 ], [ 128.2111, 0.6008 ], [ 128.117, 0.5911 ], [ 128.0817, 0.6224 ] ] ] ] } },
{ "type": "Feature", "properties": { "balita": 9767.0, "u5mr": 24.79, "kabkota": "Halmahera Timur", "jenis": "Kabupaten", "provinsi": "MALUKU UTARA", "pulau": "Maluku", "provinsi_geojson": "Maluku Utara", "jenis_geo": "Kabupaten", "label": "Kab. Halmahera Timur", "kode_bps": "8206", "geo_key": "halmahera timur", "name_geojson": "Kabupaten Halmahera Timur", "peringkat_nasional": 125, "peringkat_provinsi": 7, "kelas_jenks": 3, "kelas_kuantil": 4 }, "geometry": { "type": "MultiPolygon", "coordinates": [ [ [ [ 128.6352, 0.4845 ], [ 128.6783, 0.5503 ], [ 128.5711, 0.5623 ], [ 128.4345, 0.6324 ], [ 128.3239, 0.652 ], [ 128.1983, 0.7895 ], [ 128.3344, 0.9121 ], [ 128.4411, 0.9297 ], [ 128.5339, 0.9716 ], [ 128.61, 1.0434 ], [ 128.6834, 1.068 ], [ 128.6908, 1.1984 ], [ 128.7415, 1.3106 ], [ 128.7325, 1.4001 ], [ 128.6794, 1.4935 ], [ 128.7251, 1.5679 ], [ 128.6705, 1.5898 ], [ 128.467, 1.5504 ], [ 128.3687, 1.4997 ], [ 128.3444, 1.4593 ], [ 128.1677, 1.3674 ], [ 128.0864, 1.2551 ], [ 128.1796, 1.243 ], [ 128.1953, 1.164 ], [ 128.1657, 1.1245 ], [ 128.0322, 1.1159 ], [ 127.9817, 1.0867 ], [ 127.9232, 0.9593 ], [ 127.9308, 0.8768 ], [ 127.8438, 0.8052 ], [ 127.7559, 0.8069 ], [ 127.694, 0.8791 ], [ 127.6937, 0.8406 ], [ 127.7164, 0.7788 ], [ 127.7316, 0.7592 ], [ 127.7576, 0.7514 ], [ 127.768, 0.7071 ], [ 127.783, 0.6923 ], [ 127.7921, 0.6432 ], [ 127.829, 0.6227 ], [ 127.9865, 0.6454 ], [ 128.0817, 0.6224 ], [ 128.117, 0.5911 ], [ 128.2111, 0.6008 ], [ 128.3585, 0.5106 ], [ 128.5043, 0.4771 ], [ 128.562, 0.4159 ], [ 128.6352, 0.4845 ] ] ] ] } },
{ "type": "Feature", "properties": { "balita": 18414.0, "u5mr": 24.48, "kabkota": "Halmahera Utara", "jenis": "Kabupaten", "provinsi": "MALUKU UTARA", "pulau": "Maluku", "provinsi_geojson": "Maluku Utara", "jenis_geo": "Kabupaten", "label": "Kab. Halmahera Utara", "kode_bps": "8205", "geo_key": "halmahera utara", "name_geojson": "Kabupaten Halmahera Utara", "peringkat_nasional": 131, "peringkat_provinsi": 8, "kelas_jenks": 3, "kelas_kuantil": 4 }, "geometry": { "type": "MultiPolygon", "coordinates": [ [ [ [ 127.6883, 0.8785 ], [ 127.6258, 0.9726 ], [ 127.6509, 1.0223 ], [ 127.7584, 1.069 ], [ 127.8263, 1.1482 ], [ 127.9028, 1.1499 ], [ 127.9188, 1.2274 ], [ 127.9723, 1.2761 ], [ 128.0241, 1.4686 ], [ 128.0372, 1.5806 ], [ 127.9912, 1.661 ], [ 128.0119, 1.7371 ], [ 127.9329, 1.8088 ], [ 127.8607, 1.8056 ], [ 127.8514, 1.9251 ], [ 127.9515, 1.9908 ], [ 127.9544, 2.0401 ], [ 128.0651, 2.1736 ], [ 128.0529, 2.201 ], [ 127.9328, 2.18 ], [ 127.8372, 2.0904 ], [ 127.7604, 1.9612 ], [ 127.7032, 1.7057 ], [ 127.7352, 1.6041 ], [ 127.7295, 1.5386 ], [ 127.6833, 1.4441 ], [ 127.6619, 1.3643 ], [ 127.6345, 1.2749 ], [ 127.6443, 1.1716 ], [ 127.6253, 1.1163 ], [ 127.6064, 1.0438 ], [ 127.6025, 0.9713 ], [ 127.65, 0.8916 ], [ 127.655, 0.8693 ], [ 127.6663, 0.8673 ], [ 127.6883, 0.8785 ] ] ] ] } },
{ "type": "Feature", "properties": { "balita": 10039.0, "u5mr": 40.17, "kabkota": "Kepulauan Sula", "jenis": "Kabupaten", "provinsi": "MALUKU UTARA", "pulau": "Maluku", "provinsi_geojson": "Maluku Utara", "jenis_geo": "Kabupaten", "label": "Kab. Kepulauan Sula", "kode_bps": "8203", "geo_key": "kepulauan sula", "name_geojson": "Kabupaten Kepulauan Sula", "peringkat_nasional": 29, "peringkat_provinsi": 1, "kelas_jenks": 4, "kelas_kuantil": 5 }, "geometry": { "type": "MultiPolygon", "coordinates": [ [ [ [ 125.8992, -1.9833 ], [ 125.8558, -2.0919 ], [ 125.88, -2.2101 ], [ 125.9575, -2.3226 ], [ 125.9973, -2.446 ], [ 126.072, -2.4198 ], [ 125.9579, -2.1597 ], [ 125.9873, -2.0154 ], [ 125.8992, -1.9833 ] ] ], [ [ [ 125.4016, -1.7753 ], [ 125.3277, -1.8328 ], [ 125.3326, -1.8758 ], [ 125.4359, -1.8878 ], [ 125.4409, -1.9268 ], [ 125.5285, -1.948 ], [ 125.5778, -1.929 ], [ 125.7592, -1.929 ], [ 125.8421, -1.895 ], [ 125.9191, -1.9388 ], [ 126.0891, -1.8787 ], [ 126.139, -1.8911 ], [ 126.2742, -1.8572 ], [ 126.2672, -1.8153 ], [ 125.9134, -1.7931 ], [ 125.6289, -1.8281 ], [ 125.5884, -1.8052 ], [ 125.4247, -1.8093 ], [ 125.4016, -1.7753 ] ] ] ] } },
{ "type": "Feature", "properties": { "balita": 8170.0, "u5mr": 31.07, "kabkota": "Pulau Morotai", "jenis": "Kabupaten", "provinsi": "MALUKU UTARA", "pulau": "Maluku", "provinsi_geojson": "Maluku Utara", "jenis_geo": "Kabupaten", "label": "Kab. Pulau Morotai", "kode_bps": "8207", "geo_key": "pulau morotai", "name_geojson": "Kabupaten Pulau Morotai", "peringkat_nasional": 65, "peringkat_provinsi": 5, "kelas_jenks": 3, "kelas_kuantil": 5 }, "geometry": { "type": "MultiPolygon", "coordinates": [ [ [ [ 128.5846, 2.6315 ], [ 128.5263, 2.5769 ], [ 128.4667, 2.5971 ], [ 128.4133, 2.5282 ], [ 128.2978, 2.4418 ], [ 128.2845, 2.3719 ], [ 128.1999, 2.2867 ], [ 128.2491, 2.2477 ], [ 128.2459, 2.1243 ], [ 128.2973, 2.0348 ], [ 128.5051, 2.0591 ], [ 128.6235, 2.2152 ], [ 128.6837, 2.406 ], [ 128.6876, 2.5019 ], [ 128.6325, 2.5336 ], [ 128.5846, 2.6315 ] ] ] ] } },
{ "type": "Feature", "properties": { "balita": 5591.0, "u5mr": 29.55, "kabkota": "Pulau Taliabu", "jenis": "Kabupaten", "provinsi": "MALUKU UTARA", "pulau": "Maluku", "provinsi_geojson": "Maluku Utara", "jenis_geo": "Kabupaten", "label": "Kab. Pulau Taliabu", "kode_bps": "8208", "geo_key": "pulau taliabu", "name_geojson": "Kabupaten Pulau Taliabu", "peringkat_nasional": 74, "peringkat_provinsi": 6, "kelas_jenks": 3, "kelas_kuantil": 5 }, "geometry": { "type": "MultiPolygon", "coordinates": [ [ [ [ 124.5315, -1.6307 ], [ 124.4004, -1.6595 ], [ 124.3618, -1.7052 ], [ 124.3372, -1.89 ], [ 124.3929, -1.9704 ], [ 124.3922, -2.0188 ], [ 124.4809, -2.025 ], [ 124.6809, -1.9756 ], [ 124.7745, -1.9156 ], [ 124.8607, -1.8916 ], [ 124.8909, -1.9253 ], [ 125.0198, -1.9287 ], [ 125.0438, -1.8867 ], [ 125.1271, -1.8774 ], [ 125.3077, -1.8924 ], [ 125.3211, -1.784 ], [ 125.2978, -1.7402 ], [ 125.203, -1.7241 ], [ 125.1288, -1.6836 ], [ 125.0998, -1.7521 ], [ 124.8705, -1.6805 ], [ 124.6431, -1.6395 ], [ 124.5315, -1.6307 ] ] ] ] } },
{ "type": "Feature", "properties": { "balita": 17222.0, "u5mr": 22.42, "kabkota": "Kota Ternate", "jenis": "Kota", "provinsi": "MALUKU UTARA", "pulau": "Maluku", "provinsi_geojson": "Maluku Utara", "jenis_geo": "Kota", "label": "Kota Ternate", "kode_bps": "8271", "geo_key": "kota ternate", "name_geojson": "Kota Ternate", "peringkat_nasional": 157, "peringkat_provinsi": 10, "kelas_jenks": 2, "kelas_kuantil": 4 }, "geometry": { "type": "MultiPolygon", "coordinates": [ [ [ [ 127.3022, 0.8412 ], [ 127.3148, 0.7569 ], [ 127.3708, 0.759 ], [ 127.3887, 0.8288 ], [ 127.3022, 0.8412 ] ] ] ] } },
{ "type": "Feature", "properties": { "balita": 9607.0, "u5mr": 23.46, "kabkota": "Kota Tidore Kepulauan", "jenis": "Kota", "provinsi": "MALUKU UTARA", "pulau": "Maluku", "provinsi_geojson": "Maluku Utara", "jenis_geo": "Kota", "label": "Kota Tidore Kepulauan", "kode_bps": "8272", "geo_key": "kota tidore kepulauan", "name_geojson": "Kota Tidore Kepulauan", "peringkat_nasional": 146, "peringkat_provinsi": 9, "kelas_jenks": 3, "kelas_kuantil": 4 }, "geometry": { "type": "MultiPolygon", "coordinates": [ [ [ [ 127.3846, 0.7467 ], [ 127.3621, 0.6781 ], [ 127.4254, 0.6268 ], [ 127.4604, 0.7148 ], [ 127.3846, 0.7467 ] ] ], [ [ [ 127.6616, 0.7756 ], [ 127.6187, 0.7876 ], [ 127.5476, 0.7293 ], [ 127.5269, 0.5544 ], [ 127.5618, 0.5159 ], [ 127.5787, 0.4147 ], [ 127.734, 0.302 ], [ 127.6918, 0.1459 ], [ 127.7221, 0.0723 ], [ 127.6976, 0.0071 ], [ 127.7965, -0.0243 ], [ 127.7991, 0.1317 ], [ 127.8048, 0.1904 ], [ 127.8065, 0.3737 ], [ 127.7686, 0.4543 ], [ 127.8316, 0.5756 ], [ 127.8099, 0.6145 ], [ 127.7919, 0.6313 ], [ 127.783, 0.6923 ], [ 127.768, 0.7071 ], [ 127.767, 0.7319 ], [ 127.7518, 0.7572 ], [ 127.7164, 0.7646 ], [ 127.6923, 0.7555 ], [ 127.6616, 0.7756 ] ] ] ] } },
{ "type": "Feature", "properties": { "balita": 54407.0, "u5mr": 27.07, "kabkota": "Bima", "jenis": "Kabupaten", "provinsi": "NUSA TENGGARA BARAT", "pulau": "Bali & Nusa Tenggara", "provinsi_geojson": "Nusa Tenggara Barat", "jenis_geo": "Kabupaten", "label": "Kab. Bima", "kode_bps": "5206", "geo_key": "bima", "name_geojson": "Kabupaten Bima", "peringkat_nasional": 97, "peringkat_provinsi": 3, "kelas_jenks": 3, "kelas_kuantil": 5 }, "geometry": { "type": "MultiPolygon", "coordinates": [ [ [ [ 118.7901, -8.5138 ], [ 118.7406, -8.5172 ], [ 118.6865, -8.4598 ], [ 118.6956, -8.3781 ], [ 118.6458, -8.2895 ], [ 118.4636, -8.2459 ], [ 118.5, -8.3488 ], [ 118.5426, -8.3949 ], [ 118.4822, -8.4604 ], [ 118.5139, -8.5062 ], [ 118.5066, -8.5953 ], [ 118.5364, -8.6814 ], [ 118.5131, -8.7482 ], [ 118.5, -8.7965 ], [ 118.4773, -8.8833 ], [ 118.6377, -8.8139 ], [ 118.7581, -8.797 ], [ 118.8364, -8.8458 ], [ 118.9598, -8.8176 ], [ 118.8991, -8.7627 ], [ 118.7465, -8.764 ], [ 118.7606, -8.6928 ], [ 118.8462, -8.7301 ], [ 118.9079, -8.6801 ], [ 118.9717, -8.7489 ], [ 119.1724, -8.7238 ], [ 119.1297, -8.63 ], [ 119.0554, -8.6526 ], [ 119.0134, -8.5381 ], [ 119.0469, -8.4382 ], [ 118.9915, -8.375 ], [ 119.001, -8.3104 ], [ 118.8211, -8.2807 ], [ 118.7369, -8.3388 ], [ 118.7469, -8.3775 ], [ 118.8749, -8.4832 ], [ 118.7901, -8.5138 ] ] ], [ [ [ 119.0541, -8.1272 ], [ 119.0125, -8.1539 ], [ 119.0011, -8.2313 ], [ 119.0886, -8.2508 ], [ 119.1128, -8.1565 ], [ 119.0541, -8.1272 ] ] ], [ [ [ 118.3082, -8.4116 ], [ 118.3174, -8.3703 ], [ 118.2335, -8.3323 ], [ 118.1469, -8.1998 ], [ 118.1431, -8.1348 ], [ 118.0807, -8.1003 ], [ 117.9606, -8.1072 ], [ 117.9238, -8.0801 ], [ 117.7655, -8.1435 ], [ 117.8512, -8.2134 ], [ 117.9288, -8.22 ], [ 118.0494, -8.3395 ], [ 118.1456, -8.4058 ], [ 118.2052, -8.4367 ], [ 118.2733, -8.439 ], [ 118.2984, -8.4287 ], [ 118.3082, -8.4116 ] ] ] ] } },
{ "type": "Feature", "properties": { "balita": 25599.0, "u5mr": 28.15, "kabkota": "Dompu", "jenis": "Kabupaten", "provinsi": "NUSA TENGGARA BARAT", "pulau": "Bali & Nusa Tenggara", "provinsi_geojson": "Nusa Tenggara Barat", "jenis_geo": "Kabupaten", "label": "Kab. Dompu", "kode_bps": "5205", "geo_key": "dompu", "name_geojson": "Kabupaten Dompu", "peringkat_nasional": 88, "peringkat_provinsi": 2, "kelas_jenks": 3, "kelas_kuantil": 5 }, "geometry": { "type": "MultiPolygon", "coordinates": [ [ [ [ 117.7655, -8.1435 ], [ 117.719, -8.164 ], [ 117.6909, -8.2348 ], [ 117.817, -8.3514 ], [ 117.9804, -8.4648 ], [ 118.0821, -8.4507 ], [ 118.1054, -8.4952 ], [ 118.2091, -8.5522 ], [ 118.2879, -8.6257 ], [ 118.1758, -8.6548 ], [ 118.1884, -8.7057 ], [ 118.3122, -8.6934 ], [ 118.4288, -8.7203 ], [ 118.3796, -8.8284 ], [ 118.4738, -8.8669 ], [ 118.5, -8.7965 ], [ 118.5131, -8.7482 ], [ 118.5364, -8.6814 ], [ 118.5066, -8.5953 ], [ 118.5139, -8.5062 ], [ 118.4822, -8.4604 ], [ 118.5426, -8.3949 ], [ 118.5, -8.3488 ], [ 118.4517, -8.2754 ], [ 118.3412, -8.3444 ], [ 118.3082, -8.4116 ], [ 118.2984, -8.4287 ], [ 118.2721, -8.4393 ], [ 118.2074, -8.4373 ], [ 118.1838, -8.4175 ], [ 118.1456, -8.4058 ], [ 118.0494, -8.3395 ], [ 117.9288, -8.22 ], [ 117.8512, -8.2134 ], [ 117.7655, -8.1435 ] ] ] ] } },
{ "type": "Feature", "properties": { "balita": 68801.0, "u5mr": 25.48, "kabkota": "Lombok Barat", "jenis": "Kabupaten", "provinsi": "NUSA TENGGARA BARAT", "pulau": "Bali & Nusa Tenggara", "provinsi_geojson": "Nusa Tenggara Barat", "jenis_geo": "Kabupaten", "label": "Kab. Lombok Barat", "kode_bps": "5201", "geo_key": "lombok barat", "name_geojson": "Kabupaten Lombok Barat", "peringkat_nasional": 112, "peringkat_provinsi": 6, "kelas_jenks": 3, "kelas_kuantil": 4 }, "geometry": { "type": "MultiPolygon", "coordinates": [ [ [ [ 116.3373, -8.4105 ], [ 116.2671, -8.4506 ], [ 116.2139, -8.4804 ], [ 116.0366, -8.4702 ], [ 116.0694, -8.552 ], [ 116.1394, -8.5652 ], [ 116.131, -8.6192 ], [ 116.0746, -8.6228 ], [ 116.072, -8.6699 ], [ 116.0591, -8.7269 ], [ 115.9901, -8.7307 ], [ 115.9148, -8.7755 ], [ 115.821, -8.7522 ], [ 115.8312, -8.8151 ], [ 115.9334, -8.8334 ], [ 116.0081, -8.9043 ], [ 116.1141, -8.8622 ], [ 116.1335, -8.7683 ], [ 116.1416, -8.7662 ], [ 116.1398, -8.729 ], [ 116.1961, -8.6735 ], [ 116.1748, -8.6222 ], [ 116.2495, -8.5927 ], [ 116.3207, -8.5046 ], [ 116.3059, -8.4571 ], [ 116.3355, -8.4192 ], [ 116.3373, -8.4105 ] ] ] ] } },
{ "type": "Feature", "properties": { "balita": 98616.0, "u5mr": 27.05, "kabkota": "Lombok Tengah", "jenis": "Kabupaten", "provinsi": "NUSA TENGGARA BARAT", "pulau": "Bali & Nusa Tenggara", "provinsi_geojson": "Nusa Tenggara Barat", "jenis_geo": "Kabupaten", "label": "Kab. Lombok Tengah", "kode_bps": "5202", "geo_key": "lombok tengah", "name_geojson": "Kabupaten Lombok Tengah", "peringkat_nasional": 98, "peringkat_provinsi": 4, "kelas_jenks": 3, "kelas_kuantil": 5 }, "geometry": { "type": "MultiPolygon", "coordinates": [ [ [ [ 116.3373, -8.4105 ], [ 116.3059, -8.4571 ], [ 116.3207, -8.5046 ], [ 116.2495, -8.5927 ], [ 116.1748, -8.6222 ], [ 116.1961, -8.6735 ], [ 116.1398, -8.729 ], [ 116.1416, -8.7662 ], [ 116.1335, -8.7683 ], [ 116.1141, -8.8622 ], [ 116.173, -8.9137 ], [ 116.3581, -8.9115 ], [ 116.4027, -8.8646 ], [ 116.396, -8.8178 ], [ 116.4458, -8.7459 ], [ 116.395, -8.6842 ], [ 116.3761, -8.6357 ], [ 116.384, -8.4927 ], [ 116.4053, -8.4645 ], [ 116.4063, -8.4345 ], [ 116.3824, -8.4101 ], [ 116.3523, -8.4104 ], [ 116.3373, -8.4105 ] ] ] ] } },
{ "type": "Feature", "properties": { "balita": 129103.0, "u5mr": 26.77, "kabkota": "Lombok Timur", "jenis": "Kabupaten", "provinsi": "NUSA TENGGARA BARAT", "pulau": "Bali & Nusa Tenggara", "provinsi_geojson": "Nusa Tenggara Barat", "jenis_geo": "Kabupaten", "label": "Kab. Lombok Timur", "kode_bps": "5203", "geo_key": "lombok timur", "name_geojson": "Kabupaten Lombok Timur", "peringkat_nasional": 105, "peringkat_provinsi": 5, "kelas_jenks": 3, "kelas_kuantil": 4 }, "geometry": { "type": "MultiPolygon", "coordinates": [ [ [ [ 116.4699, -8.2736 ], [ 116.4674, -8.3306 ], [ 116.4236, -8.4111 ], [ 116.4033, -8.4404 ], [ 116.4034, -8.4686 ], [ 116.3843, -8.4905 ], [ 116.3795, -8.5311 ], [ 116.3761, -8.6357 ], [ 116.395, -8.6842 ], [ 116.4458, -8.7459 ], [ 116.396, -8.8178 ], [ 116.4027, -8.8646 ], [ 116.449, -8.9215 ], [ 116.5708, -8.8918 ], [ 116.5113, -8.7786 ], [ 116.546, -8.7527 ], [ 116.6232, -8.6049 ], [ 116.665, -8.5625 ], [ 116.6616, -8.4873 ], [ 116.711, -8.4432 ], [ 116.7183, -8.3474 ], [ 116.6516, -8.2888 ], [ 116.4945, -8.2467 ], [ 116.4699, -8.2736 ] ] ] ] } },
{ "type": "Feature", "properties": { "balita": 24528.0, "u5mr": 31.16, "kabkota": "Lombok Utara", "jenis": "Kabupaten", "provinsi": "NUSA TENGGARA BARAT", "pulau": "Bali & Nusa Tenggara", "provinsi_geojson": "Nusa Tenggara Barat", "jenis_geo": "Kabupaten", "label": "Kab. Lombok Utara", "kode_bps": "5208", "geo_key": "lombok utara", "name_geojson": "Kabupaten Lombok Utara", "peringkat_nasional": 63, "peringkat_provinsi": 1, "kelas_jenks": 3, "kelas_kuantil": 5 }, "geometry": { "type": "MultiPolygon", "coordinates": [ [ [ [ 116.4699, -8.2736 ], [ 116.4602, -8.2271 ], [ 116.3377, -8.2147 ], [ 116.2537, -8.2544 ], [ 116.1036, -8.3907 ], [ 116.0366, -8.4702 ], [ 116.2139, -8.4804 ], [ 116.2671, -8.4506 ], [ 116.3449, -8.4088 ], [ 116.3824, -8.4101 ], [ 116.4063, -8.4345 ], [ 116.4236, -8.4111 ], [ 116.4674, -8.3306 ], [ 116.4699, -8.2736 ] ] ] ] } },
{ "type": "Feature", "properties": { "balita": 49378.0, "u5mr": 22.94, "kabkota": "Sumbawa", "jenis": "Kabupaten", "provinsi": "NUSA TENGGARA BARAT", "pulau": "Bali & Nusa Tenggara", "provinsi_geojson": "Nusa Tenggara Barat", "jenis_geo": "Kabupaten", "label": "Kab. Sumbawa", "kode_bps": "5204", "geo_key": "sumbawa", "name_geojson": "Kabupaten Sumbawa", "peringkat_nasional": 151, "peringkat_provinsi": 8, "kelas_jenks": 2, "kelas_kuantil": 4 }, "geometry": { "type": "MultiPolygon", "coordinates": [ [ [ [ 118.1758, -8.6548 ], [ 118.0364, -8.6712 ], [ 117.9653, -8.7423 ], [ 117.871, -8.6964 ], [ 117.8047, -8.7273 ], [ 117.7491, -8.6446 ], [ 117.7614, -8.5988 ], [ 117.644, -8.556 ], [ 117.6246, -8.4432 ], [ 117.5637, -8.4058 ], [ 117.4352, -8.412 ], [ 117.4035, -8.4664 ], [ 117.2019, -8.4063 ], [ 117.1232, -8.369 ], [ 116.9982, -8.507 ], [ 116.8726, -8.5288 ], [ 116.9354, -8.6062 ], [ 116.9953, -8.6155 ], [ 117.0901, -8.7029 ], [ 117.0527, -8.7953 ], [ 117.0881, -8.9307 ], [ 117.0593, -9.0562 ], [ 117.1351, -9.084 ], [ 117.1858, -9.0208 ], [ 117.4104, -9.0494 ], [ 117.5473, -9.0031 ], [ 117.6905, -8.9188 ], [ 117.8378, -8.9316 ], [ 117.9808, -8.8948 ], [ 118.0795, -8.8402 ], [ 118.127, -8.8779 ], [ 118.3236, -8.7316 ], [ 118.3122, -8.6934 ], [ 118.1884, -8.7057 ], [ 118.1758, -8.6548 ] ] ], [ [ [ 117.5165, -8.1609 ], [ 117.4801, -8.1923 ], [ 117.5082, -8.2731 ], [ 117.4702, -8.356 ], [ 117.5281, -8.3896 ], [ 117.6628, -8.1501 ], [ 117.5165, -8.1609 ] ] ] ] } },
{ "type": "Feature", "properties": { "balita": 14469.0, "u5mr": 24.33, "kabkota": "Sumbawa Barat", "jenis": "Kabupaten", "provinsi": "NUSA TENGGARA BARAT", "pulau": "Bali & Nusa Tenggara", "provinsi_geojson": "Nusa Tenggara Barat", "jenis_geo": "Kabupaten", "label": "Kab. Sumbawa Barat", "kode_bps": "5207", "geo_key": "sumbawa barat", "name_geojson": "Kabupaten Sumbawa Barat", "peringkat_nasional": 134, "peringkat_provinsi": 7, "kelas_jenks": 3, "kelas_kuantil": 4 }, "geometry": { "type": "MultiPolygon", "coordinates": [ [ [ [ 116.8726, -8.5288 ], [ 116.7885, -8.5896 ], [ 116.7641, -8.6536 ], [ 116.8147, -8.813 ], [ 116.7329, -8.8693 ], [ 116.7395, -8.997 ], [ 116.7881, -9.0357 ], [ 116.8973, -9.0649 ], [ 116.9417, -9.0528 ], [ 117.0389, -9.1046 ], [ 117.0593, -9.0562 ], [ 117.0881, -8.9307 ], [ 117.0527, -8.7953 ], [ 117.0901, -8.7029 ], [ 116.9953, -8.6155 ], [ 116.9354, -8.6062 ], [ 116.8726, -8.5288 ] ] ] ] } },
{ "type": "Feature", "properties": { "balita": 14343.0, "u5mr": 22.29, "kabkota": "Kota Bima", "jenis": "Kota", "provinsi": "NUSA TENGGARA BARAT", "pulau": "Bali & Nusa Tenggara", "provinsi_geojson": "Nusa Tenggara Barat", "jenis_geo": "Kota", "label": "Kota Bima", "kode_bps": "5272", "geo_key": "kota bima", "name_geojson": "Kota Bima", "peringkat_nasional": 159, "peringkat_provinsi": 9, "kelas_jenks": 2, "kelas_kuantil": 4 }, "geometry": { "type": "MultiPolygon", "coordinates": [ [ [ [ 118.7469, -8.3775 ], [ 118.7095, -8.4809 ], [ 118.7901, -8.5138 ], [ 118.8749, -8.4832 ], [ 118.7469, -8.3775 ] ] ] ] } },
{ "type": "Feature", "properties": { "balita": 35417.0, "u5mr": 13.51, "kabkota": "Kota Mataram", "jenis": "Kota", "provinsi": "NUSA TENGGARA BARAT", "pulau": "Bali & Nusa Tenggara", "provinsi_geojson": "Nusa Tenggara Barat", "jenis_geo": "Kota", "label": "Kota Mataram", "kode_bps": "5271", "geo_key": "kota mataram", "name_geojson": "Kota Mataram", "peringkat_nasional": 436, "peringkat_provinsi": 10, "kelas_jenks": 1, "kelas_kuantil": 1 }, "geometry": { "type": "MultiPolygon", "coordinates": [ [ [ [ 116.1394, -8.5652 ], [ 116.073, -8.5528 ], [ 116.0742, -8.6239 ], [ 116.131, -8.6192 ], [ 116.1394, -8.5652 ] ] ] ] } },
{ "type": "Feature", "properties": { "balita": 50982.0, "u5mr": 27.08, "kabkota": "Timor Tengah Selatan", "jenis": "Kabupaten", "provinsi": "NUSA TENGGARA TIMUR", "pulau": "Bali & Nusa Tenggara", "provinsi_geojson": "Nusa Tenggara Timur", "jenis_geo": "Kabupaten", "label": "Kab. Timor Tengah Selatan", "kode_bps": "5304", "geo_key": "timor tengah selatan", "name_geojson": "Kab Timor Tengah Selatan", "peringkat_nasional": 96, "peringkat_provinsi": 7, "kelas_jenks": 3, "kelas_kuantil": 5 }, "geometry": { "type": "MultiPolygon", "coordinates": [ [ [ [ 124.1173, -9.4848 ], [ 124.1196, -9.553 ], [ 124.0602, -9.6438 ], [ 124.083, -9.6736 ], [ 124.0673, -9.7586 ], [ 124.094, -9.8094 ], [ 124.0857, -9.964 ], [ 124.2066, -10.0873 ], [ 124.2235, -10.163 ], [ 124.3957, -10.1697 ], [ 124.5087, -10.0916 ], [ 124.5484, -10.0106 ], [ 124.7507, -9.8816 ], [ 124.7977, -9.7709 ], [ 124.821, -9.6606 ], [ 124.7952, -9.6418 ], [ 124.8003, -9.6179 ], [ 124.7852, -9.615 ], [ 124.7859, -9.5982 ], [ 124.7598, -9.6 ], [ 124.765, -9.604 ], [ 124.7576, -9.6115 ], [ 124.7734, -9.6123 ], [ 124.7923, -9.6375 ], [ 124.7389, -9.6515 ], [ 124.6634, -9.627 ], [ 124.6453, -9.5849 ], [ 124.6334, -9.5864 ], [ 124.5172, -9.663 ], [ 124.4288, -9.606 ], [ 124.2149, -9.538 ], [ 124.1953, -9.5045 ], [ 124.1449, -9.4762 ], [ 124.1173, -9.4848 ] ] ] ] } },
{ "type": "Feature", "properties": { "balita": 23131.0, "u5mr": 46.68, "kabkota": "Alor", "jenis": "Kabupaten", "provinsi": "NUSA TENGGARA TIMUR", "pulau": "Bali & Nusa Tenggara", "provinsi_geojson": "Nusa Tenggara Timur", "jenis_geo": "Kabupaten", "label": "Kab. Alor", "kode_bps": "5307", "geo_key": "alor", "name_geojson": "Kabupaten Alor", "peringkat_nasional": 19, "peringkat_provinsi": 2, "kelas_jenks": 5, "kelas_kuantil": 5 }, "geometry": { "type": "MultiPolygon", "coordinates": [ [ [ [ 124.2798, -8.175 ], [ 124.1326, -8.3446 ], [ 124.0585, -8.293 ], [ 123.9648, -8.3479 ], [ 123.9361, -8.4225 ], [ 124.0331, -8.4202 ], [ 124.071, -8.5505 ], [ 124.1415, -8.5383 ], [ 124.2117, -8.461 ], [ 124.2091, -8.4163 ], [ 124.3094, -8.3116 ], [ 124.326, -8.2283 ], [ 124.2798, -8.175 ] ] ], [ [ [ 124.5045, -8.1332 ], [ 124.4517, -8.1488 ], [ 124.3998, -8.22 ], [ 124.4001, -8.3265 ], [ 124.3418, -8.3917 ], [ 124.3554, -8.4388 ], [ 124.5054, -8.4177 ], [ 124.5474, -8.442 ], [ 124.6578, -8.3906 ], [ 124.7872, -8.4015 ], [ 124.8902, -8.3637 ], [ 125.0629, -8.3564 ], [ 125.1212, -8.3396 ], [ 125.1414, -8.2378 ], [ 125.0949, -8.1475 ], [ 124.9191, -8.1645 ], [ 124.7829, -8.1477 ], [ 124.6668, -8.1615 ], [ 124.604, -8.1264 ], [ 124.5045, -8.1332 ] ] ] ] } },
{ "type": "Feature", "properties": { "balita": 26777.0, "u5mr": 19.29, "kabkota": "Belu", "jenis": "Kabupaten", "provinsi": "NUSA TENGGARA TIMUR", "pulau": "Bali & Nusa Tenggara", "provinsi_geojson": "Nusa Tenggara Timur", "jenis_geo": "Kabupaten", "label": "Kab. Belu", "kode_bps": "5306", "geo_key": "belu", "name_geojson": "Kabupaten Belu", "peringkat_nasional": 219, "peringkat_provinsi": 19, "kelas_jenks": 2, "kelas_kuantil": 3 }, "geometry": { "type": "MultiPolygon", "coordinates": [ [ [ [ 124.9883, -9.3301 ], [ 124.9816, -9.2418 ], [ 125.0139, -9.1695 ], [ 125.097, -9.2018 ], [ 125.1706, -9.1229 ], [ 125.1809, -9.0213 ], [ 125.112, -8.9675 ], [ 125.0766, -9.0219 ], [ 125.0031, -9.0636 ], [ 124.9403, -9.0472 ], [ 124.8783, -8.9801 ], [ 124.7924, -9.0182 ], [ 124.8202, -9.0763 ], [ 124.82, -9.1996 ], [ 124.8416, -9.2437 ], [ 124.8526, -9.2791 ], [ 124.8436, -9.2762 ], [ 124.8402, -9.3318 ], [ 124.8288, -9.3624 ], [ 124.9164, -9.3817 ], [ 124.9866, -9.3743 ], [ 124.9883, -9.3301 ] ] ] ] } },
{ "type": "Feature", "properties": { "balita": 22955.0, "u5mr": 26.76, "kabkota": "Ende", "jenis": "Kabupaten", "provinsi": "NUSA TENGGARA TIMUR", "pulau": "Bali & Nusa Tenggara", "provinsi_geojson": "Nusa Tenggara Timur", "jenis_geo": "Kabupaten", "label": "Kab. Ende", "kode_bps": "5311", "geo_key": "ende", "name_geojson": "Kabupaten Ende", "peringkat_nasional": 106, "peringkat_provinsi": 10, "kelas_jenks": 3, "kelas_kuantil": 4 }, "geometry": { "type": "MultiPolygon", "coordinates": [ [ [ [ 121.9857, -8.5435 ], [ 121.9833, -8.4467 ], [ 121.9134, -8.4956 ], [ 121.7269, -8.4951 ], [ 121.6805, -8.5124 ], [ 121.6074, -8.4785 ], [ 121.5808, -8.5715 ], [ 121.5209, -8.635 ], [ 121.4589, -8.655 ], [ 121.4166, -8.7443 ], [ 121.4138, -8.7925 ], [ 121.5679, -8.7974 ], [ 121.6612, -8.8557 ], [ 121.8139, -8.8707 ], [ 121.8871, -8.8278 ], [ 121.9946, -8.8062 ], [ 121.9933, -8.7536 ], [ 121.9641, -8.7585 ], [ 121.9521, -8.7534 ], [ 121.9271, -8.7117 ], [ 121.9531, -8.676 ], [ 121.9762, -8.6257 ], [ 121.9906, -8.6057 ], [ 121.9857, -8.5435 ] ] ] ] } },
{ "type": "Feature", "properties": { "balita": 27260.0, "u5mr": 26.79, "kabkota": "Flores Timur", "jenis": "Kabupaten", "provinsi": "NUSA TENGGARA TIMUR", "pulau": "Bali & Nusa Tenggara", "provinsi_geojson": "Nusa Tenggara Timur", "jenis_geo": "Kabupaten", "label": "Kab. Flores Timur", "kode_bps": "5309", "geo_key": "flores timur", "name_geojson": "Kabupaten Flores Timur", "peringkat_nasional": 104, "peringkat_provinsi": 9, "kelas_jenks": 3, "kelas_kuantil": 4 }, "geometry": { "type": "MultiPolygon", "coordinates": [ [ [ [ 123.1163, -8.4359 ], [ 122.9762, -8.436 ], [ 122.8847, -8.5245 ], [ 122.942, -8.5889 ], [ 122.9835, -8.5066 ], [ 123.0652, -8.4915 ], [ 123.1163, -8.4359 ] ] ], [ [ [ 123.1961, -8.2248 ], [ 123.142, -8.2338 ], [ 123.0329, -8.3076 ], [ 123.0007, -8.4101 ], [ 123.179, -8.3852 ], [ 123.2946, -8.3882 ], [ 123.305, -8.2966 ], [ 123.2433, -8.2256 ], [ 123.1961, -8.2248 ] ] ], [ [ [ 122.6542, -8.6371 ], [ 122.7256, -8.6334 ], [ 122.8311, -8.5897 ], [ 122.8321, -8.5178 ], [ 122.9138, -8.3285 ], [ 122.9644, -8.3518 ], [ 123.0206, -8.3154 ], [ 122.983, -8.2511 ], [ 122.9722, -8.1329 ], [ 122.8666, -8.0634 ], [ 122.7827, -8.1079 ], [ 122.7878, -8.2355 ], [ 122.8661, -8.1762 ], [ 122.9184, -8.1939 ], [ 122.8821, -8.2888 ], [ 122.8111, -8.2979 ], [ 122.7659, -8.3632 ], [ 122.6765, -8.4133 ], [ 122.6542, -8.6371 ] ] ] ] } },
{ "type": "Feature", "properties": { "balita": 42068.0, "u5mr": 38.95, "kabkota": "Kupang", "jenis": "Kabupaten", "provinsi": "NUSA TENGGARA TIMUR", "pulau": "Bali & Nusa Tenggara", "provinsi_geojson": "Nusa Tenggara Timur", "jenis_geo": "Kabupaten", "label": "Kab. Kupang", "kode_bps": "5303", "geo_key": "kupang", "name_geojson": "Kabupaten Kupang", "peringkat_nasional": 32, "peringkat_provinsi": 5, "kelas_jenks": 4, "kelas_kuantil": 5 }, "geometry": { "type": "MultiPolygon", "coordinates": [ [ [ [ 123.3963, -10.1342 ], [ 123.3679, -10.2037 ], [ 123.3009, -10.2712 ], [ 123.3054, -10.3118 ], [ 123.4199, -10.2961 ], [ 123.4525, -10.2176 ], [ 123.4525, -10.1147 ], [ 123.3963, -10.1342 ] ] ], [ [ [ 123.6397, -10.222 ], [ 123.6348, -10.2841 ], [ 123.5848, -10.2885 ], [ 123.5742, -10.217 ], [ 123.531, -10.2228 ], [ 123.528, -10.2117 ], [ 123.4632, -10.326 ], [ 123.543, -10.3277 ], [ 123.6115, -10.3701 ], [ 123.7036, -10.3663 ], [ 123.8645, -10.3327 ], [ 123.9623, -10.2768 ], [ 124.0186, -10.2733 ], [ 124.1012, -10.1795 ], [ 124.2235, -10.163 ], [ 124.2066, -10.0873 ], [ 124.0857, -9.964 ], [ 124.094, -9.8094 ], [ 124.0673, -9.7586 ], [ 124.083, -9.6736 ], [ 124.0602, -9.6438 ], [ 124.1196, -9.553 ], [ 124.1173, -9.4848 ], [ 124.1449, -9.4762 ], [ 124.1953, -9.5045 ], [ 124.1623, -9.4521 ], [ 124.0932, -9.4147 ], [ 124.0702, -9.3697 ], [ 123.9939, -9.3425 ], [ 123.9342, -9.4218 ], [ 123.7341, -9.567 ], [ 123.673, -9.6307 ], [ 123.6843, -9.7015 ], [ 123.6681, -9.8537 ], [ 123.5946, -9.9025 ], [ 123.5809, -10.018 ], [ 123.6954, -10.0102 ], [ 123.7711, -10.0434 ], [ 123.6815, -10.1499 ], [ 123.6495, -10.1896 ], [ 123.6503, -10.2001 ], [ 123.6397, -10.222 ] ] ] ] } },
{ "type": "Feature", "properties": { "balita": 13112.0, "u5mr": 20.73, "kabkota": "Lembata", "jenis": "Kabupaten", "provinsi": "NUSA TENGGARA TIMUR", "pulau": "Bali & Nusa Tenggara", "provinsi_geojson": "Nusa Tenggara Timur", "jenis_geo": "Kabupaten", "label": "Kab. Lembata", "kode_bps": "5308", "geo_key": "lembata", "name_geojson": "Kabupaten Lembata", "peringkat_nasional": 192, "peringkat_provinsi": 16, "kelas_jenks": 2, "kelas_kuantil": 4 }, "geometry": { "type": "MultiPolygon", "coordinates": [ [ [ [ 123.7695, -8.1726 ], [ 123.559, -8.3678 ], [ 123.471, -8.3384 ], [ 123.3352, -8.4006 ], [ 123.29, -8.4639 ], [ 123.3173, -8.5271 ], [ 123.3932, -8.5859 ], [ 123.4909, -8.5153 ], [ 123.5172, -8.5631 ], [ 123.5837, -8.5425 ], [ 123.5532, -8.47 ], [ 123.6499, -8.4043 ], [ 123.6759, -8.4275 ], [ 123.7664, -8.2883 ], [ 123.8378, -8.2849 ], [ 123.9027, -8.2153 ], [ 123.7695, -8.1726 ] ] ] ] } },
{ "type": "Feature", "properties": { "balita": 19635.0, "u5mr": 17.79, "kabkota": "Malaka", "jenis": "Kabupaten", "provinsi": "NUSA TENGGARA TIMUR", "pulau": "Bali & Nusa Tenggara", "provinsi_geojson": "Nusa Tenggara Timur", "jenis_geo": "Kabupaten", "label": "Kab. Malaka", "kode_bps": "5321", "geo_key": "malaka", "name_geojson": "Kabupaten Malaka", "peringkat_nasional": 260, "peringkat_provinsi": 20, "kelas_jenks": 2, "kelas_kuantil": 3 }, "geometry": { "type": "MultiPolygon", "coordinates": [ [ [ [ 124.9883, -9.3301 ], [ 124.9866, -9.3743 ], [ 124.9164, -9.3817 ], [ 124.8288, -9.3624 ], [ 124.8036, -9.3856 ], [ 124.7816, -9.4702 ], [ 124.7369, -9.4997 ], [ 124.7292, -9.5134 ], [ 124.7042, -9.5614 ], [ 124.6945, -9.5857 ], [ 124.6453, -9.5849 ], [ 124.6634, -9.627 ], [ 124.7389, -9.6515 ], [ 124.7923, -9.6375 ], [ 124.7734, -9.6123 ], [ 124.7576, -9.6115 ], [ 124.7647, -9.6056 ], [ 124.7608, -9.5995 ], [ 124.7883, -9.6002 ], [ 124.7851, -9.6149 ], [ 124.7944, -9.6121 ], [ 124.8005, -9.6195 ], [ 124.793, -9.6379 ], [ 124.821, -9.6606 ], [ 124.7977, -9.7709 ], [ 124.9838, -9.6331 ], [ 124.9954, -9.5553 ], [ 125.0878, -9.462 ], [ 125.0522, -9.3308 ], [ 124.9883, -9.3301 ] ] ] ] } },
{ "type": "Feature", "properties": { "balita": 35503.0, "u5mr": 23.56, "kabkota": "Manggarai", "jenis": "Kabupaten", "provinsi": "NUSA TENGGARA TIMUR", "pulau": "Bali & Nusa Tenggara", "provinsi_geojson": "Nusa Tenggara Timur", "jenis_geo": "Kabupaten", "label": "Kab. Manggarai", "kode_bps": "5313", "geo_key": "manggarai", "name_geojson": "Kabupaten Manggarai", "peringkat_nasional": 145, "peringkat_provinsi": 13, "kelas_jenks": 3, "kelas_kuantil": 4 }, "geometry": { "type": "MultiPolygon", "coordinates": [ [ [ [ 120.4938, -8.2932 ], [ 120.4078, -8.2809 ], [ 120.2911, -8.3206 ], [ 120.2819, -8.3254 ], [ 120.2822, -8.4171 ], [ 120.3336, -8.4404 ], [ 120.3693, -8.4311 ], [ 120.3893, -8.4252 ], [ 120.3928, -8.4542 ], [ 120.3806, -8.4881 ], [ 120.3725, -8.5147 ], [ 120.3436, -8.5714 ], [ 120.3184, -8.5828 ], [ 120.2805, -8.6252 ], [ 120.3245, -8.6881 ], [ 120.2936, -8.7563 ], [ 120.273, -8.76 ], [ 120.24, -8.83 ], [ 120.3133, -8.8556 ], [ 120.3674, -8.8157 ], [ 120.5038, -8.7817 ], [ 120.4982, -8.7146 ], [ 120.5238, -8.6381 ], [ 120.5104, -8.5652 ], [ 120.5431, -8.5152 ], [ 120.5135, -8.4088 ], [ 120.4781, -8.382 ], [ 120.4938, -8.2932 ] ] ] ] } },
{ "type": "Feature", "properties": { "balita": 28623.0, "u5mr": 21.68, "kabkota": "Manggarai Barat", "jenis": "Kabupaten", "provinsi": "NUSA TENGGARA TIMUR", "pulau": "Bali & Nusa Tenggara", "provinsi_geojson": "Nusa Tenggara Timur", "jenis_geo": "Kabupaten", "label": "Kab. Manggarai Barat", "kode_bps": "5315", "geo_key": "manggarai barat", "name_geojson": "Kabupaten Manggarai Barat", "peringkat_nasional": 168, "peringkat_provinsi": 14, "kelas_jenks": 2, "kelas_kuantil": 4 }, "geometry": { "type": "MultiPolygon", "coordinates": [ [ [ [ 119.6144, -8.6097 ], [ 119.6612, -8.7013 ], [ 119.617, -8.7639 ], [ 119.6937, -8.8105 ], [ 119.7575, -8.6654 ], [ 119.6585, -8.6569 ], [ 119.6144, -8.6097 ] ] ], [ [ [ 119.4494, -8.4312 ], [ 119.4115, -8.5502 ], [ 119.3734, -8.5871 ], [ 119.4332, -8.6758 ], [ 119.5053, -8.5685 ], [ 119.5596, -8.5867 ], [ 119.5522, -8.479 ], [ 119.4709, -8.4803 ], [ 119.4494, -8.4312 ] ] ], [ [ [ 120.2911, -8.3206 ], [ 120.2005, -8.3056 ], [ 120.1098, -8.4413 ], [ 120.0192, -8.384 ], [ 119.9444, -8.4589 ], [ 119.881, -8.4776 ], [ 119.8041, -8.5734 ], [ 119.8032, -8.7702 ], [ 119.8902, -8.8127 ], [ 120.0164, -8.8193 ], [ 120.1677, -8.7892 ], [ 120.24, -8.83 ], [ 120.273, -8.76 ], [ 120.2936, -8.7563 ], [ 120.3245, -8.6881 ], [ 120.2805, -8.6252 ], [ 120.3184, -8.5828 ], [ 120.3436, -8.5714 ], [ 120.3725, -8.5147 ], [ 120.3806, -8.4881 ], [ 120.3928, -8.4542 ], [ 120.3893, -8.4252 ], [ 120.3693, -8.4311 ], [ 120.3336, -8.4404 ], [ 120.2822, -8.4171 ], [ 120.2819, -8.3254 ], [ 120.2911, -8.3206 ] ] ] ] } },
{ "type": "Feature", "properties": { "balita": 32168.0, "u5mr": 19.9, "kabkota": "Manggarai Timur", "jenis": "Kabupaten", "provinsi": "NUSA TENGGARA TIMUR", "pulau": "Bali & Nusa Tenggara", "provinsi_geojson": "Nusa Tenggara Timur", "jenis_geo": "Kabupaten", "label": "Kab. Manggarai Timur", "kode_bps": "5319", "geo_key": "manggarai timur", "name_geojson": "Kabupaten Manggarai Timur", "peringkat_nasional": 206, "peringkat_provinsi": 18, "kelas_jenks": 2, "kelas_kuantil": 4 }, "geometry": { "type": "MultiPolygon", "coordinates": [ [ [ [ 120.9183, -8.38 ], [ 120.8077, -8.3385 ], [ 120.7334, -8.3489 ], [ 120.6401, -8.2768 ], [ 120.4938, -8.2932 ], [ 120.4781, -8.382 ], [ 120.5135, -8.4088 ], [ 120.5431, -8.5152 ], [ 120.5104, -8.5652 ], [ 120.5238, -8.6381 ], [ 120.4982, -8.7146 ], [ 120.5038, -8.7817 ], [ 120.5958, -8.815 ], [ 120.6468, -8.8674 ], [ 120.7453, -8.8935 ], [ 120.824, -8.8214 ], [ 120.8435, -8.7629 ], [ 120.875, -8.697 ], [ 120.8914, -8.6502 ], [ 120.8522, -8.5043 ], [ 120.9219, -8.476 ], [ 120.9183, -8.38 ] ] ] ] } },
{ "type": "Feature", "properties": { "balita": 15273.0, "u5mr": 20.74, "kabkota": "Nagekeo", "jenis": "Kabupaten", "provinsi": "NUSA TENGGARA TIMUR", "pulau": "Bali & Nusa Tenggara", "provinsi_geojson": "Nusa Tenggara Timur", "jenis_geo": "Kabupaten", "label": "Kab. Nagekeo", "kode_bps": "5318", "geo_key": "nagekeo", "name_geojson": "Kabupaten Nagekeo", "peringkat_nasional": 191, "peringkat_provinsi": 15, "kelas_jenks": 2, "kelas_kuantil": 4 }, "geometry": { "type": "MultiPolygon", "coordinates": [ [ [ [ 121.4589, -8.655 ], [ 121.5206, -8.6352 ], [ 121.5253, -8.6242 ], [ 121.4999, -8.5992 ], [ 121.4764, -8.5643 ], [ 121.4183, -8.5919 ], [ 121.3435, -8.548 ], [ 121.3076, -8.4799 ], [ 121.18, -8.4597 ], [ 121.1861, -8.5355 ], [ 121.1422, -8.5513 ], [ 121.109, -8.6818 ], [ 121.1279, -8.7024 ], [ 121.1128, -8.7655 ], [ 121.0964, -8.7567 ], [ 121.1204, -8.8015 ], [ 121.139, -8.898 ], [ 121.269, -8.8864 ], [ 121.3403, -8.906 ], [ 121.4166, -8.7443 ], [ 121.4589, -8.655 ] ] ] ] } },
{ "type": "Feature", "properties": { "balita": 16917.0, "u5mr": 15.36, "kabkota": "Ngada", "jenis": "Kabupaten", "provinsi": "NUSA TENGGARA TIMUR", "pulau": "Bali & Nusa Tenggara", "provinsi_geojson": "Nusa Tenggara Timur", "jenis_geo": "Kabupaten", "label": "Kab. Ngada", "kode_bps": "5312", "geo_key": "ngada", "name_geojson": "Kabupaten Ngada", "peringkat_nasional": 363, "peringkat_provinsi": 21, "kelas_jenks": 1, "kelas_kuantil": 2 }, "geometry": { "type": "MultiPolygon", "coordinates": [ [ [ [ 121.18, -8.4597 ], [ 121.1428, -8.4248 ], [ 121.0222, -8.4151 ], [ 120.9473, -8.3438 ], [ 120.9183, -8.38 ], [ 120.9219, -8.476 ], [ 120.8522, -8.5043 ], [ 120.8914, -8.6502 ], [ 120.875, -8.697 ], [ 120.8435, -8.7629 ], [ 120.824, -8.8214 ], [ 120.931, -8.9328 ], [ 121.0302, -8.9564 ], [ 121.1385, -8.9013 ], [ 121.1204, -8.8015 ], [ 121.0964, -8.7567 ], [ 121.1128, -8.7655 ], [ 121.1279, -8.7024 ], [ 121.109, -8.6818 ], [ 121.1422, -8.5513 ], [ 121.1861, -8.5355 ], [ 121.18, -8.4597 ] ] ] ] } },
{ "type": "Feature", "properties": { "balita": 16572.0, "u5mr": 43.61, "kabkota": "Rote Ndao", "jenis": "Kabupaten", "provinsi": "NUSA TENGGARA TIMUR", "pulau": "Bali & Nusa Tenggara", "provinsi_geojson": "Nusa Tenggara Timur", "jenis_geo": "Kabupaten", "label": "Kab. Rote Ndao", "kode_bps": "5314", "geo_key": "rote ndao", "name_geojson": "Kabupaten Rote Ndao", "peringkat_nasional": 26, "peringkat_provinsi": 3, "kelas_jenks": 4, "kelas_kuantil": 5 }, "geometry": { "type": "MultiPolygon", "coordinates": [ [ [ [ 123.3689, -10.4407 ], [ 123.3696, -10.478 ], [ 123.2645, -10.5205 ], [ 123.0427, -10.7294 ], [ 122.8583, -10.7588 ], [ 122.81, -10.782 ], [ 122.8221, -10.9194 ], [ 122.9493, -10.904 ], [ 122.9687, -10.8702 ], [ 123.1326, -10.8155 ], [ 123.189, -10.8369 ], [ 123.2529, -10.7342 ], [ 123.4267, -10.6565 ], [ 123.3657, -10.5331 ], [ 123.4048, -10.455 ], [ 123.3689, -10.4407 ] ] ] ] } },
{ "type": "Feature", "properties": { "balita": 10347.0, "u5mr": 48.16, "kabkota": "Sabu Raijua", "jenis": "Kabupaten", "provinsi": "NUSA TENGGARA TIMUR", "pulau": "Bali & Nusa Tenggara", "provinsi_geojson": "Nusa Tenggara Timur", "jenis_geo": "Kabupaten", "label": "Kab. Sabu Raijua", "kode_bps": "5320", "geo_key": "sabu raijua", "name_geojson": "Kabupaten Sabu Raijua", "peringkat_nasional": 17, "peringkat_provinsi": 1, "kelas_jenks": 5, "kelas_kuantil": 5 }, "geometry": { "type": "MultiPolygon", "coordinates": [ [ [ [ 121.9075, -10.4186 ], [ 121.8338, -10.4985 ], [ 121.6842, -10.5779 ], [ 121.7493, -10.6151 ], [ 121.8752, -10.6182 ], [ 121.994, -10.5348 ], [ 121.9966, -10.4417 ], [ 121.9075, -10.4186 ] ] ] ] } },
{ "type": "Feature", "properties": { "balita": 27040.0, "u5mr": 20.11, "kabkota": "Sikka", "jenis": "Kabupaten", "provinsi": "NUSA TENGGARA TIMUR", "pulau": "Bali & Nusa Tenggara", "provinsi_geojson": "Nusa Tenggara Timur", "jenis_geo": "Kabupaten", "label": "Kab. Sikka", "kode_bps": "5310", "geo_key": "sikka", "name_geojson": "Kabupaten Sikka", "peringkat_nasional": 203, "peringkat_provinsi": 17, "kelas_jenks": 2, "kelas_kuantil": 4 }, "geometry": { "type": "MultiPolygon", "coordinates": [ [ [ [ 122.6765, -8.4133 ], [ 122.5968, -8.3932 ], [ 122.4718, -8.6095 ], [ 122.2212, -8.6203 ], [ 122.1599, -8.5544 ], [ 122.0713, -8.5228 ], [ 121.9857, -8.5435 ], [ 121.9906, -8.6057 ], [ 121.9762, -8.6257 ], [ 121.9531, -8.676 ], [ 121.9582, -8.6853 ], [ 121.9454, -8.6876 ], [ 121.9285, -8.7171 ], [ 121.9582, -8.7571 ], [ 121.9933, -8.7536 ], [ 121.9898, -8.7958 ], [ 122.0, -8.8074 ], [ 122.0314, -8.7941 ], [ 122.0836, -8.7416 ], [ 122.1774, -8.7304 ], [ 122.2833, -8.7545 ], [ 122.4212, -8.7445 ], [ 122.5397, -8.7013 ], [ 122.5572, -8.6663 ], [ 122.6542, -8.6371 ], [ 122.6765, -8.4133 ] ] ] ] } },
{ "type": "Feature", "properties": { "balita": 17540.0, "u5mr": 26.82, "kabkota": "Sumba Barat", "jenis": "Kabupaten", "provinsi": "NUSA TENGGARA TIMUR", "pulau": "Bali & Nusa Tenggara", "provinsi_geojson": "Nusa Tenggara Timur", "jenis_geo": "Kabupaten", "label": "Kab. Sumba Barat", "kode_bps": "5301", "geo_key": "sumba barat", "name_geojson": "Kabupaten Sumba Barat", "peringkat_nasional": 103, "peringkat_provinsi": 8, "kelas_jenks": 3, "kelas_kuantil": 5 }, "geometry": { "type": "MultiPolygon", "coordinates": [ [ [ [ 119.4033, -9.376 ], [ 119.3668, -9.3789 ], [ 119.393, -9.5387 ], [ 119.3665, -9.6156 ], [ 119.2778, -9.6845 ], [ 119.1663, -9.6581 ], [ 119.1522, -9.6856 ], [ 119.1486, -9.7186 ], [ 119.1425, -9.7291 ], [ 119.3013, -9.7444 ], [ 119.3935, -9.7972 ], [ 119.4173, -9.7611 ], [ 119.5357, -9.7496 ], [ 119.4887, -9.6651 ], [ 119.4984, -9.5852 ], [ 119.4506, -9.4773 ], [ 119.4434, -9.4654 ], [ 119.4068, -9.3979 ], [ 119.4033, -9.376 ] ] ] ] } },
{ "type": "Feature", "properties": { "balita": 37943.0, "u5mr": 40.06, "kabkota": "Sumba Barat Daya", "jenis": "Kabupaten", "provinsi": "NUSA TENGGARA TIMUR", "pulau": "Bali & Nusa Tenggara", "provinsi_geojson": "Nusa Tenggara Timur", "jenis_geo": "Kabupaten", "label": "Kab. Sumba Barat Daya", "kode_bps": "5317", "geo_key": "sumba barat daya", "name_geojson": "Kabupaten Sumba Barat Daya", "peringkat_nasional": 30, "peringkat_provinsi": 4, "kelas_jenks": 4, "kelas_kuantil": 5 }, "geometry": { "type": "MultiPolygon", "coordinates": [ [ [ [ 119.3668, -9.3789 ], [ 119.2925, -9.3578 ], [ 119.1781, -9.3748 ], [ 119.0309, -9.432 ], [ 118.9408, -9.5158 ], [ 118.9279, -9.5576 ], [ 119.0262, -9.6751 ], [ 119.1425, -9.7291 ], [ 119.1486, -9.7186 ], [ 119.1522, -9.6856 ], [ 119.1663, -9.6581 ], [ 119.2778, -9.6845 ], [ 119.3665, -9.6156 ], [ 119.393, -9.5387 ], [ 119.3668, -9.3789 ] ] ] ] } },
{ "type": "Feature", "properties": { "balita": 10469.0, "u5mr": 24.04, "kabkota": "Sumba Tengah", "jenis": "Kabupaten", "provinsi": "NUSA TENGGARA TIMUR", "pulau": "Bali & Nusa Tenggara", "provinsi_geojson": "Nusa Tenggara Timur", "jenis_geo": "Kabupaten", "label": "Kab. Sumba Tengah", "kode_bps": "5316", "geo_key": "sumba tengah", "name_geojson": "Kabupaten Sumba Tengah", "peringkat_nasional": 139, "peringkat_provinsi": 12, "kelas_jenks": 3, "kelas_kuantil": 4 }, "geometry": { "type": "MultiPolygon", "coordinates": [ [ [ [ 119.9091, -9.3832 ], [ 119.8782, -9.372 ], [ 119.8648, -9.3435 ], [ 119.807, -9.3939 ], [ 119.6864, -9.3824 ], [ 119.623, -9.3452 ], [ 119.5386, -9.3776 ], [ 119.4033, -9.376 ], [ 119.4068, -9.3979 ], [ 119.4434, -9.4654 ], [ 119.4506, -9.4773 ], [ 119.4984, -9.5852 ], [ 119.4887, -9.6651 ], [ 119.5357, -9.7496 ], [ 119.6711, -9.7809 ], [ 119.7254, -9.7537 ], [ 119.823, -9.6636 ], [ 119.8529, -9.6146 ], [ 119.8412, -9.5778 ], [ 119.9208, -9.4959 ], [ 119.8979, -9.4311 ], [ 119.9091, -9.3832 ] ] ] ] } },
{ "type": "Feature", "properties": { "balita": 25741.0, "u5mr": 26.09, "kabkota": "Sumba Timur", "jenis": "Kabupaten", "provinsi": "NUSA TENGGARA TIMUR", "pulau": "Bali & Nusa Tenggara", "provinsi_geojson": "Nusa Tenggara Timur", "jenis_geo": "Kabupaten", "label": "Kab. Sumba Timur", "kode_bps": "5302", "geo_key": "sumba timur", "name_geojson": "Kabupaten Sumba Timur", "peringkat_nasional": 109, "peringkat_provinsi": 11, "kelas_jenks": 3, "kelas_kuantil": 4 }, "geometry": { "type": "MultiPolygon", "coordinates": [ [ [ [ 119.7254, -9.7537 ], [ 119.6879, -9.8244 ], [ 119.7837, -9.9223 ], [ 119.8629, -9.9223 ], [ 119.9946, -10.037 ], [ 120.0457, -10.1255 ], [ 120.1648, -10.2401 ], [ 120.3485, -10.2486 ], [ 120.4535, -10.3172 ], [ 120.4869, -10.262 ], [ 120.6139, -10.2528 ], [ 120.7392, -10.1902 ], [ 120.8416, -10.089 ], [ 120.8161, -9.9774 ], [ 120.6766, -9.8975 ], [ 120.5966, -9.731 ], [ 120.5041, -9.6857 ], [ 120.4646, -9.6148 ], [ 120.3225, -9.6704 ], [ 120.2578, -9.6376 ], [ 120.2263, -9.5309 ], [ 120.1849, -9.4682 ], [ 120.0845, -9.4697 ], [ 119.9273, -9.2793 ], [ 119.8914, -9.3263 ], [ 119.8645, -9.3443 ], [ 119.8764, -9.3713 ], [ 119.9091, -9.3832 ], [ 119.8979, -9.4311 ], [ 119.9208, -9.4959 ], [ 119.8412, -9.5778 ], [ 119.8529, -9.6146 ], [ 119.823, -9.6636 ], [ 119.7254, -9.7537 ] ] ] ] } },
{ "type": "Feature", "properties": { "balita": 27082.0, "u5mr": 28.9, "kabkota": "Timor Tengah Utara", "jenis": "Kabupaten", "provinsi": "NUSA TENGGARA TIMUR", "pulau": "Bali & Nusa Tenggara", "provinsi_geojson": "Nusa Tenggara Timur", "jenis_geo": "Kabupaten", "label": "Kab. Timor Tengah Utara", "kode_bps": "5305", "geo_key": "timor tengah utara", "name_geojson": "Kabupaten Timor Tengah Utara", "peringkat_nasional": 85, "peringkat_provinsi": 6, "kelas_jenks": 3, "kelas_kuantil": 5 }, "geometry": { "type": "MultiPolygon", "coordinates": [ [ [ [ 124.8202, -9.0763 ], [ 124.7928, -9.0187 ], [ 124.7298, -9.0588 ], [ 124.6974, -9.0536 ], [ 124.6702, -9.1181 ], [ 124.5306, -9.1863 ], [ 124.476, -9.1743 ], [ 124.4626, -9.2995 ], [ 124.3741, -9.3763 ], [ 124.3548, -9.4852 ], [ 124.2796, -9.4892 ], [ 124.261, -9.3957 ], [ 124.2173, -9.3656 ], [ 124.1341, -9.4265 ], [ 124.0932, -9.4147 ], [ 124.1623, -9.4521 ], [ 124.224, -9.5062 ], [ 124.2149, -9.538 ], [ 124.4288, -9.606 ], [ 124.5172, -9.663 ], [ 124.6334, -9.5864 ], [ 124.6633, -9.5808 ], [ 124.6945, -9.5857 ], [ 124.7042, -9.5614 ], [ 124.7292, -9.5134 ], [ 124.7369, -9.4997 ], [ 124.7816, -9.4702 ], [ 124.8036, -9.3856 ], [ 124.8402, -9.3318 ], [ 124.8436, -9.2762 ], [ 124.8526, -9.2791 ], [ 124.8416, -9.2437 ], [ 124.82, -9.1996 ], [ 124.8202, -9.0763 ] ] ] ] } },
{ "type": "Feature", "properties": { "balita": 50864.0, "u5mr": 14.66, "kabkota": "Kota Kupang", "jenis": "Kota", "provinsi": "NUSA TENGGARA TIMUR", "pulau": "Bali & Nusa Tenggara", "provinsi_geojson": "Nusa Tenggara Timur", "jenis_geo": "Kota", "label": "Kota Kupang", "kode_bps": "5371", "geo_key": "kota kupang", "name_geojson": "Kota Kupang", "peringkat_nasional": 398, "peringkat_provinsi": 22, "kelas_jenks": 1, "kelas_kuantil": 2 }, "geometry": { "type": "MultiPolygon", "coordinates": [ [ [ [ 123.6397, -10.222 ], [ 123.6503, -10.2001 ], [ 123.6495, -10.1896 ], [ 123.6815, -10.1499 ], [ 123.6233, -10.1406 ], [ 123.528, -10.2117 ], [ 123.531, -10.2228 ], [ 123.5742, -10.217 ], [ 123.5848, -10.2885 ], [ 123.6348, -10.2841 ], [ 123.6397, -10.222 ] ] ] ] } },
{ "type": "Feature", "properties": { "balita": 14816.0, "u5mr": 29.1, "kabkota": "Biak Numfor", "jenis": "Kabupaten", "provinsi": "PAPUA", "pulau": "Papua", "provinsi_geojson": "Papua", "jenis_geo": "Kabupaten", "label": "Kab. Biak Numfor", "kode_bps": "9409", "geo_key": "biak numfor", "name_geojson": "Kabupaten Biak Numfor", "peringkat_nasional": 82, "peringkat_provinsi": 8, "kelas_jenks": 3, "kelas_kuantil": 5 }, "geometry": { "type": "MultiPolygon", "coordinates": [ [ [ [ 134.8432, -0.9315 ], [ 134.7924, -0.9806 ], [ 134.8352, -1.1047 ], [ 134.8901, -1.1405 ], [ 134.9511, -1.1277 ], [ 134.982, -1.0719 ], [ 134.9303, -1.0265 ], [ 134.9434, -0.9698 ], [ 134.8432, -0.9315 ] ] ], [ [ [ 135.7639, -0.7698 ], [ 135.7361, -0.8072 ], [ 135.7742, -0.876 ], [ 135.8197, -1.0873 ], [ 135.8578, -1.1666 ], [ 136.0009, -1.1424 ], [ 136.145, -1.1997 ], [ 136.3147, -1.1404 ], [ 136.3238, -1.0742 ], [ 136.2568, -1.0173 ], [ 136.1905, -1.0446 ], [ 136.098, -0.9585 ], [ 136.0502, -0.8557 ], [ 135.9777, -0.8148 ], [ 135.8662, -0.7073 ], [ 135.8114, -0.6853 ], [ 135.7708, -0.7425 ], [ 135.7639, -0.7698 ] ] ] ] } },
{ "type": "Feature", "properties": { "balita": 16422.0, "u5mr": 33.92, "kabkota": "Jayapura", "jenis": "Kabupaten", "provinsi": "PAPUA", "pulau": "Papua", "provinsi_geojson": "Papua", "jenis_geo": "Kabupaten", "label": "Kab. Jayapura", "kode_bps": "9403", "geo_key": "jayapura", "name_geojson": "Kabupaten Jayapura", "peringkat_nasional": 54, "peringkat_provinsi": 5, "kelas_jenks": 4, "kelas_kuantil": 5 }, "geometry": { "type": "MultiPolygon", "coordinates": [ [ [ [ 140.3851, -3.7196 ], [ 140.3489, -3.6935 ], [ 140.3518, -3.6841 ], [ 140.3751, -3.6497 ], [ 140.3807, -3.6055 ], [ 140.3626, -3.3844 ], [ 140.3624, -3.3694 ], [ 140.3136, -3.2921 ], [ 140.3242, -3.1796 ], [ 140.4073, -3.1336 ], [ 140.3591, -3.0308 ], [ 140.4042, -2.9234 ], [ 140.3749, -2.8172 ], [ 140.4914, -2.7547 ], [ 140.5316, -2.7793 ], [ 140.6217, -2.7495 ], [ 140.6334, -2.7225 ], [ 140.6255, -2.5668 ], [ 140.6527, -2.4763 ], [ 140.6131, -2.4397 ], [ 140.4975, -2.4442 ], [ 140.3684, -2.4042 ], [ 140.3002, -2.4439 ], [ 140.2082, -2.4075 ], [ 140.1152, -2.336 ], [ 140.0013, -2.3762 ], [ 139.9954, -2.3802 ], [ 139.9865, -2.4386 ], [ 139.7831, -2.4029 ], [ 139.7646, -2.4622 ], [ 139.7797, -2.4893 ], [ 139.7763, -2.5016 ], [ 139.7156, -2.5346 ], [ 139.5769, -2.5681 ], [ 139.4857, -2.6234 ], [ 139.4329, -2.5897 ], [ 139.396, -2.6429 ], [ 139.3665, -2.6581 ], [ 139.423, -2.7131 ], [ 139.4328, -2.7831 ], [ 139.4456, -2.8072 ], [ 139.5191, -2.8188 ], [ 139.5896, -2.88 ], [ 139.5351, -2.9249 ], [ 139.5227, -2.9813 ], [ 139.5306, -3.0805 ], [ 139.4863, -3.2345 ], [ 139.5091, -3.2915 ], [ 139.5041, -3.3013 ], [ 139.4959, -3.3689 ], [ 139.4494, -3.4215 ], [ 139.4533, -3.4433 ], [ 139.4636, -3.4602 ], [ 139.4664, -3.4933 ], [ 139.5176, -3.5555 ], [ 139.515, -3.6494 ], [ 139.5926, -3.7051 ], [ 139.5951, -3.7272 ], [ 139.6219, -3.7097 ], [ 139.626, -3.6642 ], [ 139.7036, -3.6373 ], [ 139.7371, -3.5484 ], [ 139.7827, -3.5216 ], [ 139.8065, -3.567 ], [ 139.8212, -3.5774 ], [ 139.8388, -3.5881 ], [ 139.8758, -3.6012 ], [ 139.8817, -3.6082 ], [ 139.904, -3.6167 ], [ 139.9675, -3.6127 ], [ 139.9894, -3.6575 ], [ 140.0197, -3.7015 ], [ 140.11, -3.692 ], [ 140.1981, -3.6972 ], [ 140.273, -3.6702 ], [ 140.3212, -3.7436 ], [ 140.3513, -3.739 ], [ 140.3735, -3.7447 ], [ 140.3842, -3.7365 ], [ 140.3851, -3.7196 ] ] ] ] } },
{ "type": "Feature", "properties": { "balita": 5430.0, "u5mr": 32.71, "kabkota": "Keerom", "jenis": "Kabupaten", "provinsi": "PAPUA", "pulau": "Papua", "provinsi_geojson": "Papua", "jenis_geo": "Kabupaten", "label": "Kab. Keerom", "kode_bps": "9420", "geo_key": "keerom", "name_geojson": "Kabupaten Keerom", "peringkat_nasional": 57, "peringkat_provinsi": 6, "kelas_jenks": 4, "kelas_kuantil": 5 }, "geometry": { "type": "MultiPolygon", "coordinates": [ [ [ [ 140.8506, -2.7485 ], [ 140.7993, -2.7259 ], [ 140.7583, -2.7542 ], [ 140.7281, -2.7633 ], [ 140.7004, -2.7557 ], [ 140.6642, -2.7513 ], [ 140.6217, -2.7495 ], [ 140.5316, -2.7793 ], [ 140.4914, -2.7547 ], [ 140.3749, -2.8172 ], [ 140.4042, -2.9234 ], [ 140.3591, -3.0308 ], [ 140.4073, -3.1336 ], [ 140.3242, -3.1796 ], [ 140.3136, -3.2921 ], [ 140.3624, -3.3694 ], [ 140.3626, -3.3844 ], [ 140.3807, -3.6055 ], [ 140.3751, -3.6497 ], [ 140.3518, -3.6841 ], [ 140.3489, -3.6935 ], [ 140.3851, -3.7196 ], [ 140.4241, -3.7463 ], [ 140.4586, -3.7665 ], [ 140.5291, -3.7799 ], [ 140.6261, -3.7838 ], [ 140.667, -3.7903 ], [ 140.7011, -3.8387 ], [ 140.767, -3.8737 ], [ 140.8239, -3.8944 ], [ 140.8436, -3.9249 ], [ 140.7703, -3.9587 ], [ 140.7302, -3.9124 ], [ 140.6444, -3.9587 ], [ 140.618, -3.9541 ], [ 140.5847, -3.9307 ], [ 140.5962, -3.9288 ], [ 140.5851, -3.9211 ], [ 140.5669, -3.9447 ], [ 140.5047, -3.9508 ], [ 140.5346, -3.8153 ], [ 140.4051, -3.7848 ], [ 140.4273, -3.9312 ], [ 140.4707, -3.9652 ], [ 140.5189, -4.0637 ], [ 140.5689, -4.0973 ], [ 140.5886, -4.116 ], [ 140.6103, -4.0619 ], [ 140.7787, -4.0001 ], [ 140.8123, -4.013 ], [ 140.8101, -3.9953 ], [ 140.9147, -3.9697 ], [ 140.9736, -3.9824 ], [ 140.9835, -4.0081 ], [ 141.0012, -4.0196 ], [ 141.0027, -2.8393 ], [ 140.8506, -2.7485 ] ] ] ] } },
{ "type": "Feature", "properties": { "balita": 12880.0, "u5mr": 31.41, "kabkota": "Kepulauan Yapen", "jenis": "Kabupaten", "provinsi": "PAPUA", "pulau": "Papua", "provinsi_geojson": "Papua", "jenis_geo": "Kabupaten", "label": "Kab. Kepulauan Yapen", "kode_bps": "9408", "geo_key": "kepulauan yapen", "name_geojson": "Kabupaten Kepulauan Yapen", "peringkat_nasional": 61, "peringkat_provinsi": 7, "kelas_jenks": 3, "kelas_kuantil": 5 }, "geometry": { "type": "MultiPolygon", "coordinates": [ [ [ [ 135.4102, -1.6016 ], [ 135.474, -1.6804 ], [ 135.5548, -1.6625 ], [ 135.6729, -1.7066 ], [ 135.7095, -1.6892 ], [ 135.8578, -1.7674 ], [ 136.071, -1.8496 ], [ 136.2645, -1.8924 ], [ 136.3124, -1.8623 ], [ 136.4293, -1.8868 ], [ 136.6179, -1.8622 ], [ 136.7187, -1.816 ], [ 136.8487, -1.8274 ], [ 136.9034, -1.7927 ], [ 136.789, -1.7397 ], [ 136.5854, -1.7292 ], [ 136.4457, -1.6978 ], [ 136.4101, -1.7195 ], [ 136.1822, -1.6555 ], [ 135.8987, -1.635 ], [ 135.8697, -1.6613 ], [ 135.7851, -1.6262 ], [ 135.6239, -1.6258 ], [ 135.4102, -1.6016 ] ] ], [ [ [ 135.1126, -1.4676 ], [ 135.1756, -1.524 ], [ 135.2472, -1.5297 ], [ 135.2965, -1.4869 ], [ 135.1126, -1.4676 ] ] ] ] } },
{ "type": "Feature", "properties": { "balita": 5009.0, "u5mr": 43.42, "kabkota": "Mamberamo Raya", "jenis": "Kabupaten", "provinsi": "PAPUA", "pulau": "Papua", "provinsi_geojson": "Papua", "jenis_geo": "Kabupaten", "label": "Kab. Mamberamo Raya", "kode_bps": "9428", "geo_key": "mamberamo raya", "name_geojson": "Kabupaten Mamberamo Raya", "peringkat_nasional": 27, "peringkat_provinsi": 1, "kelas_jenks": 4, "kelas_kuantil": 5 }, "geometry": { "type": "MultiPolygon", "coordinates": [ [ [ [ 138.1472, -1.6276 ], [ 138.0529, -1.5925 ], [ 137.9682, -1.5314 ], [ 137.934, -1.4585 ], [ 137.7468, -1.4789 ], [ 137.591, -1.5584 ], [ 137.4811, -1.5969 ], [ 137.4016, -1.658 ], [ 137.0975, -1.7989 ], [ 137.0885, -1.8514 ], [ 137.1563, -1.9319 ], [ 137.2284, -2.0566 ], [ 137.1236, -2.1111 ], [ 137.0578, -2.0993 ], [ 136.9429, -2.1231 ], [ 136.9084, -2.1799 ], [ 136.8168, -2.2025 ], [ 136.8997, -2.3012 ], [ 136.9154, -2.3215 ], [ 136.9156, -2.3339 ], [ 136.9377, -2.3499 ], [ 136.9266, -2.3516 ], [ 136.9096, -2.3621 ], [ 137.0206, -2.4243 ], [ 137.1122, -2.5011 ], [ 137.135, -2.572 ], [ 137.158, -2.5866 ], [ 137.2229, -2.5784 ], [ 137.2677, -2.6315 ], [ 137.2792, -2.8054 ], [ 137.3447, -2.8572 ], [ 137.402, -2.986 ], [ 137.4173, -2.9983 ], [ 137.42, -3.0142 ], [ 137.4492, -3.0403 ], [ 137.4935, -3.0552 ], [ 137.5108, -3.0517 ], [ 137.5588, -3.0509 ], [ 137.5772, -3.0677 ], [ 137.6204, -3.0404 ], [ 137.6308, -3.0456 ], [ 137.6254, -3.0605 ], [ 137.6311, -3.0648 ], [ 137.7059, -3.0384 ], [ 137.7129, -3.0578 ], [ 137.7707, -3.0642 ], [ 137.8066, -3.0657 ], [ 137.9079, -3.0511 ], [ 137.9303, -3.0256 ], [ 138.0099, -3.022 ], [ 138.0258, -3.0156 ], [ 138.0637, -2.9966 ], [ 138.0871, -3.0297 ], [ 138.1498, -3.0027 ], [ 138.11, -3.0072 ], [ 138.1509, -2.984 ], [ 138.1768, -3.1101 ], [ 138.2357, -3.1524 ], [ 138.2318, -3.1683 ], [ 138.216, -3.1733 ], [ 138.1593, -3.1985 ], [ 138.2126, -3.2213 ], [ 138.2614, -3.1894 ], [ 138.5085, -3.0154 ], [ 138.5167, -2.936 ], [ 138.6114, -3.0122 ], [ 138.5832, -3.0955 ], [ 138.5955, -3.1501 ], [ 138.5684, -3.3168 ], [ 138.6268, -3.3088 ], [ 138.7031, -3.2008 ], [ 138.7494, -3.1752 ], [ 138.8062, -3.2238 ], [ 138.8776, -3.2255 ], [ 138.913, -3.2526 ], [ 138.9106, -3.2731 ], [ 138.8776, -3.3294 ], [ 138.8931, -3.4029 ], [ 139.0527, -3.2802 ], [ 139.0655, -3.2764 ], [ 139.0358, -3.2517 ], [ 139.0035, -3.2313 ], [ 139.0214, -3.1861 ], [ 139.0231, -3.1527 ], [ 139.0335, -3.1412 ], [ 139.0299, -3.1241 ], [ 139.0393, -3.1299 ], [ 139.1204, -3.1173 ], [ 139.1446, -2.9559 ], [ 139.1065, -2.8822 ], [ 139.1797, -2.8179 ], [ 139.1719, -2.814 ], [ 139.2331, -2.6913 ], [ 139.1957, -2.6294 ], [ 138.9065, -2.5764 ], [ 138.7879, -2.5205 ], [ 138.7175, -2.5319 ], [ 138.5952, -2.4875 ], [ 138.5389, -2.5432 ], [ 138.4365, -2.5228 ], [ 138.4207, -2.4302 ], [ 138.3826, -2.3902 ], [ 138.4218, -2.3564 ], [ 138.437, -2.3381 ], [ 138.4465, -2.331 ], [ 138.4657, -2.3213 ], [ 138.4381, -2.2433 ], [ 138.4087, -2.2149 ], [ 138.3712, -2.215 ], [ 138.2992, -2.1681 ], [ 138.3105, -2.0698 ], [ 138.2485, -2.0352 ], [ 138.2253, -1.9476 ], [ 138.2194, -1.9378 ], [ 138.1637, -1.9355 ], [ 138.1574, -1.9102 ], [ 138.155, -1.9083 ], [ 138.1629, -1.8994 ], [ 138.162, -1.8889 ], [ 138.1478, -1.8583 ], [ 138.1557, -1.8485 ], [ 138.1532, -1.8203 ], [ 138.1464, -1.8273 ], [ 138.1408, -1.8078 ], [ 138.1546, -1.7717 ], [ 138.1649, -1.7214 ], [ 138.1633, -1.6832 ], [ 138.1472, -1.6276 ] ] ] ] } },
{ "type": "Feature", "properties": { "balita": 3536.0, "u5mr": 35.19, "kabkota": "Sarmi", "jenis": "Kabupaten", "provinsi": "PAPUA", "pulau": "Papua", "provinsi_geojson": "Papua", "jenis_geo": "Kabupaten", "label": "Kab. Sarmi", "kode_bps": "9419", "geo_key": "sarmi", "name_geojson": "Kabupaten Sarmi", "peringkat_nasional": 48, "peringkat_provinsi": 4, "kelas_jenks": 4, "kelas_kuantil": 5 }, "geometry": { "type": "MultiPolygon", "coordinates": [ [ [ [ 140.0013, -2.3762 ], [ 139.8106, -2.3785 ], [ 139.6146, -2.29 ], [ 139.365, -2.148 ], [ 139.2506, -2.1096 ], [ 139.1248, -2.0306 ], [ 138.9927, -1.9731 ], [ 138.8627, -1.9658 ], [ 138.7888, -1.9199 ], [ 138.6652, -1.7926 ], [ 138.4527, -1.743 ], [ 138.1472, -1.6276 ], [ 138.1633, -1.6832 ], [ 138.1649, -1.7214 ], [ 138.1546, -1.7717 ], [ 138.1408, -1.8078 ], [ 138.1464, -1.8273 ], [ 138.1532, -1.8203 ], [ 138.1557, -1.8485 ], [ 138.1478, -1.8583 ], [ 138.162, -1.8889 ], [ 138.1629, -1.8994 ], [ 138.155, -1.9083 ], [ 138.1574, -1.9102 ], [ 138.1637, -1.9355 ], [ 138.2194, -1.9378 ], [ 138.2253, -1.9476 ], [ 138.2485, -2.0352 ], [ 138.3105, -2.0698 ], [ 138.2992, -2.1681 ], [ 138.3712, -2.215 ], [ 138.4087, -2.2149 ], [ 138.4381, -2.2433 ], [ 138.4657, -2.3213 ], [ 138.4465, -2.331 ], [ 138.437, -2.3381 ], [ 138.4218, -2.3564 ], [ 138.3826, -2.3902 ], [ 138.4207, -2.4302 ], [ 138.4365, -2.5228 ], [ 138.5389, -2.5432 ], [ 138.5952, -2.4875 ], [ 138.7175, -2.5319 ], [ 138.7879, -2.5205 ], [ 138.9065, -2.5764 ], [ 139.1957, -2.6294 ], [ 139.2331, -2.6913 ], [ 139.1719, -2.814 ], [ 139.1797, -2.8179 ], [ 139.1065, -2.8822 ], [ 139.1446, -2.9559 ], [ 139.1204, -3.1173 ], [ 139.0393, -3.1299 ], [ 139.0299, -3.1241 ], [ 139.0335, -3.1412 ], [ 139.0231, -3.1527 ], [ 139.0214, -3.1861 ], [ 139.0035, -3.2313 ], [ 139.0358, -3.2517 ], [ 139.0655, -3.2764 ], [ 139.0837, -3.3352 ], [ 139.1031, -3.3644 ], [ 139.1246, -3.3771 ], [ 139.138, -3.4187 ], [ 139.3566, -3.4829 ], [ 139.3735, -3.4359 ], [ 139.4636, -3.4602 ], [ 139.4533, -3.4433 ], [ 139.4494, -3.4215 ], [ 139.4959, -3.3689 ], [ 139.5041, -3.3013 ], [ 139.5091, -3.2915 ], [ 139.4863, -3.2345 ], [ 139.5306, -3.0805 ], [ 139.5227, -2.9813 ], [ 139.5351, -2.9249 ], [ 139.5896, -2.88 ], [ 139.5191, -2.8188 ], [ 139.4456, -2.8072 ], [ 139.4328, -2.7831 ], [ 139.423, -2.7131 ], [ 139.3665, -2.6581 ], [ 139.396, -2.6429 ], [ 139.4329, -2.5897 ], [ 139.4857, -2.6234 ], [ 139.5769, -2.5681 ], [ 139.7156, -2.5346 ], [ 139.7763, -2.5016 ], [ 139.7797, -2.4893 ], [ 139.7646, -2.4622 ], [ 139.7831, -2.4029 ], [ 139.9865, -2.4386 ], [ 139.9954, -2.3802 ], [ 140.0013, -2.3762 ] ] ] ] } },
{ "type": "Feature", "properties": { "balita": 3236.0, "u5mr": 36.47, "kabkota": "Supiori", "jenis": "Kabupaten", "provinsi": "PAPUA", "pulau": "Papua", "provinsi_geojson": "Papua", "jenis_geo": "Kabupaten", "label": "Kab. Supiori", "kode_bps": "9427", "geo_key": "supiori", "name_geojson": "Kabupaten Supiori", "peringkat_nasional": 42, "peringkat_provinsi": 2, "kelas_jenks": 4, "kelas_kuantil": 5 }, "geometry": { "type": "MultiPolygon", "coordinates": [ [ [ [ 135.3606, -0.6356 ], [ 135.4114, -0.7463 ], [ 135.4699, -0.7962 ], [ 135.5307, -0.7828 ], [ 135.6425, -0.8869 ], [ 135.7475, -0.7396 ], [ 135.645, -0.6633 ], [ 135.5343, -0.6742 ], [ 135.3927, -0.6212 ], [ 135.3606, -0.6356 ] ] ] ] } },
{ "type": "Feature", "properties": { "balita": 3576.0, "u5mr": 35.65, "kabkota": "Waropen", "jenis": "Kabupaten", "provinsi": "PAPUA", "pulau": "Papua", "provinsi_geojson": "Papua", "jenis_geo": "Kabupaten", "label": "Kab. Waropen", "kode_bps": "9426", "geo_key": "waropen", "name_geojson": "Kabupaten Waropen", "peringkat_nasional": 47, "peringkat_provinsi": 3, "kelas_jenks": 4, "kelas_kuantil": 5 }, "geometry": { "type": "MultiPolygon", "coordinates": [ [ [ [ 136.8168, -2.2025 ], [ 136.7495, -2.2524 ], [ 136.6003, -2.2529 ], [ 136.5178, -2.1917 ], [ 136.4236, -2.2032 ], [ 136.3395, -2.2632 ], [ 136.3419, -2.3742 ], [ 136.2958, -2.4108 ], [ 136.2715, -2.5356 ], [ 136.2243, -2.6143 ], [ 136.1081, -2.6688 ], [ 136.048, -2.7205 ], [ 136.0889, -2.7794 ], [ 136.1432, -2.7729 ], [ 136.1437, -2.7973 ], [ 136.2174, -2.8068 ], [ 136.2655, -2.8871 ], [ 136.28, -2.8711 ], [ 136.297, -2.9042 ], [ 136.2998, -2.9119 ], [ 136.3042, -2.9363 ], [ 136.2976, -2.9871 ], [ 136.3384, -3.0286 ], [ 136.3606, -3.0264 ], [ 136.4055, -3.0147 ], [ 136.4373, -3.0548 ], [ 136.5568, -3.0428 ], [ 136.579, -3.0638 ], [ 136.5426, -3.1533 ], [ 136.5173, -3.1844 ], [ 136.5673, -3.254 ], [ 136.7106, -3.2259 ], [ 136.7275, -3.2384 ], [ 136.8088, -3.2542 ], [ 136.8698, -3.2397 ], [ 136.8779, -3.2452 ], [ 136.8609, -3.2722 ], [ 136.8961, -3.3676 ], [ 136.9443, -3.388 ], [ 136.9624, -3.3442 ], [ 136.9183, -3.3298 ], [ 136.8955, -3.2371 ], [ 136.9077, -3.1958 ], [ 137.0068, -3.1758 ], [ 137.0407, -3.2042 ], [ 136.9507, -3.2836 ], [ 137.0034, -3.3176 ], [ 137.0228, -3.3075 ], [ 137.0445, -3.2513 ], [ 137.0516, -3.2166 ], [ 137.107, -3.1379 ], [ 137.1808, -3.1226 ], [ 137.1968, -3.1213 ], [ 137.3302, -3.0904 ], [ 137.4265, -3.105 ], [ 137.5313, -3.0682 ], [ 137.5108, -3.0517 ], [ 137.4935, -3.0552 ], [ 137.4492, -3.0403 ], [ 137.42, -3.0142 ], [ 137.4173, -2.9983 ], [ 137.402, -2.986 ], [ 137.3447, -2.8572 ], [ 137.2792, -2.8054 ], [ 137.2677, -2.6315 ], [ 137.2229, -2.5784 ], [ 137.158, -2.5866 ], [ 137.135, -2.572 ], [ 137.1122, -2.5011 ], [ 137.0206, -2.4243 ], [ 136.9096, -2.3621 ], [ 136.9266, -2.3516 ], [ 136.9377, -2.3499 ], [ 136.9156, -2.3339 ], [ 136.9154, -2.3215 ], [ 136.8997, -2.3012 ], [ 136.8168, -2.2025 ] ] ] ] } },
{ "type": "Feature", "properties": { "balita": 35829.0, "u5mr": 25.29, "kabkota": "Kota Jayapura", "jenis": "Kota", "provinsi": "PAPUA", "pulau": "Papua", "provinsi_geojson": "Papua", "jenis_geo": "Kota", "label": "Kota Jayapura", "kode_bps": "9471", "geo_key": "kota jayapura", "name_geojson": "Kota Jayapura", "peringkat_nasional": 117, "peringkat_provinsi": 9, "kelas_jenks": 3, "kelas_kuantil": 4 }, "geometry": { "type": "MultiPolygon", "coordinates": [ [ [ [ 140.6527, -2.4763 ], [ 140.6255, -2.5668 ], [ 140.6334, -2.7225 ], [ 140.6642, -2.7513 ], [ 140.7004, -2.7557 ], [ 140.7281, -2.7633 ], [ 140.7583, -2.7542 ], [ 140.7993, -2.7259 ], [ 140.8506, -2.7485 ], [ 141.0027, -2.8393 ], [ 141.0013, -2.6044 ], [ 140.911, -2.6241 ], [ 140.809, -2.606 ], [ 140.7269, -2.6339 ], [ 140.686, -2.6138 ], [ 140.7204, -2.491 ], [ 140.6527, -2.4763 ] ] ] ] } },
{ "type": "Feature", "properties": { "balita": 8362.0, "u5mr": 24.86, "kabkota": "Fakfak", "jenis": "Kabupaten", "provinsi": "PAPUA BARAT", "pulau": "Papua", "provinsi_geojson": "Papua Barat", "jenis_geo": "Kabupaten", "label": "Kab. Fakfak", "kode_bps": "9101", "geo_key": "fak fak", "name_geojson": "Kabupaten Fak Fak", "peringkat_nasional": 124, "peringkat_provinsi": 6, "kelas_jenks": 3, "kelas_kuantil": 4 }, "geometry": { "type": "MultiPolygon", "coordinates": [ [ [ [ 133.0168, -2.5946 ], [ 132.9854, -2.5789 ], [ 132.8845, -2.6925 ], [ 132.733, -2.8032 ], [ 132.5868, -2.6923 ], [ 132.3936, -2.6866 ], [ 132.3223, -2.6596 ], [ 132.1911, -2.6538 ], [ 132.1703, -2.7058 ], [ 132.0361, -2.7689 ], [ 131.9993, -2.8269 ], [ 132.087, -2.9597 ], [ 132.1606, -2.9237 ], [ 132.3387, -2.9375 ], [ 132.3498, -2.9648 ], [ 132.4803, -3.035 ], [ 132.6334, -3.1769 ], [ 132.6623, -3.3156 ], [ 132.8083, -3.2606 ], [ 132.816, -3.4435 ], [ 132.8853, -3.4715 ], [ 132.8913, -3.6447 ], [ 132.7256, -3.6362 ], [ 132.7832, -3.8209 ], [ 132.8738, -3.9643 ], [ 132.8689, -3.9541 ], [ 133.4971, -3.1106 ], [ 133.4871, -3.06 ], [ 133.3988, -2.9913 ], [ 133.3444, -2.9933 ], [ 133.2989, -2.9843 ], [ 133.2467, -2.9623 ], [ 133.2092, -2.9389 ], [ 133.1816, -2.913 ], [ 133.2132, -2.8019 ], [ 133.0835, -2.7344 ], [ 133.0575, -2.6262 ], [ 133.0168, -2.5946 ] ] ] ] } },
{ "type": "Feature", "properties": { "balita": 7128.0, "u5mr": 38.25, "kabkota": "Kaimana", "jenis": "Kabupaten", "provinsi": "PAPUA BARAT", "pulau": "Papua", "provinsi_geojson": "Papua Barat", "jenis_geo": "Kabupaten", "label": "Kab. Kaimana", "kode_bps": "9102", "geo_key": "kaimana", "name_geojson": "Kabupaten Kaimana", "peringkat_nasional": 34, "peringkat_provinsi": 5, "kelas_jenks": 4, "kelas_kuantil": 5 }, "geometry": { "type": "MultiPolygon", "coordinates": [ [ [ [ 134.0215, -2.8137 ], [ 133.9897, -2.8517 ], [ 133.897, -2.8019 ], [ 133.868, -2.8099 ], [ 133.8095, -2.8069 ], [ 133.7782, -2.8086 ], [ 133.731, -2.8844 ], [ 133.6046, -2.9729 ], [ 133.5709, -3.0405 ], [ 133.4971, -3.1106 ], [ 132.8689, -3.9541 ], [ 132.8738, -3.9643 ], [ 132.9129, -4.0846 ], [ 133.0152, -4.1177 ], [ 133.07, -4.0547 ], [ 133.2489, -4.0732 ], [ 133.4035, -3.9024 ], [ 133.4581, -3.8579 ], [ 133.4149, -3.8012 ], [ 133.4019, -3.6981 ], [ 133.5975, -3.5292 ], [ 133.5372, -3.4265 ], [ 133.6496, -3.3951 ], [ 133.6652, -3.3021 ], [ 133.6479, -3.2346 ], [ 133.6632, -3.2049 ], [ 133.6476, -3.1226 ], [ 133.7299, -3.0285 ], [ 133.8347, -3.0193 ], [ 133.8271, -3.089 ], [ 133.6682, -3.2276 ], [ 133.6663, -3.2645 ], [ 133.6765, -3.3167 ], [ 133.6644, -3.3194 ], [ 133.7004, -3.4122 ], [ 133.6211, -3.4765 ], [ 133.7075, -3.6037 ], [ 133.6901, -3.6705 ], [ 133.8389, -3.6303 ], [ 133.9069, -3.6993 ], [ 133.9136, -3.7846 ], [ 133.9607, -3.8564 ], [ 134.0596, -3.8222 ], [ 134.1548, -3.7637 ], [ 134.1748, -3.8233 ], [ 134.1275, -3.875 ], [ 134.1918, -3.957 ], [ 134.25, -3.9771 ], [ 134.4382, -3.9182 ], [ 134.5062, -4.0437 ], [ 134.6259, -3.9526 ], [ 134.6679, -4.0308 ], [ 134.6292, -4.1179 ], [ 134.7136, -4.1524 ], [ 134.7333, -4.2066 ], [ 134.8147, -4.252 ], [ 134.8855, -4.2525 ], [ 134.9359, -4.2266 ], [ 134.9748, -4.1361 ], [ 135.0542, -4.0269 ], [ 135.0305, -4.0102 ], [ 135.036, -3.99 ], [ 135.0455, -3.99 ], [ 135.041, -3.9837 ], [ 135.0589, -3.9767 ], [ 135.058, -3.9692 ], [ 135.0911, -3.9684 ], [ 135.0872, -3.9406 ], [ 135.0271, -3.832 ], [ 135.0161, -3.7215 ], [ 135.1013, -3.6831 ], [ 135.1391, -3.6125 ], [ 135.0721, -3.5842 ], [ 135.0102, -3.5825 ], [ 134.992, -3.5633 ], [ 134.9269, -3.4599 ], [ 134.8687, -3.4242 ], [ 134.8329, -3.3862 ], [ 134.7519, -3.3704 ], [ 134.6939, -3.3082 ], [ 134.6548, -3.3144 ], [ 134.6025, -3.3216 ], [ 134.6146, -3.3896 ], [ 134.5979, -3.4322 ], [ 134.5511, -3.4792 ], [ 134.502, -3.4991 ], [ 134.3931, -3.4616 ], [ 134.3449, -3.4701 ], [ 134.2898, -3.3874 ], [ 134.2231, -3.242 ], [ 134.1969, -3.1455 ], [ 134.1973, -3.1086 ], [ 134.1684, -3.0194 ], [ 134.121, -2.9567 ], [ 134.0635, -2.9277 ], [ 134.023, -2.8287 ], [ 134.0215, -2.8137 ] ] ] ] } },
{ "type": "Feature", "properties": { "balita": 18804.0, "u5mr": 24.43, "kabkota": "Manokwari", "jenis": "Kabupaten", "provinsi": "PAPUA BARAT", "pulau": "Papua", "provinsi_geojson": "Papua Barat", "jenis_geo": "Kabupaten", "label": "Kab. Manokwari", "kode_bps": "9105", "geo_key": "manokwari", "name_geojson": "Kabupaten Manokwari", "peringkat_nasional": 132, "peringkat_provinsi": 7, "kelas_jenks": 3, "kelas_kuantil": 4 }, "geometry": { "type": "MultiPolygon", "coordinates": [ [ [ [ 134.1852, -1.1977 ], [ 134.1042, -1.1314 ], [ 134.0691, -1.0284 ], [ 134.009, -0.9557 ], [ 134.0449, -0.928 ], [ 134.0826, -0.8142 ], [ 134.0314, -0.7969 ], [ 133.9754, -0.7215 ], [ 133.8715, -0.7149 ], [ 133.8173, -0.7485 ], [ 133.7543, -0.7191 ], [ 133.6551, -0.736 ], [ 133.4858, -0.7406 ], [ 133.4371, -0.8058 ], [ 133.4469, -0.8766 ], [ 133.4572, -0.8764 ], [ 133.4809, -1.0099 ], [ 133.498, -1.0433 ], [ 133.5335, -1.0366 ], [ 133.5769, -1.0652 ], [ 133.5993, -1.0595 ], [ 133.6704, -1.0458 ], [ 133.7111, -1.1226 ], [ 133.7678, -1.1153 ], [ 133.7803, -1.1282 ], [ 133.7893, -1.0737 ], [ 133.8915, -1.0237 ], [ 133.9183, -1.1637 ], [ 133.9616, -1.1839 ], [ 134.0174, -1.2386 ], [ 134.0764, -1.229 ], [ 134.1283, -1.2291 ], [ 134.1852, -1.1977 ] ] ] ] } },
{ "type": "Feature", "properties": { "balita": 4242.0, "u5mr": 45.94, "kabkota": "Manokwari Selatan", "jenis": "Kabupaten", "provinsi": "PAPUA BARAT", "pulau": "Papua", "provinsi_geojson": "Papua Barat", "jenis_geo": "Kabupaten", "label": "Kab. Manokwari Selatan", "kode_bps": "9111", "geo_key": "manokwari selatan", "name_geojson": "Kabupaten Manokwari Selatan", "peringkat_nasional": 23, "peringkat_provinsi": 4, "kelas_jenks": 5, "kelas_kuantil": 5 }, "geometry": { "type": "MultiPolygon", "coordinates": [ [ [ [ 134.1852, -1.1977 ], [ 134.1283, -1.2291 ], [ 134.0764, -1.229 ], [ 134.0365, -1.2565 ], [ 134.0494, -1.2573 ], [ 134.083, -1.2963 ], [ 134.0477, -1.3805 ], [ 134.0796, -1.4164 ], [ 134.0521, -1.4416 ], [ 133.9372, -1.5085 ], [ 133.9168, -1.5353 ], [ 133.8534, -1.5274 ], [ 133.8149, -1.5434 ], [ 133.732, -1.5098 ], [ 133.7002, -1.5342 ], [ 133.7224, -1.5884 ], [ 133.6971, -1.6185 ], [ 133.6625, -1.6135 ], [ 133.7318, -1.6329 ], [ 133.7555, -1.6222 ], [ 133.8632, -1.6955 ], [ 133.889, -1.713 ], [ 133.8852, -1.7523 ], [ 133.9078, -1.7968 ], [ 133.8767, -1.8389 ], [ 133.9175, -1.8527 ], [ 133.9393, -1.8491 ], [ 133.9952, -1.8416 ], [ 134.0403, -1.8316 ], [ 134.0783, -1.8023 ], [ 134.1019, -1.766 ], [ 134.0945, -1.6406 ], [ 134.2016, -1.5498 ], [ 134.1981, -1.4555 ], [ 134.2455, -1.3128 ], [ 134.1852, -1.1977 ] ] ] ] } },
{ "type": "Feature", "properties": { "balita": 5300.0, "u5mr": 56.06, "kabkota": "Pegunungan Arfak", "jenis": "Kabupaten", "provinsi": "PAPUA BARAT", "pulau": "Papua", "provinsi_geojson": "Papua Barat", "jenis_geo": "Kabupaten", "label": "Kab. Pegunungan Arfak", "kode_bps": "9112", "geo_key": "pegunungan arfak", "name_geojson": "Kabupaten Pegunungan Arfak", "peringkat_nasional": 7, "peringkat_provinsi": 2, "kelas_jenks": 5, "kelas_kuantil": 5 }, "geometry": { "type": "MultiPolygon", "coordinates": [ [ [ [ 133.4809, -1.0099 ], [ 133.4458, -1.0252 ], [ 133.4317, -1.1793 ], [ 133.3677, -1.2251 ], [ 133.2424, -1.1846 ], [ 133.23, -1.2382 ], [ 133.3237, -1.2791 ], [ 133.3236, -1.2883 ], [ 133.3601, -1.3095 ], [ 133.3767, -1.3094 ], [ 133.4738, -1.3349 ], [ 133.4749, -1.3783 ], [ 133.4686, -1.4143 ], [ 133.4872, -1.4989 ], [ 133.5755, -1.513 ], [ 133.6724, -1.4587 ], [ 133.6976, -1.409 ], [ 133.6928, -1.4835 ], [ 133.6814, -1.5317 ], [ 133.732, -1.5098 ], [ 133.8149, -1.5434 ], [ 133.8534, -1.5274 ], [ 133.9168, -1.5353 ], [ 133.9372, -1.5085 ], [ 134.0521, -1.4416 ], [ 134.0796, -1.4164 ], [ 134.0477, -1.3805 ], [ 134.083, -1.2963 ], [ 134.0494, -1.2573 ], [ 134.0365, -1.2565 ], [ 134.0174, -1.2386 ], [ 133.9616, -1.1839 ], [ 133.9183, -1.1637 ], [ 133.8915, -1.0237 ], [ 133.7893, -1.0737 ], [ 133.7803, -1.1282 ], [ 133.7678, -1.1153 ], [ 133.7111, -1.1226 ], [ 133.6704, -1.0458 ], [ 133.5993, -1.0595 ], [ 133.5769, -1.0652 ], [ 133.5335, -1.0366 ], [ 133.498, -1.0433 ], [ 133.4809, -1.0099 ] ] ] ] } },
{ "type": "Feature", "properties": { "balita": 7923.0, "u5mr": 46.0, "kabkota": "Teluk Bintuni", "jenis": "Kabupaten", "provinsi": "PAPUA BARAT", "pulau": "Papua", "provinsi_geojson": "Papua Barat", "jenis_geo": "Kabupaten", "label": "Kab. Teluk Bintuni", "kode_bps": "9104", "geo_key": "teluk bintuni", "name_geojson": "Kabupaten Teluk Bintuni", "peringkat_nasional": 22, "peringkat_provinsi": 3, "kelas_jenks": 5, "kelas_kuantil": 5 }, "geometry": { "type": "MultiPolygon", "coordinates": [ [ [ [ 133.8386, -2.3954 ], [ 133.8991, -2.4764 ], [ 133.9554, -2.4648 ], [ 133.9412, -2.396 ], [ 133.8386, -2.3954 ] ] ], [ [ [ 133.2246, -1.2545 ], [ 133.1991, -1.2433 ], [ 133.15, -1.253 ], [ 133.1174, -1.2904 ], [ 133.0892, -1.2894 ], [ 133.0569, -1.3119 ], [ 133.0375, -1.3175 ], [ 132.9742, -1.3355 ], [ 132.915, -1.2865 ], [ 132.9087, -1.3038 ], [ 132.8969, -1.3873 ], [ 132.8239, -1.5638 ], [ 132.7871, -1.573 ], [ 132.7382, -1.8581 ], [ 132.7332, -1.8771 ], [ 132.7243, -1.8774 ], [ 132.6891, -1.883 ], [ 132.6448, -1.8799 ], [ 132.6372, -1.9041 ], [ 132.6539, -2.0361 ], [ 132.6816, -2.0809 ], [ 132.6857, -2.0963 ], [ 132.6505, -2.0897 ], [ 132.6372, -2.1482 ], [ 132.6208, -2.1761 ], [ 132.6056, -2.1796 ], [ 132.5986, -2.1944 ], [ 132.6258, -2.2674 ], [ 132.6439, -2.2881 ], [ 132.7122, -2.2984 ], [ 132.8388, -2.2426 ], [ 132.9597, -2.2917 ], [ 133.0299, -2.2389 ], [ 133.1778, -2.1942 ], [ 133.325, -2.2191 ], [ 133.6215, -2.2317 ], [ 133.7194, -2.1623 ], [ 133.7528, -2.1689 ], [ 133.9475, -2.0818 ], [ 133.9419, -2.2322 ], [ 134.0004, -2.2486 ], [ 133.9561, -2.467 ], [ 133.9055, -2.4826 ], [ 133.8391, -2.4521 ], [ 133.7836, -2.49 ], [ 133.8085, -2.5439 ], [ 133.8049, -2.6466 ], [ 133.69, -2.616 ], [ 133.6381, -2.5318 ], [ 133.5607, -2.5779 ], [ 133.5286, -2.6421 ], [ 133.4628, -2.632 ], [ 133.3972, -2.6905 ], [ 133.3728, -2.6201 ], [ 133.3766, -2.5099 ], [ 133.2749, -2.4277 ], [ 133.2167, -2.4115 ], [ 133.127, -2.4368 ], [ 133.0423, -2.4961 ], [ 133.0168, -2.5946 ], [ 133.0575, -2.6262 ], [ 133.0835, -2.7344 ], [ 133.2132, -2.8019 ], [ 133.1816, -2.913 ], [ 133.2092, -2.9389 ], [ 133.2467, -2.9623 ], [ 133.2989, -2.9843 ], [ 133.3444, -2.9933 ], [ 133.3988, -2.9913 ], [ 133.4871, -3.06 ], [ 133.5709, -3.0405 ], [ 133.6046, -2.9729 ], [ 133.731, -2.8844 ], [ 133.7782, -2.8086 ], [ 133.8095, -2.8069 ], [ 133.868, -2.8099 ], [ 133.897, -2.8019 ], [ 133.9897, -2.8517 ], [ 134.0215, -2.8137 ], [ 134.023, -2.8287 ], [ 134.0635, -2.9277 ], [ 134.121, -2.9567 ], [ 134.1684, -3.0194 ], [ 134.2038, -3.0777 ], [ 134.2561, -3.1184 ], [ 134.2731, -3.1147 ], [ 134.2833, -3.0654 ], [ 134.3598, -2.9529 ], [ 134.3081, -2.7977 ], [ 134.2742, -2.7451 ], [ 134.2459, -2.6079 ], [ 134.1237, -2.484 ], [ 134.1047, -2.3092 ], [ 134.077, -2.1959 ], [ 134.0543, -1.889 ], [ 134.0326, -1.854 ], [ 134.0084, -1.8384 ], [ 133.9952, -1.8416 ], [ 133.9393, -1.8491 ], [ 133.9175, -1.8527 ], [ 133.8767, -1.8389 ], [ 133.9078, -1.7968 ], [ 133.8852, -1.7523 ], [ 133.889, -1.713 ], [ 133.8632, -1.6955 ], [ 133.7555, -1.6222 ], [ 133.732, -1.6329 ], [ 133.7088, -1.6212 ], [ 133.6625, -1.6135 ], [ 133.6971, -1.6185 ], [ 133.7002, -1.5342 ], [ 133.6814, -1.5317 ], [ 133.6928, -1.4835 ], [ 133.6976, -1.409 ], [ 133.6724, -1.4587 ], [ 133.5755, -1.513 ], [ 133.4872, -1.4989 ], [ 133.4686, -1.4143 ], [ 133.4749, -1.3783 ], [ 133.4738, -1.3349 ], [ 133.3767, -1.3094 ], [ 133.3601, -1.3095 ], [ 133.3236, -1.2883 ], [ 133.3237, -1.2791 ], [ 133.2246, -1.2545 ] ] ] ] } },
{ "type": "Feature", "properties": { "balita": 6394.0, "u5mr": 59.77, "kabkota": "Teluk Wondama", "jenis": "Kabupaten", "provinsi": "PAPUA BARAT", "pulau": "Papua", "provinsi_geojson": "Papua Barat", "jenis_geo": "Kabupaten", "label": "Kab. Teluk Wondama", "kode_bps": "9103", "geo_key": "teluk wondama", "name_geojson": "Kabupaten Teluk Wondama", "peringkat_nasional": 2, "peringkat_provinsi": 1, "kelas_jenks": 5, "kelas_kuantil": 5 }, "geometry": { "type": "MultiPolygon", "coordinates": [ [ [ [ 134.3627, -2.0022 ], [ 134.3157, -2.0785 ], [ 134.368, -2.141 ], [ 134.4125, -2.0421 ], [ 134.3627, -2.0022 ] ] ], [ [ [ 134.1019, -1.766 ], [ 134.0783, -1.8023 ], [ 134.0403, -1.8316 ], [ 134.0084, -1.8384 ], [ 134.0326, -1.854 ], [ 134.0543, -1.889 ], [ 134.077, -2.1959 ], [ 134.1047, -2.3092 ], [ 134.1237, -2.484 ], [ 134.2459, -2.6079 ], [ 134.2742, -2.7451 ], [ 134.3081, -2.7977 ], [ 134.3598, -2.9529 ], [ 134.2833, -3.0654 ], [ 134.2731, -3.1147 ], [ 134.2561, -3.1184 ], [ 134.2038, -3.0777 ], [ 134.1973, -3.1086 ], [ 134.1969, -3.1455 ], [ 134.2231, -3.242 ], [ 134.2898, -3.3874 ], [ 134.3449, -3.4701 ], [ 134.3931, -3.4616 ], [ 134.502, -3.4991 ], [ 134.5511, -3.4792 ], [ 134.5979, -3.4322 ], [ 134.6146, -3.3896 ], [ 134.6025, -3.3216 ], [ 134.6548, -3.3144 ], [ 134.6939, -3.3082 ], [ 134.6937, -3.2912 ], [ 134.6822, -3.203 ], [ 134.6146, -3.1375 ], [ 134.6314, -3.0514 ], [ 134.5853, -2.8027 ], [ 134.6614, -2.7563 ], [ 134.6507, -2.5319 ], [ 134.533, -2.4492 ], [ 134.4608, -2.5494 ], [ 134.4974, -2.6601 ], [ 134.5143, -2.8334 ], [ 134.4467, -2.8102 ], [ 134.3491, -2.6239 ], [ 134.3392, -2.5512 ], [ 134.2135, -2.4189 ], [ 134.1355, -2.2371 ], [ 134.1019, -2.0519 ], [ 134.1428, -1.9933 ], [ 134.1019, -1.766 ] ] ], [ [ [ 134.2205, -1.743 ], [ 134.1481, -1.8273 ], [ 134.1912, -1.9042 ], [ 134.2205, -1.743 ] ] ] ] } },
{ "type": "Feature", "properties": { "balita": 6914.0, "u5mr": 56.6, "kabkota": "Maybrat", "jenis": "Kabupaten", "provinsi": "PAPUA BARAT DAYA", "pulau": "Papua", "provinsi_geojson": "Papua Barat Daya", "jenis_geo": "Kabupaten", "label": "Kab. Maybrat", "kode_bps": "9204", "geo_key": "maybrat", "name_geojson": "Kabupaten Maybrat", "peringkat_nasional": 5, "peringkat_provinsi": 2, "kelas_jenks": 5, "kelas_kuantil": 5 }, "geometry": { "type": "MultiPolygon", "coordinates": [ [ [ [ 132.3134, -0.9529 ], [ 132.2224, -0.9603 ], [ 132.2169, -1.0197 ], [ 132.2077, -1.0573 ], [ 132.1907, -1.0709 ], [ 132.136, -1.1003 ], [ 132.0801, -1.0795 ], [ 132.0842, -1.1152 ], [ 132.0873, -1.1723 ], [ 132.0763, -1.2062 ], [ 132.1146, -1.3239 ], [ 132.256, -1.4174 ], [ 132.3481, -1.5259 ], [ 132.4407, -1.6055 ], [ 132.4006, -1.6839 ], [ 132.4386, -1.8246 ], [ 132.5223, -1.8202 ], [ 132.6292, -1.867 ], [ 132.6448, -1.8799 ], [ 132.6891, -1.883 ], [ 132.7243, -1.8774 ], [ 132.7332, -1.8771 ], [ 132.7382, -1.8581 ], [ 132.7871, -1.573 ], [ 132.8239, -1.5638 ], [ 132.8969, -1.3873 ], [ 132.9087, -1.3038 ], [ 132.8487, -1.257 ], [ 132.834, -1.236 ], [ 132.8097, -1.2111 ], [ 132.786, -1.1486 ], [ 132.6923, -1.176 ], [ 132.5642, -1.1064 ], [ 132.6125, -1.0564 ], [ 132.5788, -1.0049 ], [ 132.505, -1.0323 ], [ 132.4294, -1.018 ], [ 132.3134, -0.9529 ] ] ] ] } },
{ "type": "Feature", "properties": { "balita": 9028.0, "u5mr": 48.82, "kabkota": "Raja Ampat", "jenis": "Kabupaten", "provinsi": "PAPUA BARAT DAYA", "pulau": "Papua", "provinsi_geojson": "Papua Barat Daya", "jenis_geo": "Kabupaten", "label": "Kab. Raja Ampat", "kode_bps": "9201", "geo_key": "raja ampat", "name_geojson": "Kabupaten Raja Ampat", "peringkat_nasional": 16, "peringkat_provinsi": 3, "kelas_jenks": 5, "kelas_kuantil": 5 }, "geometry": { "type": "MultiPolygon", "coordinates": [ [ [ [ 130.3391, -1.6737 ], [ 130.1952, -1.7172 ], [ 130.0574, -1.7251 ], [ 129.8995, -1.7847 ], [ 129.8663, -1.8255 ], [ 129.7534, -1.8459 ], [ 129.7305, -1.9006 ], [ 129.8604, -1.9754 ], [ 129.9907, -2.0173 ], [ 130.0268, -2.0082 ], [ 130.187, -2.0644 ], [ 130.2663, -2.0536 ], [ 130.3241, -1.9699 ], [ 130.4128, -1.9894 ], [ 130.4085, -1.8973 ], [ 130.4442, -1.8308 ], [ 130.3731, -1.7588 ], [ 130.3391, -1.6737 ] ] ], [ [ [ 129.8654, -1.1445 ], [ 129.7958, -1.2046 ], [ 129.8669, -1.2379 ], [ 129.9281, -1.1858 ], [ 129.8654, -1.1445 ] ] ], [ [ [ 131.0345, -1.1953 ], [ 131.0742, -1.0424 ], [ 131.0312, -0.9115 ], [ 130.9397, -0.9411 ], [ 130.8483, -0.8959 ], [ 130.6348, -0.9803 ], [ 130.7328, -1.07 ], [ 130.8639, -1.1327 ], [ 130.955, -1.1432 ], [ 131.0345, -1.1953 ] ] ], [ [ [ 130.7989, -0.7592 ], [ 130.7238, -0.827 ], [ 130.6701, -0.7984 ], [ 130.4575, -0.8525 ], [ 130.4245, -0.8895 ], [ 130.6106, -0.9119 ], [ 130.874, -0.8333 ], [ 130.7989, -0.7592 ] ] ], [ [ [ 130.6055, -0.4009 ], [ 130.5955, -0.5244 ], [ 130.6905, -0.4624 ], [ 130.6055, -0.4009 ] ] ], [ [ [ 130.7746, -0.009 ], [ 130.6551, -0.0597 ], [ 130.5042, -0.0693 ], [ 130.4127, -0.1146 ], [ 130.3625, -0.0831 ], [ 130.281, -0.1124 ], [ 130.3026, -0.1738 ], [ 130.4414, -0.1951 ], [ 130.4301, -0.2609 ], [ 130.5348, -0.2574 ], [ 130.5743, -0.3188 ], [ 130.6786, -0.2924 ], [ 130.7265, -0.4392 ], [ 130.793, -0.4423 ], [ 130.9276, -0.3787 ], [ 130.9193, -0.3058 ], [ 130.853, -0.31 ], [ 130.8269, -0.2881 ], [ 130.7303, -0.2945 ], [ 130.6942, -0.1979 ], [ 130.7221, -0.1373 ], [ 130.7766, -0.1536 ], [ 130.8, -0.242 ], [ 130.8609, -0.2321 ], [ 130.8989, -0.2702 ], [ 130.9415, -0.342 ], [ 130.9933, -0.3566 ], [ 131.1024, -0.3223 ], [ 131.1932, -0.342 ], [ 131.2416, -0.3809 ], [ 131.3107, -0.2984 ], [ 131.2994, -0.1599 ], [ 131.1939, -0.1296 ], [ 131.1332, -0.0707 ], [ 130.7746, -0.009 ] ] ], [ [ [ 130.0951, 0.0116 ], [ 130.1148, -0.0886 ], [ 130.1658, -0.0662 ], [ 130.0951, 0.0116 ] ] ] ] } },
{ "type": "Feature", "properties": { "balita": 11424.0, "u5mr": 31.58, "kabkota": "Sorong", "jenis": "Kabupaten", "provinsi": "PAPUA BARAT DAYA", "pulau": "Papua", "provinsi_geojson": "Papua Barat Daya", "jenis_geo": "Kabupaten", "label": "Kab. Sorong", "kode_bps": "9202", "geo_key": "sorong", "name_geojson": "Kabupaten Sorong", "peringkat_nasional": 60, "peringkat_provinsi": 5, "kelas_jenks": 3, "kelas_kuantil": 5 }, "geometry": { "type": "MultiPolygon", "coordinates": [ [ [ [ 131.7142, -1.4276 ], [ 131.5941, -1.4642 ], [ 131.6273, -1.5398 ], [ 131.7178, -1.5211 ], [ 131.7142, -1.4276 ] ] ], [ [ [ 130.7328, -1.07 ], [ 130.6905, -1.0973 ], [ 130.738, -1.2166 ], [ 130.8122, -1.2678 ], [ 130.8581, -1.3452 ], [ 130.9008, -1.3202 ], [ 130.9609, -1.3595 ], [ 131.0442, -1.2408 ], [ 131.0345, -1.1953 ], [ 130.955, -1.1432 ], [ 130.8639, -1.1327 ], [ 130.7328, -1.07 ] ] ], [ [ [ 131.8827, -0.7245 ], [ 131.8628, -0.7553 ], [ 131.8154, -0.7703 ], [ 131.7751, -0.8056 ], [ 131.7605, -0.7998 ], [ 131.7457, -0.7305 ], [ 131.5441, -0.7708 ], [ 131.5253, -0.7273 ], [ 131.3573, -0.7818 ], [ 131.3709, -0.874 ], [ 131.3602, -0.8799 ], [ 131.4404, -0.9028 ], [ 131.4346, -0.9697 ], [ 131.3627, -0.962 ], [ 131.2977, -0.9156 ], [ 131.2397, -1.0281 ], [ 131.249, -1.0828 ], [ 131.1777, -1.2189 ], [ 131.0506, -1.2546 ], [ 130.9996, -1.3813 ], [ 130.9965, -1.4571 ], [ 131.1648, -1.4629 ], [ 131.2054, -1.5209 ], [ 131.2831, -1.5037 ], [ 131.3337, -1.4306 ], [ 131.2687, -1.3821 ], [ 131.3322, -1.3393 ], [ 131.4693, -1.5026 ], [ 131.588, -1.4532 ], [ 131.7144, -1.4241 ], [ 131.7781, -1.5735 ], [ 131.8217, -1.4792 ], [ 131.8052, -1.4193 ], [ 131.8334, -1.3467 ], [ 131.8958, -1.2825 ], [ 131.8437, -1.1963 ], [ 131.901, -1.0998 ], [ 131.9303, -1.0544 ], [ 131.9578, -1.0652 ], [ 132.0302, -1.0562 ], [ 132.0288, -1.0722 ], [ 132.0627, -1.0786 ], [ 132.0631, -1.0858 ], [ 132.0801, -1.0795 ], [ 132.136, -1.1003 ], [ 132.1907, -1.0709 ], [ 132.2077, -1.0573 ], [ 132.2169, -1.0197 ], [ 132.2224, -0.9603 ], [ 132.2328, -0.8714 ], [ 132.2586, -0.802 ], [ 132.2098, -0.8206 ], [ 132.1927, -0.8014 ], [ 132.1138, -0.7835 ], [ 132.0846, -0.7425 ], [ 131.9794, -0.7274 ], [ 131.8827, -0.7245 ] ] ] ] } },
{ "type": "Feature", "properties": { "balita": 6739.0, "u5mr": 46.74, "kabkota": "Sorong Selatan", "jenis": "Kabupaten", "provinsi": "PAPUA BARAT DAYA", "pulau": "Papua", "provinsi_geojson": "Papua Barat Daya", "jenis_geo": "Kabupaten", "label": "Kab. Sorong Selatan", "kode_bps": "9203", "geo_key": "sorong selatan", "name_geojson": "Kabupaten Sorong Selatan", "peringkat_nasional": 18, "peringkat_provinsi": 4, "kelas_jenks": 5, "kelas_kuantil": 5 }, "geometry": { "type": "MultiPolygon", "coordinates": [ [ [ [ 131.9303, -1.0544 ], [ 131.901, -1.0998 ], [ 131.8437, -1.1963 ], [ 131.8958, -1.2825 ], [ 131.8334, -1.3467 ], [ 131.8052, -1.4193 ], [ 131.8217, -1.4792 ], [ 131.7781, -1.5735 ], [ 131.8484, -1.5857 ], [ 131.9143, -1.7187 ], [ 132.0138, -1.7471 ], [ 131.9216, -1.8137 ], [ 131.968, -1.9643 ], [ 132.0414, -2.0264 ], [ 132.0419, -2.0752 ], [ 132.143, -2.149 ], [ 132.2361, -2.1925 ], [ 132.3165, -2.2837 ], [ 132.5201, -2.1969 ], [ 132.5988, -2.1988 ], [ 132.6043, -2.1812 ], [ 132.6208, -2.1761 ], [ 132.6372, -2.1482 ], [ 132.6505, -2.0897 ], [ 132.6857, -2.0963 ], [ 132.6816, -2.0809 ], [ 132.6539, -2.0361 ], [ 132.6372, -1.9041 ], [ 132.6292, -1.867 ], [ 132.5223, -1.8202 ], [ 132.4386, -1.8246 ], [ 132.4006, -1.6839 ], [ 132.4407, -1.6055 ], [ 132.3481, -1.5259 ], [ 132.256, -1.4174 ], [ 132.1146, -1.3239 ], [ 132.0763, -1.2062 ], [ 132.0873, -1.1723 ], [ 132.0842, -1.1152 ], [ 132.0631, -1.0858 ], [ 132.0627, -1.0786 ], [ 132.0288, -1.0722 ], [ 132.0302, -1.0562 ], [ 131.9578, -1.0652 ], [ 131.9303, -1.0544 ] ] ] ] } },
{ "type": "Feature", "properties": { "balita": 4970.0, "u5mr": 57.1, "kabkota": "Tambrauw", "jenis": "Kabupaten", "provinsi": "PAPUA BARAT DAYA", "pulau": "Papua", "provinsi_geojson": "Papua Barat Daya", "jenis_geo": "Kabupaten", "label": "Kab. Tambrauw", "kode_bps": "9205", "geo_key": "tambrauw", "name_geojson": "Kabupaten Tambrauw", "peringkat_nasional": 4, "peringkat_provinsi": 1, "kelas_jenks": 5, "kelas_kuantil": 5 }, "geometry": { "type": "MultiPolygon", "coordinates": [ [ [ [ 133.4858, -0.7406 ], [ 133.3862, -0.7382 ], [ 133.3192, -0.6973 ], [ 133.2356, -0.6053 ], [ 133.1145, -0.5526 ], [ 133.0799, -0.5171 ], [ 132.9709, -0.4934 ], [ 132.7937, -0.4145 ], [ 132.7154, -0.362 ], [ 132.5125, -0.3604 ], [ 132.4202, -0.3447 ], [ 132.3383, -0.3856 ], [ 132.17, -0.4271 ], [ 132.0945, -0.4803 ], [ 132.0696, -0.5423 ], [ 131.9756, -0.5795 ], [ 131.8442, -0.7075 ], [ 131.7457, -0.7305 ], [ 131.7605, -0.7998 ], [ 131.7751, -0.8056 ], [ 131.8154, -0.7703 ], [ 131.8628, -0.7553 ], [ 131.8827, -0.7245 ], [ 131.9794, -0.7274 ], [ 132.0846, -0.7425 ], [ 132.1138, -0.7835 ], [ 132.1927, -0.8014 ], [ 132.2098, -0.8206 ], [ 132.2586, -0.802 ], [ 132.2328, -0.8714 ], [ 132.3134, -0.9529 ], [ 132.4294, -1.018 ], [ 132.505, -1.0323 ], [ 132.5788, -1.0049 ], [ 132.6125, -1.0564 ], [ 132.5642, -1.1064 ], [ 132.6923, -1.176 ], [ 132.786, -1.1486 ], [ 132.8097, -1.2111 ], [ 132.834, -1.236 ], [ 132.8487, -1.257 ], [ 132.915, -1.2865 ], [ 132.9742, -1.3355 ], [ 133.0375, -1.3175 ], [ 133.0569, -1.3119 ], [ 133.0892, -1.2894 ], [ 133.1174, -1.2904 ], [ 133.154, -1.251 ], [ 133.1966, -1.2406 ], [ 133.2246, -1.2545 ], [ 133.23, -1.2382 ], [ 133.2424, -1.1846 ], [ 133.3677, -1.2251 ], [ 133.4317, -1.1793 ], [ 133.4458, -1.0252 ], [ 133.4572, -0.8764 ], [ 133.4469, -0.8766 ], [ 133.4371, -0.8058 ], [ 133.4858, -0.7406 ] ] ] ] } },
{ "type": "Feature", "properties": { "balita": 26692.0, "u5mr": 21.56, "kabkota": "Kota Sorong", "jenis": "Kota", "provinsi": "PAPUA BARAT DAYA", "pulau": "Papua", "provinsi_geojson": "Papua Barat Daya", "jenis_geo": "Kota", "label": "Kota Sorong", "kode_bps": "9271", "geo_key": "kota sorong", "name_geojson": "Kota Sorong", "peringkat_nasional": 172, "peringkat_provinsi": 6, "kelas_jenks": 2, "kelas_kuantil": 4 }, "geometry": { "type": "MultiPolygon", "coordinates": [ [ [ [ 131.3709, -0.874 ], [ 131.3559, -0.782 ], [ 131.2247, -0.8221 ], [ 131.2416, -0.8768 ], [ 131.3756, -0.9517 ], [ 131.3602, -0.8799 ], [ 131.3709, -0.874 ] ] ] ] } },
{ "type": "Feature", "properties": { "balita": 9104.0, "u5mr": 56.24, "kabkota": "Pegunungan Bintang", "jenis": "Kabupaten", "provinsi": "PAPUA PEGUNUNGAN", "pulau": "Papua", "provinsi_geojson": "Papua Pegunungan", "jenis_geo": "Kabupaten", "label": "Kab. Pegunungan Bintang", "kode_bps": "9708", "geo_key": "pegunungan bintang", "name_geojson": "Kab Pegunungan Bintang", "peringkat_nasional": 6, "peringkat_provinsi": 2, "kelas_jenks": 5, "kelas_kuantil": 5 }, "geometry": { "type": "MultiPolygon", "coordinates": [ [ [ [ 139.9757, -4.4755 ], [ 139.9583, -4.5417 ], [ 140.0646, -4.5186 ], [ 140.1052, -4.5813 ], [ 140.0883, -4.686 ], [ 140.0526, -4.6558 ], [ 140.0223, -4.6433 ], [ 139.9867, -4.6508 ], [ 139.983, -4.6771 ], [ 140.0203, -4.6512 ], [ 140.05, -4.6587 ], [ 140.0331, -4.7197 ], [ 140.0293, -4.7827 ], [ 140.0509, -4.9227 ], [ 140.06, -5.0495 ], [ 140.1099, -5.0293 ], [ 140.1118, -5.0551 ], [ 140.238, -5.0475 ], [ 140.2751, -5.1191 ], [ 140.3036, -5.1423 ], [ 140.3101, -5.1576 ], [ 140.3521, -5.1747 ], [ 140.3875, -5.1962 ], [ 140.4691, -5.2196 ], [ 140.522, -5.242 ], [ 140.6338, -5.2648 ], [ 140.7253, -5.2323 ], [ 140.7366, -5.2792 ], [ 141.0006, -5.3444 ], [ 141.0012, -4.0196 ], [ 140.9835, -4.0081 ], [ 140.9736, -3.9824 ], [ 140.9147, -3.9697 ], [ 140.8101, -3.9953 ], [ 140.8123, -4.013 ], [ 140.7787, -4.0001 ], [ 140.6103, -4.0619 ], [ 140.5886, -4.116 ], [ 140.5689, -4.0973 ], [ 140.5189, -4.0637 ], [ 140.4707, -3.9652 ], [ 140.4273, -3.9312 ], [ 140.4051, -3.7848 ], [ 140.5346, -3.8153 ], [ 140.5047, -3.9508 ], [ 140.5669, -3.9447 ], [ 140.5851, -3.9211 ], [ 140.5962, -3.9288 ], [ 140.5847, -3.9307 ], [ 140.618, -3.9541 ], [ 140.6444, -3.9587 ], [ 140.7302, -3.9124 ], [ 140.7703, -3.9587 ], [ 140.8436, -3.9249 ], [ 140.8239, -3.8944 ], [ 140.767, -3.8737 ], [ 140.7011, -3.8387 ], [ 140.667, -3.7903 ], [ 140.6261, -3.7838 ], [ 140.5291, -3.7799 ], [ 140.4586, -3.7665 ], [ 140.4241, -3.7463 ], [ 140.3842, -3.7365 ], [ 140.3735, -3.7447 ], [ 140.3513, -3.739 ], [ 140.3212, -3.7436 ], [ 140.273, -3.6702 ], [ 140.1981, -3.6972 ], [ 140.1356, -3.6965 ], [ 140.1611, -3.7653 ], [ 140.1524, -3.9565 ], [ 140.1193, -4.0566 ], [ 140.1169, -4.3067 ], [ 140.0878, -4.3529 ], [ 139.9793, -4.3241 ], [ 139.9517, -4.3526 ], [ 139.9757, -4.4755 ] ] ] ] } },
{ "type": "Feature", "properties": { "balita": 25254.0, "u5mr": 34.31, "kabkota": "Jayawijaya", "jenis": "Kabupaten", "provinsi": "PAPUA PEGUNUNGAN", "pulau": "Papua", "provinsi_geojson": "Papua Pegunungan", "jenis_geo": "Kabupaten", "label": "Kab. Jayawijaya", "kode_bps": "9702", "geo_key": "jayawijaya", "name_geojson": "Kabupaten Jayawijaya", "peringkat_nasional": 52, "peringkat_provinsi": 8, "kelas_jenks": 4, "kelas_kuantil": 5 }, "geometry": { "type": "MultiPolygon", "coordinates": [ [ [ [ 138.7237, -3.7763 ], [ 138.6345, -3.7668 ], [ 138.6594, -3.8429 ], [ 138.7207, -3.8825 ], [ 138.7274, -3.9822 ], [ 138.7393, -4.0189 ], [ 138.695, -4.0434 ], [ 138.6388, -4.2571 ], [ 138.5835, -4.4095 ], [ 138.6267, -4.4739 ], [ 138.7572, -4.4784 ], [ 138.7673, -4.414 ], [ 138.7221, -4.3515 ], [ 138.7404, -4.3173 ], [ 138.7774, -4.246 ], [ 138.7934, -4.2214 ], [ 138.8343, -4.2404 ], [ 138.8728, -4.2549 ], [ 138.9257, -4.2278 ], [ 139.0617, -4.1929 ], [ 139.2088, -4.1615 ], [ 139.2126, -4.139 ], [ 139.1891, -4.0613 ], [ 139.2022, -3.9972 ], [ 139.1162, -3.9465 ], [ 139.0719, -3.9344 ], [ 139.0255, -3.9654 ], [ 138.9466, -3.896 ], [ 138.9019, -3.8647 ], [ 138.8934, -3.8105 ], [ 138.7903, -3.8092 ], [ 138.7237, -3.7763 ] ] ] ] } },
{ "type": "Feature", "properties": { "balita": 22179.0, "u5mr": 48.94, "kabkota": "Lanny Jaya", "jenis": "Kabupaten", "provinsi": "PAPUA PEGUNUNGAN", "pulau": "Papua", "provinsi_geojson": "Papua Pegunungan", "jenis_geo": "Kabupaten", "label": "Kab. Lanny Jaya", "kode_bps": "9703", "geo_key": "lanny jaya", "name_geojson": "Kabupaten Lanny Jaya", "peringkat_nasional": 15, "peringkat_provinsi": 5, "kelas_jenks": 5, "kelas_kuantil": 5 }, "geometry": { "type": "MultiPolygon", "coordinates": [ [ [ [ 138.5901, -3.8091 ], [ 138.4845, -3.7853 ], [ 138.372, -3.76 ], [ 138.3821, -3.7764 ], [ 138.3539, -3.8256 ], [ 138.318, -3.8378 ], [ 138.2362, -3.8691 ], [ 138.1532, -3.9111 ], [ 138.0857, -3.908 ], [ 138.0795, -3.8733 ], [ 138.0565, -3.8878 ], [ 137.9629, -3.9323 ], [ 137.9602, -4.0294 ], [ 137.9878, -4.0902 ], [ 137.9839, -4.1091 ], [ 138.0055, -4.1205 ], [ 138.0264, -4.091 ], [ 138.0763, -4.0795 ], [ 138.1789, -4.0606 ], [ 138.2081, -4.0233 ], [ 138.2773, -4.0665 ], [ 138.3537, -4.0639 ], [ 138.4942, -4.0968 ], [ 138.5104, -4.0984 ], [ 138.5524, -4.1243 ], [ 138.655, -4.1706 ], [ 138.6428, -4.2357 ], [ 138.695, -4.0434 ], [ 138.7393, -4.0189 ], [ 138.7274, -3.9822 ], [ 138.7207, -3.8825 ], [ 138.6594, -3.8429 ], [ 138.6345, -3.7668 ], [ 138.5758, -3.7748 ], [ 138.5901, -3.8091 ] ] ] ] } },
{ "type": "Feature", "properties": { "balita": 5115.0, "u5mr": 39.36, "kabkota": "Mamberamo Tengah", "jenis": "Kabupaten", "provinsi": "PAPUA PEGUNUNGAN", "pulau": "Papua", "provinsi_geojson": "Papua Pegunungan", "jenis_geo": "Kabupaten", "label": "Kab. Mamberamo Tengah", "kode_bps": "9705", "geo_key": "mamberamo tengah", "name_geojson": "Kabupaten Mamberamo Tengah", "peringkat_nasional": 31, "peringkat_provinsi": 7, "kelas_jenks": 4, "kelas_kuantil": 5 }, "geometry": { "type": "MultiPolygon", "coordinates": [ [ [ [ 138.8776, -3.3294 ], [ 138.9106, -3.2731 ], [ 138.913, -3.2526 ], [ 138.8446, -3.3753 ], [ 138.7147, -3.5052 ], [ 138.7449, -3.6195 ], [ 138.7227, -3.6725 ], [ 138.6467, -3.7117 ], [ 138.6122, -3.7427 ], [ 138.7237, -3.7763 ], [ 138.7903, -3.8092 ], [ 138.8934, -3.8105 ], [ 138.9019, -3.8647 ], [ 138.9477, -3.8624 ], [ 138.9676, -3.8108 ], [ 138.9831, -3.816 ], [ 139.0121, -3.835 ], [ 139.0285, -3.8593 ], [ 139.1201, -3.8151 ], [ 139.1286, -3.8034 ], [ 139.1268, -3.7882 ], [ 139.1051, -3.7481 ], [ 139.2086, -3.7406 ], [ 139.2631, -3.7713 ], [ 139.2886, -3.6671 ], [ 139.4178, -3.6004 ], [ 139.4636, -3.4602 ], [ 139.3735, -3.4359 ], [ 139.3566, -3.4829 ], [ 139.138, -3.4187 ], [ 139.1246, -3.3771 ], [ 139.1031, -3.3644 ], [ 139.0837, -3.3352 ], [ 139.0527, -3.2802 ], [ 138.8931, -3.4029 ], [ 138.8776, -3.3294 ] ] ] ] } },
{ "type": "Feature", "properties": { "balita": 11175.0, "u5mr": 64.07, "kabkota": "Nduga", "jenis": "Kabupaten", "provinsi": "PAPUA PEGUNUNGAN", "pulau": "Papua", "provinsi_geojson": "Papua Pegunungan", "jenis_geo": "Kabupaten", "label": "Kab. Nduga", "kode_bps": "9701", "geo_key": "nduga", "name_geojson": "Kabupaten Nduga", "peringkat_nasional": 1, "peringkat_provinsi": 1, "kelas_jenks": 5, "kelas_kuantil": 5 }, "geometry": { "type": "MultiPolygon", "coordinates": [ [ [ [ 138.7918, -4.2674 ], [ 138.7404, -4.3173 ], [ 138.7221, -4.3515 ], [ 138.7869, -4.3603 ], [ 138.7918, -4.2674 ] ] ], [ [ [ 138.2081, -4.0233 ], [ 138.1789, -4.0606 ], [ 138.0763, -4.0795 ], [ 138.0264, -4.091 ], [ 138.0061, -4.1202 ], [ 137.9799, -4.1214 ], [ 137.954, -4.1657 ], [ 137.925, -4.1625 ], [ 137.8797, -4.1771 ], [ 137.7359, -4.1207 ], [ 137.7293, -4.1578 ], [ 137.7253, -4.2164 ], [ 137.9019, -4.2152 ], [ 137.9707, -4.2221 ], [ 137.9325, -4.4251 ], [ 137.8649, -4.4239 ], [ 137.8338, -4.5 ], [ 137.8295, -4.5413 ], [ 137.9405, -4.6031 ], [ 138.0389, -4.5937 ], [ 138.1329, -4.5889 ], [ 138.1538, -4.676 ], [ 138.3257, -4.6675 ], [ 138.3605, -4.7958 ], [ 138.4005, -4.8119 ], [ 138.5712, -4.7935 ], [ 138.5723, -4.7072 ], [ 138.603, -4.7239 ], [ 138.7365, -4.7189 ], [ 138.7666, -4.7229 ], [ 138.8187, -4.7083 ], [ 138.8418, -4.6501 ], [ 138.8289, -4.6126 ], [ 138.8109, -4.4316 ], [ 138.8165, -4.3927 ], [ 138.7673, -4.414 ], [ 138.7572, -4.4784 ], [ 138.6267, -4.4739 ], [ 138.5835, -4.4095 ], [ 138.6388, -4.2571 ], [ 138.6428, -4.2357 ], [ 138.655, -4.1706 ], [ 138.5524, -4.1243 ], [ 138.5104, -4.0984 ], [ 138.4942, -4.0968 ], [ 138.3537, -4.0639 ], [ 138.2773, -4.0665 ], [ 138.2081, -4.0233 ] ] ] ] } },
{ "type": "Feature", "properties": { "balita": 23234.0, "u5mr": 51.63, "kabkota": "Tolikara", "jenis": "Kabupaten", "provinsi": "PAPUA PEGUNUNGAN", "pulau": "Papua", "provinsi_geojson": "Papua Pegunungan", "jenis_geo": "Kabupaten", "label": "Kab. Tolikara", "kode_bps": "9704", "geo_key": "tolikara", "name_geojson": "Kabupaten Tolikara", "peringkat_nasional": 11, "peringkat_provinsi": 4, "kelas_jenks": 5, "kelas_kuantil": 5 }, "geometry": { "type": "MultiPolygon", "coordinates": [ [ [ [ 138.5901, -3.8091 ], [ 138.5758, -3.7748 ], [ 138.6122, -3.7427 ], [ 138.6467, -3.7117 ], [ 138.7227, -3.6725 ], [ 138.7449, -3.6195 ], [ 138.7147, -3.5052 ], [ 138.8446, -3.3753 ], [ 138.9023, -3.2812 ], [ 138.9083, -3.2558 ], [ 138.8776, -3.2255 ], [ 138.8062, -3.2238 ], [ 138.7494, -3.1752 ], [ 138.7031, -3.2008 ], [ 138.6268, -3.3088 ], [ 138.5684, -3.3168 ], [ 138.5265, -3.324 ], [ 138.435, -3.2595 ], [ 138.2614, -3.1894 ], [ 138.2126, -3.2213 ], [ 138.1593, -3.1985 ], [ 138.216, -3.1733 ], [ 138.2318, -3.1683 ], [ 138.2356, -3.1516 ], [ 138.1698, -3.107 ], [ 138.0747, -3.1313 ], [ 138.0719, -3.198 ], [ 138.0752, -3.2257 ], [ 138.1101, -3.2869 ], [ 138.1151, -3.4018 ], [ 138.271, -3.4903 ], [ 138.2548, -3.6196 ], [ 138.2827, -3.7042 ], [ 138.3434, -3.7261 ], [ 138.3821, -3.7764 ], [ 138.372, -3.76 ], [ 138.4845, -3.7853 ], [ 138.5901, -3.8091 ] ] ] ] } },
{ "type": "Feature", "properties": { "balita": 40732.0, "u5mr": 55.05, "kabkota": "Yahukimo", "jenis": "Kabupaten", "provinsi": "PAPUA PEGUNUNGAN", "pulau": "Papua", "provinsi_geojson": "Papua Pegunungan", "jenis_geo": "Kabupaten", "label": "Kab. Yahukimo", "kode_bps": "9707", "geo_key": "yahukimo", "name_geojson": "Kabupaten Yahukimo", "peringkat_nasional": 8, "peringkat_provinsi": 3, "kelas_jenks": 5, "kelas_kuantil": 5 }, "geometry": { "type": "MultiPolygon", "coordinates": [ [ [ [ 139.3278, -4.0921 ], [ 139.3136, -4.0846 ], [ 139.3208, -4.1017 ], [ 139.3278, -4.0921 ] ] ], [ [ [ 139.9757, -4.4755 ], [ 139.9517, -4.3526 ], [ 139.9793, -4.3241 ], [ 140.0878, -4.3529 ], [ 140.1169, -4.3067 ], [ 140.1193, -4.0566 ], [ 140.1524, -3.9565 ], [ 140.1611, -3.7653 ], [ 140.1356, -3.6965 ], [ 140.1008, -3.7079 ], [ 140.0497, -3.728 ], [ 140.0099, -3.7349 ], [ 139.8741, -3.6851 ], [ 139.8401, -3.7105 ], [ 139.8287, -3.7861 ], [ 139.7496, -3.8265 ], [ 139.6705, -3.9204 ], [ 139.6341, -4.0173 ], [ 139.5125, -4.0552 ], [ 139.4639, -4.1096 ], [ 139.3953, -4.0778 ], [ 139.3583, -4.0703 ], [ 139.3278, -4.0921 ], [ 139.3331, -4.1244 ], [ 139.3574, -4.1244 ], [ 139.3293, -4.1387 ], [ 139.2706, -4.1708 ], [ 139.2456, -4.2046 ], [ 139.1958, -4.1786 ], [ 139.0617, -4.1929 ], [ 138.9257, -4.2278 ], [ 138.8728, -4.2549 ], [ 138.8343, -4.2404 ], [ 138.7934, -4.2214 ], [ 138.7774, -4.246 ], [ 138.7918, -4.2674 ], [ 138.7869, -4.3603 ], [ 138.8165, -4.3927 ], [ 138.8109, -4.4316 ], [ 138.8289, -4.6126 ], [ 138.8418, -4.6501 ], [ 138.8187, -4.7083 ], [ 138.8076, -4.767 ], [ 138.8245, -4.7376 ], [ 138.8422, -4.7254 ], [ 138.8476, -4.704 ], [ 138.8591, -4.7069 ], [ 138.8899, -4.6811 ], [ 139.0219, -4.7291 ], [ 138.9553, -4.7863 ], [ 138.949, -4.8137 ], [ 138.994, -4.8336 ], [ 139.0652, -4.8418 ], [ 139.1142, -4.767 ], [ 139.207, -4.7274 ], [ 139.2017, -4.7389 ], [ 139.1683, -4.835 ], [ 139.0776, -4.9863 ], [ 139.2279, -4.9986 ], [ 139.4982, -5.0023 ], [ 139.5792, -5.0527 ], [ 139.9288, -5.0907 ], [ 139.9477, -5.1649 ], [ 139.9189, -5.2053 ], [ 139.8432, -5.1484 ], [ 139.8205, -5.1634 ], [ 139.9221, -5.2171 ], [ 139.9627, -5.2228 ], [ 139.9793, -5.2188 ], [ 139.9833, -5.0918 ], [ 140.0671, -5.159 ], [ 140.1203, -5.1513 ], [ 140.0599, -5.0492 ], [ 140.0509, -4.9227 ], [ 140.0293, -4.7827 ], [ 140.0331, -4.7197 ], [ 140.05, -4.6587 ], [ 140.0203, -4.6512 ], [ 139.983, -4.6771 ], [ 139.9867, -4.6508 ], [ 140.0223, -4.6433 ], [ 140.0526, -4.6558 ], [ 140.0883, -4.686 ], [ 140.1052, -4.5813 ], [ 140.0646, -4.5186 ], [ 139.9583, -4.5417 ], [ 139.9757, -4.4755 ] ] ], [ [ [ 139.904, -3.6167 ], [ 139.9109, -3.6524 ], [ 139.9302, -3.6239 ], [ 139.904, -3.6167 ] ] ] ] } },
{ "type": "Feature", "properties": { "balita": 11329.0, "u5mr": 42.22, "kabkota": "Yalimo", "jenis": "Kabupaten", "provinsi": "PAPUA PEGUNUNGAN", "pulau": "Papua", "provinsi_geojson": "Papua Pegunungan", "jenis_geo": "Kabupaten", "label": "Kab. Yalimo", "kode_bps": "9706", "geo_key": "yalimo", "name_geojson": "Kabupaten Yalimo", "peringkat_nasional": 28, "peringkat_provinsi": 6, "kelas_jenks": 4, "kelas_kuantil": 5 }, "geometry": { "type": "MultiPolygon", "coordinates": [ [ [ [ 139.3583, -4.0703 ], [ 139.3953, -4.0778 ], [ 139.4639, -4.1096 ], [ 139.5125, -4.0552 ], [ 139.6341, -4.0173 ], [ 139.6705, -3.9204 ], [ 139.7496, -3.8265 ], [ 139.8287, -3.7861 ], [ 139.8401, -3.7105 ], [ 139.8741, -3.6851 ], [ 140.0099, -3.7349 ], [ 140.0497, -3.728 ], [ 140.1008, -3.7079 ], [ 140.11, -3.692 ], [ 140.0197, -3.7015 ], [ 139.9894, -3.6575 ], [ 139.9675, -3.6127 ], [ 139.9302, -3.6239 ], [ 139.9109, -3.6524 ], [ 139.8817, -3.6082 ], [ 139.8758, -3.6012 ], [ 139.8388, -3.5881 ], [ 139.8212, -3.5774 ], [ 139.8065, -3.567 ], [ 139.7827, -3.5216 ], [ 139.7371, -3.5484 ], [ 139.7036, -3.6373 ], [ 139.626, -3.6642 ], [ 139.6219, -3.7097 ], [ 139.5951, -3.7272 ], [ 139.5926, -3.7051 ], [ 139.515, -3.6494 ], [ 139.5176, -3.5555 ], [ 139.4664, -3.4933 ], [ 139.4636, -3.4602 ], [ 139.4178, -3.6004 ], [ 139.2886, -3.6671 ], [ 139.2631, -3.7713 ], [ 139.2086, -3.7406 ], [ 139.1051, -3.7481 ], [ 139.1176, -3.762 ], [ 139.1275, -3.8065 ], [ 139.0335, -3.8592 ], [ 139.0193, -3.8532 ], [ 139.0121, -3.835 ], [ 138.9831, -3.816 ], [ 138.9676, -3.8108 ], [ 138.9477, -3.8624 ], [ 138.9466, -3.896 ], [ 139.0255, -3.9654 ], [ 139.0719, -3.9344 ], [ 139.1162, -3.9465 ], [ 139.2022, -3.9972 ], [ 139.1891, -4.0613 ], [ 139.2126, -4.139 ], [ 139.2088, -4.1615 ], [ 139.2456, -4.2046 ], [ 139.2706, -4.1708 ], [ 139.3293, -4.1387 ], [ 139.3574, -4.1244 ], [ 139.3331, -4.1244 ], [ 139.3208, -4.1017 ], [ 139.3136, -4.0846 ], [ 139.3278, -4.0921 ], [ 139.3583, -4.0703 ] ] ] ] } },
{ "type": "Feature", "properties": { "balita": 13971.0, "u5mr": 50.45, "kabkota": "Asmat", "jenis": "Kabupaten", "provinsi": "PAPUA SELATAN", "pulau": "Papua", "provinsi_geojson": "Papua Selatan", "jenis_geo": "Kabupaten", "label": "Kab. Asmat", "kode_bps": "9504", "geo_key": "asmat", "name_geojson": "Kabupaten Asmat", "peringkat_nasional": 14, "peringkat_provinsi": 2, "kelas_jenks": 5, "kelas_kuantil": 5 }, "geometry": { "type": "MultiPolygon", "coordinates": [ [ [ [ 138.1329, -4.5889 ], [ 138.0389, -4.5937 ], [ 137.9405, -4.6031 ], [ 137.9242, -4.5929 ], [ 137.9251, -4.6014 ], [ 137.8277, -4.5968 ], [ 137.7678, -4.6467 ], [ 137.8239, -4.7134 ], [ 137.828, -4.7182 ], [ 137.8921, -4.7515 ], [ 137.8651, -4.8634 ], [ 137.82, -5.0259 ], [ 137.7353, -5.1113 ], [ 137.6812, -5.237 ], [ 137.7402, -5.2867 ], [ 137.7232, -5.3515 ], [ 137.8125, -5.3806 ], [ 137.8631, -5.3501 ], [ 138.0091, -5.5063 ], [ 138.0494, -5.5809 ], [ 138.0661, -5.724 ], [ 138.1661, -5.7241 ], [ 138.1659, -5.8137 ], [ 138.2767, -5.841 ], [ 138.2523, -5.9175 ], [ 138.3955, -6.1698 ], [ 138.3838, -6.2026 ], [ 138.4221, -6.3487 ], [ 138.6044, -6.5238 ], [ 138.7832, -6.4031 ], [ 138.8723, -6.1785 ], [ 138.9187, -6.1527 ], [ 138.9229, -5.6566 ], [ 139.0925, -5.5625 ], [ 139.1377, -5.6461 ], [ 139.5038, -5.5985 ], [ 139.4934, -5.5098 ], [ 139.5637, -5.4153 ], [ 139.6947, -5.3637 ], [ 139.7246, -5.3043 ], [ 139.7641, -5.2872 ], [ 139.8514, -5.2977 ], [ 139.8793, -5.2818 ], [ 139.8879, -5.2702 ], [ 139.8877, -5.246 ], [ 139.9137, -5.2133 ], [ 139.8209, -5.1623 ], [ 139.8432, -5.1484 ], [ 139.9189, -5.2053 ], [ 139.9477, -5.1649 ], [ 139.9288, -5.0907 ], [ 139.5792, -5.0527 ], [ 139.4982, -5.0023 ], [ 139.2279, -4.9986 ], [ 139.0776, -4.9863 ], [ 139.1683, -4.835 ], [ 139.2017, -4.7389 ], [ 139.207, -4.7274 ], [ 139.1142, -4.767 ], [ 139.0652, -4.8418 ], [ 138.994, -4.8336 ], [ 138.949, -4.8137 ], [ 138.9553, -4.7863 ], [ 138.9427, -4.7638 ], [ 138.8991, -4.728 ], [ 138.8667, -4.7165 ], [ 138.8543, -4.7016 ], [ 138.8076, -4.767 ], [ 138.7666, -4.7229 ], [ 138.7365, -4.7189 ], [ 138.603, -4.7239 ], [ 138.5723, -4.7072 ], [ 138.5712, -4.7935 ], [ 138.4005, -4.8119 ], [ 138.3605, -4.7958 ], [ 138.3257, -4.6675 ], [ 138.1538, -4.676 ], [ 138.1329, -4.5889 ] ] ] ] } },
{ "type": "Feature", "properties": { "balita": 7246.0, "u5mr": 43.91, "kabkota": "Boven Digoel", "jenis": "Kabupaten", "provinsi": "PAPUA SELATAN", "pulau": "Papua", "provinsi_geojson": "Papua Selatan", "jenis_geo": "Kabupaten", "label": "Kab. Boven Digoel", "kode_bps": "9502", "geo_key": "boven digoel", "name_geojson": "Kabupaten Boven Digoel", "peringkat_nasional": 25, "peringkat_provinsi": 3, "kelas_jenks": 4, "kelas_kuantil": 5 }, "geometry": { "type": "MultiPolygon", "coordinates": [ [ [ [ 140.1099, -5.0293 ], [ 140.06, -5.0495 ], [ 140.1203, -5.1513 ], [ 140.0671, -5.159 ], [ 139.9833, -5.0918 ], [ 139.9793, -5.2188 ], [ 139.9433, -5.2215 ], [ 139.9137, -5.2133 ], [ 139.8877, -5.246 ], [ 139.8878, -5.2705 ], [ 139.8616, -5.2944 ], [ 139.7937, -5.2951 ], [ 139.7753, -5.2863 ], [ 139.7571, -5.2939 ], [ 139.7726, -5.3038 ], [ 139.8169, -5.5819 ], [ 139.7133, -5.6878 ], [ 139.7177, -5.7377 ], [ 139.8426, -5.8146 ], [ 139.858, -5.9079 ], [ 139.8628, -6.1702 ], [ 139.8112, -6.2154 ], [ 139.8213, -6.2656 ], [ 139.7075, -6.3933 ], [ 139.7976, -6.4979 ], [ 139.8866, -6.4997 ], [ 139.9397, -6.4685 ], [ 140.066, -6.4656 ], [ 140.068, -6.8829 ], [ 140.041, -6.9748 ], [ 140.0794, -7.0806 ], [ 140.0607, -7.1403 ], [ 140.0817, -7.1847 ], [ 140.0848, -7.2101 ], [ 140.0969, -7.1897 ], [ 140.1016, -7.15 ], [ 140.1798, -7.0858 ], [ 140.2552, -6.9811 ], [ 140.424, -6.8839 ], [ 140.4907, -6.804 ], [ 140.5422, -6.7997 ], [ 140.5879, -6.9293 ], [ 140.5887, -7.0526 ], [ 140.7131, -7.0321 ], [ 140.7803, -7.0356 ], [ 140.8028, -7.0526 ], [ 140.8256, -7.0455 ], [ 140.8287, -7.0355 ], [ 140.8171, -7.0172 ], [ 140.8203, -6.9999 ], [ 140.7404, -6.8731 ], [ 140.7194, -6.6959 ], [ 140.8039, -6.6497 ], [ 140.8282, -6.6373 ], [ 140.8526, -6.623 ], [ 140.9299, -6.5369 ], [ 140.9186, -6.4365 ], [ 140.9597, -6.3259 ], [ 141.0, -6.3223 ], [ 141.0006, -5.3444 ], [ 140.7366, -5.2792 ], [ 140.7253, -5.2323 ], [ 140.6338, -5.2648 ], [ 140.522, -5.242 ], [ 140.4691, -5.2196 ], [ 140.3875, -5.1962 ], [ 140.3521, -5.1747 ], [ 140.3101, -5.1576 ], [ 140.3036, -5.1423 ], [ 140.2751, -5.1191 ], [ 140.238, -5.0475 ], [ 140.1118, -5.0551 ], [ 140.1099, -5.0293 ] ] ] ] } },
{ "type": "Feature", "properties": { "balita": 13009.0, "u5mr": 58.57, "kabkota": "Mappi", "jenis": "Kabupaten", "provinsi": "PAPUA SELATAN", "pulau": "Papua", "provinsi_geojson": "Papua Selatan", "jenis_geo": "Kabupaten", "label": "Kab. Mappi", "kode_bps": "9503", "geo_key": "mappi", "name_geojson": "Kabupaten Mappi", "peringkat_nasional": 3, "peringkat_provinsi": 1, "kelas_jenks": 5, "kelas_kuantil": 5 }, "geometry": { "type": "MultiPolygon", "coordinates": [ [ [ [ 138.6163, -6.7432 ], [ 138.6764, -6.8677 ], [ 138.7291, -6.8832 ], [ 138.7988, -6.8349 ], [ 138.7362, -6.7596 ], [ 138.6163, -6.7432 ] ] ], [ [ [ 138.6957, -6.6266 ], [ 138.674, -6.7247 ], [ 138.7574, -6.7536 ], [ 138.8198, -6.7033 ], [ 138.6957, -6.6266 ] ] ], [ [ [ 139.8169, -5.5819 ], [ 139.7726, -5.3038 ], [ 139.7571, -5.2939 ], [ 139.7246, -5.3043 ], [ 139.6947, -5.3637 ], [ 139.5637, -5.4153 ], [ 139.4934, -5.5098 ], [ 139.5038, -5.5985 ], [ 139.1377, -5.6461 ], [ 139.0925, -5.5625 ], [ 138.9229, -5.6566 ], [ 138.9187, -6.1527 ], [ 138.8723, -6.1785 ], [ 138.7832, -6.4031 ], [ 138.6044, -6.5238 ], [ 138.6825, -6.6071 ], [ 138.8233, -6.6953 ], [ 138.8313, -6.7818 ], [ 138.9481, -6.7956 ], [ 138.9406, -6.8452 ], [ 138.7983, -6.8509 ], [ 138.7588, -6.887 ], [ 138.6841, -6.9008 ], [ 138.6282, -6.876 ], [ 138.5641, -6.9342 ], [ 138.6056, -7.0023 ], [ 138.706, -7.0747 ], [ 138.6822, -7.1732 ], [ 139.5246, -7.3235 ], [ 139.5316, -7.3383 ], [ 139.6471, -7.3863 ], [ 139.7923, -7.3496 ], [ 140.0848, -7.2101 ], [ 140.0817, -7.1847 ], [ 140.0607, -7.1403 ], [ 140.0794, -7.0806 ], [ 140.041, -6.9748 ], [ 140.068, -6.8829 ], [ 140.066, -6.4656 ], [ 139.9397, -6.4685 ], [ 139.8866, -6.4997 ], [ 139.7976, -6.4979 ], [ 139.7075, -6.3933 ], [ 139.8213, -6.2656 ], [ 139.8112, -6.2154 ], [ 139.8628, -6.1702 ], [ 139.858, -5.9079 ], [ 139.8426, -5.8146 ], [ 139.7177, -5.7377 ], [ 139.7133, -5.6878 ], [ 139.8169, -5.5819 ] ] ] ] } },
{ "type": "Feature", "properties": { "balita": 20988.0, "u5mr": 28.92, "kabkota": "Merauke", "jenis": "Kabupaten", "provinsi": "PAPUA SELATAN", "pulau": "Papua", "provinsi_geojson": "Papua Selatan", "jenis_geo": "Kabupaten", "label": "Kab. Merauke", "kode_bps": "9501", "geo_key": "merauke", "name_geojson": "Kabupaten Merauke", "peringkat_nasional": 84, "peringkat_provinsi": 4, "kelas_jenks": 3, "kelas_kuantil": 5 }, "geometry": { "type": "MultiPolygon", "coordinates": [ [ [ [ 138.8145, -8.138 ], [ 138.6786, -8.1704 ], [ 138.6624, -8.2369 ], [ 138.5858, -8.2906 ], [ 138.5784, -8.358 ], [ 138.7345, -8.3862 ], [ 138.8757, -8.3897 ], [ 138.9151, -8.2992 ], [ 138.8459, -8.2632 ], [ 138.8145, -8.138 ] ] ], [ [ [ 138.3856, -7.41 ], [ 138.205, -7.4766 ], [ 138.0482, -7.6017 ], [ 137.9269, -7.7632 ], [ 137.8357, -7.9151 ], [ 137.7722, -8.0626 ], [ 137.6985, -8.1807 ], [ 137.6408, -8.4186 ], [ 137.8807, -8.3814 ], [ 138.3012, -8.3915 ], [ 138.4689, -8.3504 ], [ 138.615, -8.2491 ], [ 138.6798, -8.1492 ], [ 138.7984, -8.1376 ], [ 138.8888, -8.0363 ], [ 138.8917, -7.9136 ], [ 138.9949, -7.8487 ], [ 138.9948, -7.7456 ], [ 139.0422, -7.626 ], [ 139.0882, -7.5739 ], [ 138.9412, -7.5463 ], [ 138.8676, -7.4404 ], [ 138.7721, -7.3749 ], [ 138.6753, -7.3668 ], [ 138.3856, -7.41 ] ] ], [ [ [ 138.6822, -7.1732 ], [ 138.6839, -7.2294 ], [ 138.8673, -7.3175 ], [ 138.9117, -7.3769 ], [ 138.9638, -7.5186 ], [ 139.1005, -7.5396 ], [ 139.108, -7.5995 ], [ 139.0662, -7.6344 ], [ 139.0166, -7.756 ], [ 139.0184, -7.8534 ], [ 138.925, -7.9056 ], [ 138.9072, -8.0877 ], [ 138.836, -8.114 ], [ 138.8566, -8.1861 ], [ 138.9337, -8.2768 ], [ 138.9884, -8.2022 ], [ 139.0819, -8.1369 ], [ 139.2234, -8.0948 ], [ 139.2768, -8.1759 ], [ 139.3397, -8.2059 ], [ 139.4565, -8.1933 ], [ 139.5844, -8.1292 ], [ 139.7127, -8.0974 ], [ 139.9504, -8.1016 ], [ 139.9649, -8.1589 ], [ 140.0555, -8.2547 ], [ 140.2271, -8.3558 ], [ 140.2631, -8.411 ], [ 140.5006, -8.6143 ], [ 140.5302, -8.6886 ], [ 140.6199, -8.8184 ], [ 140.7551, -8.9322 ], [ 140.8894, -9.0832 ], [ 141.0196, -9.1255 ], [ 141.02, -6.8923 ], [ 140.898, -6.8461 ], [ 140.8462, -6.72 ], [ 140.8526, -6.623 ], [ 140.8282, -6.6373 ], [ 140.8039, -6.6497 ], [ 140.7194, -6.6959 ], [ 140.7404, -6.8731 ], [ 140.8203, -6.9999 ], [ 140.8176, -7.0206 ], [ 140.8289, -7.0366 ], [ 140.8207, -7.0495 ], [ 140.8126, -7.0447 ], [ 140.7958, -7.0505 ], [ 140.7131, -7.0321 ], [ 140.5887, -7.0526 ], [ 140.5879, -6.9293 ], [ 140.5422, -6.7997 ], [ 140.4907, -6.804 ], [ 140.424, -6.8839 ], [ 140.2552, -6.9811 ], [ 140.1798, -7.0858 ], [ 140.1016, -7.15 ], [ 140.0898, -7.207 ], [ 139.7923, -7.3496 ], [ 139.6471, -7.3863 ], [ 139.5316, -7.3383 ], [ 139.5246, -7.3235 ], [ 138.6822, -7.1732 ] ] ] ] } },
{ "type": "Feature", "properties": { "balita": 12970.0, "u5mr": 50.57, "kabkota": "Deiyai", "jenis": "Kabupaten", "provinsi": "PAPUA TENGAH", "pulau": "Papua", "provinsi_geojson": "Papua Tengah", "jenis_geo": "Kabupaten", "label": "Kab. Deiyai", "kode_bps": "9603", "geo_key": "deiyai", "name_geojson": "Kabupaten Deiyai", "peringkat_nasional": 13, "peringkat_provinsi": 4, "kelas_jenks": 5, "kelas_kuantil": 5 }, "geometry": { "type": "MultiPolygon", "coordinates": [ [ [ [ 136.2734, -3.9802 ], [ 136.1801, -4.0 ], [ 136.1076, -4.0456 ], [ 136.0705, -4.1615 ], [ 136.0239, -4.2108 ], [ 136.0177, -4.2409 ], [ 136.003, -4.2807 ], [ 136.0342, -4.2942 ], [ 136.0404, -4.3303 ], [ 136.0309, -4.3647 ], [ 136.091, -4.3886 ], [ 136.1529, -4.343 ], [ 136.2525, -4.3288 ], [ 136.3625, -4.3413 ], [ 136.4211, -4.3019 ], [ 136.4198, -4.2373 ], [ 136.4913, -4.2536 ], [ 136.6435, -4.2098 ], [ 136.6556, -4.2695 ], [ 136.6023, -4.3622 ], [ 136.6738, -4.4016 ], [ 136.7154, -4.3864 ], [ 136.7391, -4.3114 ], [ 136.7851, -4.3144 ], [ 136.8268, -4.2355 ], [ 136.9066, -4.1823 ], [ 136.9294, -4.1367 ], [ 136.8638, -4.1008 ], [ 136.8172, -4.0885 ], [ 136.7231, -4.0907 ], [ 136.7706, -4.1654 ], [ 136.6982, -4.1924 ], [ 136.6022, -4.128 ], [ 136.5755, -4.0819 ], [ 136.557, -4.0509 ], [ 136.5085, -4.0208 ], [ 136.3933, -4.0101 ], [ 136.2734, -3.9802 ] ] ] ] } },
{ "type": "Feature", "properties": { "balita": 15456.0, "u5mr": 53.05, "kabkota": "Dogiyai", "jenis": "Kabupaten", "provinsi": "PAPUA TENGAH", "pulau": "Papua", "provinsi_geojson": "Papua Tengah", "jenis_geo": "Kabupaten", "label": "Kab. Dogiyai", "kode_bps": "9602", "geo_key": "dogiyai", "name_geojson": "Kabupaten Dogiyai", "peringkat_nasional": 9, "peringkat_provinsi": 1, "kelas_jenks": 5, "kelas_kuantil": 5 }, "geometry": { "type": "MultiPolygon", "coordinates": [ [ [ [ 135.2747, -3.8393 ], [ 135.0431, -3.7837 ], [ 135.0271, -3.832 ], [ 135.0872, -3.9406 ], [ 135.0577, -3.9694 ], [ 135.0415, -3.9829 ], [ 135.0368, -3.9888 ], [ 135.0329, -4.0026 ], [ 135.0388, -3.9974 ], [ 135.0477, -4.0031 ], [ 135.052, -3.9913 ], [ 135.0867, -4.0006 ], [ 135.1158, -4.0118 ], [ 135.0914, -4.0506 ], [ 135.0903, -4.0817 ], [ 135.1381, -4.1392 ], [ 135.1953, -4.1771 ], [ 135.2776, -4.1669 ], [ 135.3956, -4.2314 ], [ 135.4268, -4.2482 ], [ 135.4739, -4.2456 ], [ 135.4842, -4.2331 ], [ 135.4838, -4.217 ], [ 135.5028, -4.2027 ], [ 135.6369, -4.2155 ], [ 135.6967, -4.231 ], [ 135.8213, -4.2981 ], [ 135.9029, -4.2813 ], [ 136.003, -4.2807 ], [ 136.0177, -4.2409 ], [ 136.0239, -4.2108 ], [ 136.0705, -4.1615 ], [ 136.1076, -4.0456 ], [ 136.1801, -4.0 ], [ 136.1945, -3.9505 ], [ 136.1678, -3.9621 ], [ 136.1434, -3.9293 ], [ 136.1263, -3.8568 ], [ 136.1192, -3.9039 ], [ 136.06, -3.8861 ], [ 136.0112, -3.9027 ], [ 135.9544, -3.9154 ], [ 135.8501, -3.8916 ], [ 135.6763, -3.9033 ], [ 135.5691, -3.9468 ], [ 135.4447, -3.8647 ], [ 135.4118, -3.8935 ], [ 135.2747, -3.8393 ] ] ] ] } },
{ "type": "Feature", "properties": { "balita": 16567.0, "u5mr": 51.38, "kabkota": "Intan Jaya", "jenis": "Kabupaten", "provinsi": "PAPUA TENGAH", "pulau": "Papua", "provinsi_geojson": "Papua Tengah", "jenis_geo": "Kabupaten", "label": "Kab. Intan Jaya", "kode_bps": "9606", "geo_key": "intan jaya", "name_geojson": "Kabupaten Intan Jaya", "peringkat_nasional": 12, "peringkat_provinsi": 3, "kelas_jenks": 5, "kelas_kuantil": 5 }, "geometry": { "type": "MultiPolygon", "coordinates": [ [ [ [ 136.3606, -3.0264 ], [ 136.3384, -3.0286 ], [ 136.3228, -3.0366 ], [ 136.3254, -3.0548 ], [ 136.324, -3.0662 ], [ 136.3143, -3.1327 ], [ 136.3244, -3.1489 ], [ 136.3063, -3.1969 ], [ 136.3194, -3.2477 ], [ 136.2478, -3.3025 ], [ 136.3444, -3.3774 ], [ 136.4359, -3.5572 ], [ 136.5774, -3.6112 ], [ 136.59, -3.6762 ], [ 136.5838, -3.7291 ], [ 136.7681, -3.7887 ], [ 136.7854, -3.8801 ], [ 136.9045, -3.9548 ], [ 136.9299, -3.9157 ], [ 137.0104, -3.9158 ], [ 136.9682, -3.8333 ], [ 136.9947, -3.8385 ], [ 137.0217, -3.9428 ], [ 137.1008, -4.0365 ], [ 137.1497, -3.9885 ], [ 137.1411, -3.9631 ], [ 137.1529, -3.9504 ], [ 137.1969, -3.944 ], [ 137.2355, -3.891 ], [ 137.2075, -3.7763 ], [ 137.2839, -3.6744 ], [ 137.3521, -3.6147 ], [ 137.3529, -3.5833 ], [ 137.3141, -3.5609 ], [ 137.2897, -3.6119 ], [ 137.1895, -3.6556 ], [ 137.2081, -3.5584 ], [ 137.0426, -3.5337 ], [ 137.005, -3.502 ], [ 136.9784, -3.4818 ], [ 137.0983, -3.4496 ], [ 137.2032, -3.469 ], [ 137.2596, -3.3797 ], [ 137.2736, -3.2969 ], [ 137.2361, -3.259 ], [ 137.1934, -3.2387 ], [ 137.1291, -3.2365 ], [ 137.0657, -3.2871 ], [ 137.0034, -3.3176 ], [ 136.9507, -3.2836 ], [ 137.0407, -3.2042 ], [ 137.0068, -3.1758 ], [ 136.9077, -3.1958 ], [ 136.9098, -3.2572 ], [ 136.9609, -3.3306 ], [ 136.9624, -3.3442 ], [ 136.9443, -3.388 ], [ 136.8989, -3.4067 ], [ 136.8609, -3.2722 ], [ 136.8519, -3.2698 ], [ 136.848, -3.2447 ], [ 136.8088, -3.2542 ], [ 136.7275, -3.2384 ], [ 136.7106, -3.2259 ], [ 136.5673, -3.254 ], [ 136.5173, -3.1844 ], [ 136.5426, -3.1533 ], [ 136.579, -3.0638 ], [ 136.5568, -3.0428 ], [ 136.4373, -3.0548 ], [ 136.4055, -3.0147 ], [ 136.3606, -3.0264 ] ] ] ] } },
{ "type": "Feature", "properties": { "balita": 27095.0, "u5mr": 26.95, "kabkota": "Mimika", "jenis": "Kabupaten", "provinsi": "PAPUA TENGAH", "pulau": "Papua", "provinsi_geojson": "Papua Tengah", "jenis_geo": "Kabupaten", "label": "Kab. Mimika", "kode_bps": "9601", "geo_key": "mimika", "name_geojson": "Kabupaten Mimika", "peringkat_nasional": 100, "peringkat_provinsi": 8, "kelas_jenks": 3, "kelas_kuantil": 5 }, "geometry": { "type": "MultiPolygon", "coordinates": [ [ [ [ 135.0867, -4.0006 ], [ 135.052, -3.9913 ], [ 135.0477, -4.0031 ], [ 135.0542, -4.0269 ], [ 134.9748, -4.1361 ], [ 134.9359, -4.2266 ], [ 134.8855, -4.2525 ], [ 135.04, -4.3756 ], [ 135.2003, -4.4642 ], [ 135.3467, -4.4318 ], [ 135.5276, -4.4491 ], [ 135.7188, -4.4972 ], [ 135.9261, -4.492 ], [ 136.1101, -4.6209 ], [ 136.2325, -4.6625 ], [ 136.3683, -4.6782 ], [ 136.4882, -4.7397 ], [ 136.5413, -4.7883 ], [ 136.7536, -4.8705 ], [ 136.8308, -4.9139 ], [ 136.9001, -4.8806 ], [ 136.9745, -4.9376 ], [ 137.032, -4.9177 ], [ 137.0938, -4.9746 ], [ 137.1817, -5.0076 ], [ 137.2118, -4.9775 ], [ 137.3284, -5.0268 ], [ 137.3952, -5.1081 ], [ 137.4494, -5.099 ], [ 137.497, -5.1456 ], [ 137.6778, -5.2177 ], [ 137.7353, -5.1113 ], [ 137.82, -5.0259 ], [ 137.8651, -4.8634 ], [ 137.8921, -4.7515 ], [ 137.828, -4.7182 ], [ 137.8239, -4.7134 ], [ 137.7678, -4.6467 ], [ 137.8277, -4.5968 ], [ 137.9251, -4.6014 ], [ 137.9242, -4.5929 ], [ 137.876, -4.5719 ], [ 137.827, -4.5359 ], [ 137.8338, -4.5 ], [ 137.8649, -4.4239 ], [ 137.9325, -4.4251 ], [ 137.9688, -4.2199 ], [ 137.9019, -4.2152 ], [ 137.7253, -4.2164 ], [ 137.6301, -4.199 ], [ 137.6197, -4.1872 ], [ 137.5802, -4.1821 ], [ 137.4086, -4.0748 ], [ 137.2839, -4.0538 ], [ 137.1844, -4.0754 ], [ 137.1241, -4.0395 ], [ 137.0822, -4.0388 ], [ 137.0727, -4.0553 ], [ 137.0282, -4.0772 ], [ 137.0111, -4.0778 ], [ 136.9618, -4.1251 ], [ 136.9294, -4.1367 ], [ 136.9066, -4.1823 ], [ 136.8268, -4.2355 ], [ 136.7851, -4.3144 ], [ 136.7391, -4.3114 ], [ 136.7154, -4.3864 ], [ 136.6738, -4.4016 ], [ 136.6023, -4.3622 ], [ 136.6556, -4.2695 ], [ 136.6435, -4.2098 ], [ 136.4913, -4.2536 ], [ 136.4198, -4.2373 ], [ 136.4211, -4.3019 ], [ 136.3625, -4.3413 ], [ 136.2525, -4.3288 ], [ 136.1529, -4.343 ], [ 136.091, -4.3886 ], [ 136.0309, -4.3647 ], [ 136.0385, -4.3433 ], [ 136.0376, -4.3005 ], [ 136.0211, -4.2856 ], [ 135.9809, -4.2786 ], [ 135.9029, -4.2813 ], [ 135.8213, -4.2981 ], [ 135.6967, -4.231 ], [ 135.6369, -4.2155 ], [ 135.5028, -4.2027 ], [ 135.4837, -4.2172 ], [ 135.4766, -4.2436 ], [ 135.4594, -4.2514 ], [ 135.4169, -4.2442 ], [ 135.3956, -4.2314 ], [ 135.2776, -4.1669 ], [ 135.1953, -4.1771 ], [ 135.1381, -4.1392 ], [ 135.0903, -4.0817 ], [ 135.0914, -4.0506 ], [ 135.1158, -4.0118 ], [ 135.0867, -4.0006 ] ] ] ] } },
{ "type": "Feature", "properties": { "balita": 15144.0, "u5mr": 34.97, "kabkota": "Nabire", "jenis": "Kabupaten", "provinsi": "PAPUA TENGAH", "pulau": "Papua", "provinsi_geojson": "Papua Tengah", "jenis_geo": "Kabupaten", "label": "Kab. Nabire", "kode_bps": "9604", "geo_key": "nabire", "name_geojson": "Kabupaten Nabire", "peringkat_nasional": 49, "peringkat_provinsi": 7, "kelas_jenks": 4, "kelas_kuantil": 5 }, "geometry": { "type": "MultiPolygon", "coordinates": [ [ [ [ 136.048, -2.7205 ], [ 135.9458, -2.7828 ], [ 135.9268, -2.8595 ], [ 135.9378, -2.9444 ], [ 135.8269, -3.0137 ], [ 135.7494, -3.1176 ], [ 135.6117, -3.1802 ], [ 135.558, -3.3005 ], [ 135.4655, -3.3748 ], [ 135.3416, -3.3974 ], [ 135.1635, -3.3704 ], [ 135.1126, -3.3818 ], [ 135.0098, -3.3386 ], [ 134.888, -3.2587 ], [ 134.8511, -3.2065 ], [ 134.811, -3.0376 ], [ 134.8523, -2.9165 ], [ 134.8042, -2.9115 ], [ 134.7779, -2.9827 ], [ 134.6915, -2.9712 ], [ 134.6614, -2.7563 ], [ 134.5853, -2.8027 ], [ 134.6314, -3.0514 ], [ 134.6146, -3.1375 ], [ 134.6822, -3.203 ], [ 134.6937, -3.2912 ], [ 134.7519, -3.3704 ], [ 134.8329, -3.3862 ], [ 134.8687, -3.4242 ], [ 134.9269, -3.4599 ], [ 134.992, -3.5633 ], [ 135.0102, -3.5825 ], [ 135.0721, -3.5842 ], [ 135.1391, -3.6125 ], [ 135.18, -3.5719 ], [ 135.2651, -3.629 ], [ 135.1499, -3.7533 ], [ 135.0362, -3.7814 ], [ 135.2747, -3.8393 ], [ 135.4118, -3.8935 ], [ 135.4447, -3.8647 ], [ 135.5691, -3.9468 ], [ 135.598, -3.9127 ], [ 135.4665, -3.8423 ], [ 135.3786, -3.7326 ], [ 135.4493, -3.704 ], [ 135.4841, -3.7622 ], [ 135.6583, -3.7824 ], [ 135.6763, -3.9033 ], [ 135.8501, -3.8916 ], [ 135.9544, -3.9154 ], [ 136.0112, -3.9027 ], [ 136.06, -3.8861 ], [ 136.1192, -3.9039 ], [ 136.1263, -3.8568 ], [ 136.1157, -3.7797 ], [ 136.1023, -3.7313 ], [ 136.0263, -3.7058 ], [ 135.9904, -3.6206 ], [ 136.0192, -3.5557 ], [ 136.1291, -3.4785 ], [ 136.1595, -3.4438 ], [ 136.1824, -3.3458 ], [ 136.1871, -3.3019 ], [ 136.2228, -3.3113 ], [ 136.2478, -3.3025 ], [ 136.3173, -3.2534 ], [ 136.3182, -3.2293 ], [ 136.3063, -3.1969 ], [ 136.3244, -3.1489 ], [ 136.3143, -3.1327 ], [ 136.324, -3.0662 ], [ 136.3254, -3.0548 ], [ 136.3228, -3.0366 ], [ 136.2976, -2.9871 ], [ 136.3042, -2.9363 ], [ 136.2998, -2.9119 ], [ 136.297, -2.9042 ], [ 136.28, -2.8711 ], [ 136.2655, -2.8871 ], [ 136.2174, -2.8068 ], [ 136.1437, -2.7973 ], [ 136.1432, -2.7729 ], [ 136.0889, -2.7794 ], [ 136.048, -2.7205 ] ], [ [ 135.7779, -3.295 ], [ 135.8356, -3.3083 ], [ 135.8194, -3.416 ], [ 135.8579, -3.5122 ], [ 135.8014, -3.5329 ], [ 135.6396, -3.346 ], [ 135.7029, -3.2757 ], [ 135.7779, -3.295 ] ] ] ] } },
{ "type": "Feature", "properties": { "balita": 26744.0, "u5mr": 38.15, "kabkota": "Paniai", "jenis": "Kabupaten", "provinsi": "PAPUA TENGAH", "pulau": "Papua", "provinsi_geojson": "Papua Tengah", "jenis_geo": "Kabupaten", "label": "Kab. Paniai", "kode_bps": "9605", "geo_key": "paniai", "name_geojson": "Kabupaten Paniai", "peringkat_nasional": 35, "peringkat_provinsi": 6, "kelas_jenks": 4, "kelas_kuantil": 5 }, "geometry": { "type": "MultiPolygon", "coordinates": [ [ [ [ 137.2097, -3.9602 ], [ 137.1561, -3.9536 ], [ 137.1438, -3.9586 ], [ 137.1497, -3.9885 ], [ 137.1147, -4.0274 ], [ 137.2502, -4.0029 ], [ 137.27, -3.9556 ], [ 137.2097, -3.9602 ] ] ], [ [ [ 136.1871, -3.3019 ], [ 136.1824, -3.3458 ], [ 136.1595, -3.4438 ], [ 136.1291, -3.4785 ], [ 136.0192, -3.5557 ], [ 135.9904, -3.6206 ], [ 136.0263, -3.7058 ], [ 136.1023, -3.7313 ], [ 136.1157, -3.7797 ], [ 136.1263, -3.8568 ], [ 136.1434, -3.9293 ], [ 136.1678, -3.9621 ], [ 136.1945, -3.9505 ], [ 136.2734, -3.9802 ], [ 136.3933, -4.0101 ], [ 136.5085, -4.0208 ], [ 136.557, -4.0509 ], [ 136.5755, -4.0819 ], [ 136.6022, -4.128 ], [ 136.6982, -4.1924 ], [ 136.7706, -4.1654 ], [ 136.7231, -4.0907 ], [ 136.8172, -4.0885 ], [ 136.8638, -4.1008 ], [ 136.9618, -4.1251 ], [ 137.0111, -4.0778 ], [ 137.0282, -4.0772 ], [ 137.0727, -4.0553 ], [ 137.0822, -4.0388 ], [ 137.0217, -3.9428 ], [ 137.0093, -3.8825 ], [ 136.9935, -3.8527 ], [ 136.9682, -3.8333 ], [ 137.0104, -3.9158 ], [ 136.9299, -3.9157 ], [ 136.9045, -3.9548 ], [ 136.7854, -3.8801 ], [ 136.7681, -3.7887 ], [ 136.5838, -3.7291 ], [ 136.59, -3.6762 ], [ 136.5774, -3.6112 ], [ 136.4359, -3.5572 ], [ 136.3837, -3.4988 ], [ 136.3136, -3.4755 ], [ 136.2228, -3.3113 ], [ 136.1871, -3.3019 ] ], [ [ 136.7267, -3.905 ], [ 136.6773, -4.0088 ], [ 136.5951, -3.9848 ], [ 136.6187, -3.9062 ], [ 136.7267, -3.905 ] ] ] ] } },
{ "type": "Feature", "properties": { "balita": 13833.0, "u5mr": 52.04, "kabkota": "Puncak", "jenis": "Kabupaten", "provinsi": "PAPUA TENGAH", "pulau": "Papua", "provinsi_geojson": "Papua Tengah", "jenis_geo": "Kabupaten", "label": "Kab. Puncak", "kode_bps": "9607", "geo_key": "puncak", "name_geojson": "Kabupaten Puncak", "peringkat_nasional": 10, "peringkat_provinsi": 2, "kelas_jenks": 5, "kelas_kuantil": 5 }, "geometry": { "type": "MultiPolygon", "coordinates": [ [ [ [ 136.8779, -3.2452 ], [ 136.8698, -3.2397 ], [ 136.848, -3.2447 ], [ 136.8519, -3.2533 ], [ 136.8779, -3.2452 ] ] ], [ [ [ 136.9098, -3.2572 ], [ 136.8955, -3.2371 ], [ 136.9183, -3.3298 ], [ 136.9609, -3.3306 ], [ 136.9098, -3.2572 ] ] ], [ [ [ 137.6579, -3.0677 ], [ 137.6302, -3.0648 ], [ 137.6309, -3.0458 ], [ 137.6224, -3.0401 ], [ 137.5775, -3.0677 ], [ 137.5523, -3.0512 ], [ 137.5505, -3.0708 ], [ 137.5313, -3.0682 ], [ 137.4265, -3.105 ], [ 137.3302, -3.0904 ], [ 137.1968, -3.1213 ], [ 137.1808, -3.1226 ], [ 137.107, -3.1379 ], [ 137.0516, -3.2166 ], [ 137.0445, -3.2513 ], [ 137.0228, -3.3075 ], [ 137.0657, -3.2871 ], [ 137.1291, -3.2365 ], [ 137.1934, -3.2387 ], [ 137.2361, -3.259 ], [ 137.2736, -3.2969 ], [ 137.2596, -3.3797 ], [ 137.2032, -3.469 ], [ 137.0983, -3.4496 ], [ 136.9784, -3.4818 ], [ 137.005, -3.502 ], [ 137.0426, -3.5337 ], [ 137.2081, -3.5584 ], [ 137.1895, -3.6556 ], [ 137.2897, -3.6119 ], [ 137.3141, -3.5609 ], [ 137.3486, -3.5792 ], [ 137.3575, -3.5926 ], [ 137.3509, -3.616 ], [ 137.2839, -3.6744 ], [ 137.2075, -3.7763 ], [ 137.2355, -3.891 ], [ 137.1969, -3.944 ], [ 137.1529, -3.9504 ], [ 137.1438, -3.9586 ], [ 137.1561, -3.9536 ], [ 137.2097, -3.9602 ], [ 137.27, -3.9556 ], [ 137.2518, -4.0014 ], [ 137.1147, -4.0274 ], [ 137.1241, -4.0395 ], [ 137.1844, -4.0754 ], [ 137.2839, -4.0538 ], [ 137.4086, -4.0748 ], [ 137.5802, -4.1821 ], [ 137.6197, -4.1872 ], [ 137.6301, -4.199 ], [ 137.7293, -4.1578 ], [ 137.7359, -4.1207 ], [ 137.8797, -4.1771 ], [ 137.925, -4.1625 ], [ 137.954, -4.1657 ], [ 137.9799, -4.1214 ], [ 138.0055, -4.1205 ], [ 137.9839, -4.1091 ], [ 137.9878, -4.0902 ], [ 137.9602, -4.0294 ], [ 137.9629, -3.9323 ], [ 138.0565, -3.8878 ], [ 138.0795, -3.8733 ], [ 137.9543, -3.8485 ], [ 137.8731, -3.7897 ], [ 137.8295, -3.6948 ], [ 137.7895, -3.7084 ], [ 137.6901, -3.7115 ], [ 137.6381, -3.6428 ], [ 137.5939, -3.5752 ], [ 137.6467, -3.5379 ], [ 137.6224, -3.5033 ], [ 137.5466, -3.441 ], [ 137.5023, -3.4044 ], [ 137.4644, -3.3801 ], [ 137.4671, -3.3525 ], [ 137.4363, -3.288 ], [ 137.4378, -3.2495 ], [ 137.4483, -3.2302 ], [ 137.5358, -3.1445 ], [ 137.5649, -3.1158 ], [ 137.6013, -3.1055 ], [ 137.6234, -3.0914 ], [ 137.6571, -3.0845 ], [ 137.6579, -3.0677 ] ] ] ] } },
{ "type": "Feature", "properties": { "balita": 22514.0, "u5mr": 44.38, "kabkota": "Puncak Jaya", "jenis": "Kabupaten", "provinsi": "PAPUA TENGAH", "pulau": "Papua", "provinsi_geojson": "Papua Tengah", "jenis_geo": "Kabupaten", "label": "Kab. Puncak Jaya", "kode_bps": "9608", "geo_key": "puncak jaya", "name_geojson": "Kabupaten Puncak Jaya", "peringkat_nasional": 24, "peringkat_provinsi": 5, "kelas_jenks": 4, "kelas_kuantil": 5 }, "geometry": { "type": "MultiPolygon", "coordinates": [ [ [ [ 138.1768, -3.1101 ], [ 138.1509, -2.984 ], [ 138.11, -3.0072 ], [ 138.1498, -3.0027 ], [ 138.0871, -3.0297 ], [ 138.0637, -2.9966 ], [ 138.0258, -3.0156 ], [ 138.0099, -3.022 ], [ 137.9303, -3.0256 ], [ 137.9079, -3.0511 ], [ 137.8066, -3.0657 ], [ 137.7707, -3.0642 ], [ 137.7129, -3.0578 ], [ 137.6579, -3.0677 ], [ 137.6571, -3.0845 ], [ 137.6234, -3.0914 ], [ 137.6013, -3.1055 ], [ 137.5649, -3.1158 ], [ 137.5358, -3.1445 ], [ 137.4642, -3.2096 ], [ 137.4631, -3.2222 ], [ 137.449, -3.2293 ], [ 137.4381, -3.249 ], [ 137.4351, -3.266 ], [ 137.4369, -3.2889 ], [ 137.4579, -3.2799 ], [ 137.4671, -3.3525 ], [ 137.4644, -3.3801 ], [ 137.5023, -3.4044 ], [ 137.5466, -3.441 ], [ 137.6224, -3.5033 ], [ 137.6467, -3.5379 ], [ 137.5939, -3.5752 ], [ 137.6381, -3.6428 ], [ 137.6901, -3.7115 ], [ 137.7895, -3.7084 ], [ 137.8295, -3.6948 ], [ 137.8731, -3.7897 ], [ 137.9543, -3.8485 ], [ 138.0795, -3.8733 ], [ 138.0857, -3.908 ], [ 138.1532, -3.9111 ], [ 138.2362, -3.8691 ], [ 138.318, -3.8378 ], [ 138.3539, -3.8256 ], [ 138.3434, -3.7261 ], [ 138.2827, -3.7042 ], [ 138.2548, -3.6196 ], [ 138.271, -3.4903 ], [ 138.1151, -3.4018 ], [ 138.1101, -3.2869 ], [ 138.0752, -3.2257 ], [ 138.0719, -3.198 ], [ 138.0747, -3.1313 ], [ 138.117, -3.1171 ], [ 138.1768, -3.1101 ] ] ] ] } },
{ "type": "Feature", "properties": { "balita": 55018.0, "u5mr": 16.26, "kabkota": "Bengkalis", "jenis": "Kabupaten", "provinsi": "RIAU", "pulau": "Sumatera", "provinsi_geojson": "Riau", "jenis_geo": "Kabupaten", "label": "Kab. Bengkalis", "kode_bps": "1408", "geo_key": "bengkalis", "name_geojson": "Kabupaten Bengkalis", "peringkat_nasional": 324, "peringkat_provinsi": 8, "kelas_jenks": 1, "kelas_kuantil": 2 }, "geometry": { "type": "MultiPolygon", "coordinates": [ [ [ [ 102.0102, 1.6029 ], [ 102.0311, 1.5335 ], [ 102.1647, 1.4427 ], [ 102.2931, 1.4297 ], [ 102.3988, 1.3227 ], [ 102.5046, 1.2515 ], [ 102.4962, 1.4689 ], [ 102.4636, 1.5159 ], [ 102.3552, 1.5473 ], [ 102.0102, 1.6029 ] ] ], [ [ [ 101.7185, 1.6227 ], [ 101.5281, 1.5956 ], [ 101.5066, 1.4933 ], [ 101.4356, 1.4472 ], [ 101.2774, 1.4674 ], [ 101.1773, 1.4519 ], [ 101.0212, 1.3527 ], [ 100.9734, 1.3488 ], [ 100.9677, 1.3309 ], [ 100.9924, 1.207 ], [ 100.984, 1.082 ], [ 101.0789, 1.003 ], [ 101.2313, 1.0068 ], [ 101.2823, 1.0597 ], [ 101.3645, 1.032 ], [ 101.4562, 0.985 ], [ 101.5475, 0.9217 ], [ 101.599, 1.034 ], [ 101.7127, 1.2118 ], [ 101.8568, 1.2015 ], [ 101.979, 0.98 ], [ 102.0376, 1.0874 ], [ 102.1652, 1.2017 ], [ 102.1686, 1.2285 ], [ 102.1586, 1.362 ], [ 102.0043, 1.4592 ], [ 101.7628, 1.6589 ], [ 101.7185, 1.6227 ] ] ], [ [ [ 101.6557, 2.1258 ], [ 101.5165, 2.0278 ], [ 101.4741, 2.0657 ], [ 101.4055, 2.021 ], [ 101.383, 1.9097 ], [ 101.4575, 1.7245 ], [ 101.6145, 1.6883 ], [ 101.7321, 1.7641 ], [ 101.7757, 1.9895 ], [ 101.7097, 2.0908 ], [ 101.6557, 2.1258 ] ] ] ] } },
{ "type": "Feature", "properties": { "balita": 58226.0, "u5mr": 19.52, "kabkota": "Indragiri Hilir", "jenis": "Kabupaten", "provinsi": "RIAU", "pulau": "Sumatera", "provinsi_geojson": "Riau", "jenis_geo": "Kabupaten", "label": "Kab. Indragiri Hilir", "kode_bps": "1403", "geo_key": "indragiri hilir", "name_geojson": "Kabupaten Indragiri Hilir", "peringkat_nasional": 215, "peringkat_provinsi": 2, "kelas_jenks": 2, "kelas_kuantil": 3 }, "geometry": { "type": "MultiPolygon", "coordinates": [ [ [ [ 103.3474, 0.5385 ], [ 103.3516, 0.4848 ], [ 103.2691, 0.438 ], [ 103.2114, 0.3688 ], [ 103.0736, 0.3134 ], [ 102.7874, 0.1183 ], [ 102.7169, 0.0935 ], [ 102.7201, -0.4621 ], [ 102.6864, -0.5126 ], [ 102.6906, -0.6529 ], [ 102.6374, -0.7446 ], [ 102.6766, -0.7777 ], [ 102.5805, -0.8732 ], [ 102.5746, -1.0068 ], [ 102.6014, -1.0425 ], [ 102.6302, -1.1075 ], [ 102.6436, -1.1192 ], [ 102.751, -1.044 ], [ 102.7858, -0.9792 ], [ 102.9278, -0.8661 ], [ 103.0036, -0.7547 ], [ 103.1118, -0.7466 ], [ 103.3528, -0.7992 ], [ 103.4372, -0.7781 ], [ 103.4066, -0.6475 ], [ 103.4563, -0.5059 ], [ 103.5437, -0.5035 ], [ 103.6064, -0.4361 ], [ 103.5841, -0.4009 ], [ 103.7156, -0.3501 ], [ 103.7088, -0.2564 ], [ 103.6393, -0.2253 ], [ 103.4556, -0.1838 ], [ 103.4692, -0.12 ], [ 103.5811, -0.0621 ], [ 103.6141, -0.0061 ], [ 103.6847, -0.0277 ], [ 103.8136, -0.0036 ], [ 103.7807, 0.075 ], [ 103.7578, 0.211 ], [ 103.7099, 0.3 ], [ 103.6029, 0.3458 ], [ 103.5853, 0.3933 ], [ 103.4212, 0.5171 ], [ 103.3474, 0.5385 ] ] ] ] } },
{ "type": "Feature", "properties": { "balita": 39867.0, "u5mr": 18.79, "kabkota": "Indragiri Hulu", "jenis": "Kabupaten", "provinsi": "RIAU", "pulau": "Sumatera", "provinsi_geojson": "Riau", "jenis_geo": "Kabupaten", "label": "Kab. Indragiri Hulu", "kode_bps": "1402", "geo_key": "indragiri hulu", "name_geojson": "Kabupaten Indragiri Hulu", "peringkat_nasional": 233, "peringkat_provinsi": 3, "kelas_jenks": 2, "kelas_kuantil": 3 }, "geometry": { "type": "MultiPolygon", "coordinates": [ [ [ [ 102.6954, 0.0859 ], [ 102.583, 0.0882 ], [ 102.5335, 0.0682 ], [ 102.4674, -0.117 ], [ 102.4147, -0.1655 ], [ 102.2144, -0.1653 ], [ 102.1434, -0.2875 ], [ 102.048, -0.314 ], [ 101.9853, -0.3945 ], [ 101.8987, -0.3868 ], [ 101.9123, -0.5336 ], [ 101.8306, -0.5718 ], [ 101.7828, -0.6509 ], [ 101.7947, -0.7398 ], [ 101.7907, -0.8238 ], [ 101.8276, -0.8458 ], [ 101.8613, -0.8347 ], [ 101.862, -0.8597 ], [ 101.8537, -0.8772 ], [ 101.9303, -0.9088 ], [ 101.9624, -0.9173 ], [ 101.9861, -0.8811 ], [ 102.0483, -0.9003 ], [ 102.1903, -0.945 ], [ 102.3038, -0.9186 ], [ 102.3235, -0.9619 ], [ 102.4407, -1.0309 ], [ 102.48, -1.0891 ], [ 102.5419, -1.0869 ], [ 102.5861, -1.0956 ], [ 102.6014, -1.0425 ], [ 102.5746, -1.0068 ], [ 102.5805, -0.8732 ], [ 102.6766, -0.7777 ], [ 102.6374, -0.7446 ], [ 102.6906, -0.6529 ], [ 102.6864, -0.5126 ], [ 102.7201, -0.4621 ], [ 102.7169, 0.0935 ], [ 102.6954, 0.0859 ] ] ] ] } },
{ "type": "Feature", "properties": { "balita": 80439.0, "u5mr": 17.44, "kabkota": "Kampar", "jenis": "Kabupaten", "provinsi": "RIAU", "pulau": "Sumatera", "provinsi_geojson": "Riau", "jenis_geo": "Kabupaten", "label": "Kab. Kampar", "kode_bps": "1406", "geo_key": "kampar", "name_geojson": "Kabupaten Kampar", "peringkat_nasional": 278, "peringkat_provinsi": 7, "kelas_jenks": 2, "kelas_kuantil": 3 }, "geometry": { "type": "MultiPolygon", "coordinates": [ [ [ [ 100.745, 0.8698 ], [ 100.7036, 0.7815 ], [ 100.5872, 0.6975 ], [ 100.6743, 0.5956 ], [ 100.7598, 0.5897 ], [ 100.797, 0.5333 ], [ 100.8617, 0.5339 ], [ 100.8392, 0.3766 ], [ 100.7195, 0.3899 ], [ 100.603, 0.5083 ], [ 100.5556, 0.4721 ], [ 100.5046, 0.442 ], [ 100.4938, 0.4539 ], [ 100.4611, 0.4116 ], [ 100.437, 0.3843 ], [ 100.453, 0.3429 ], [ 100.496, 0.305 ], [ 100.559, 0.3047 ], [ 100.5878, 0.2515 ], [ 100.6869, 0.1903 ], [ 100.7133, 0.2403 ], [ 100.8111, 0.2516 ], [ 100.8387, 0.2152 ], [ 100.8469, 0.2062 ], [ 100.8135, 0.1339 ], [ 100.8331, 0.0685 ], [ 100.8446, 0.0339 ], [ 100.8426, -0.0056 ], [ 100.7584, -0.0436 ], [ 100.748, -0.0535 ], [ 100.753, -0.1318 ], [ 100.7747, -0.2144 ], [ 100.8442, -0.3303 ], [ 100.8608, -0.3322 ], [ 100.9013, -0.3252 ], [ 100.9485, -0.3121 ], [ 100.9922, -0.3158 ], [ 101.0374, -0.3507 ], [ 101.0414, -0.3761 ], [ 101.1009, -0.3791 ], [ 101.1404, -0.3332 ], [ 101.1527, -0.2385 ], [ 101.2007, -0.1784 ], [ 101.2101, -0.1072 ], [ 101.2647, 0.0094 ], [ 101.3497, -0.1046 ], [ 101.4054, -0.0867 ], [ 101.4795, -0.073 ], [ 101.5151, -0.064 ], [ 101.5148, 0.11 ], [ 101.5676, 0.1309 ], [ 101.585, 0.2681 ], [ 101.6532, 0.2717 ], [ 101.6136, 0.3976 ], [ 101.5904, 0.4357 ], [ 101.6, 0.4457 ], [ 101.5635, 0.4611 ], [ 101.4961, 0.4448 ], [ 101.4473, 0.4204 ], [ 101.3322, 0.4766 ], [ 101.3428, 0.5681 ], [ 101.3318, 0.5869 ], [ 101.3233, 0.5967 ], [ 101.3815, 0.6581 ], [ 101.3143, 0.6972 ], [ 101.3112, 0.7086 ], [ 101.3038, 0.8022 ], [ 101.0621, 0.9245 ], [ 100.9932, 0.9683 ], [ 100.9941, 0.9564 ], [ 100.8349, 0.941 ], [ 100.745, 0.8698 ] ] ] ] } },
{ "type": "Feature", "properties": { "balita": 17462.0, "u5mr": 21.96, "kabkota": "Kepulauan Meranti", "jenis": "Kabupaten", "provinsi": "RIAU", "pulau": "Sumatera", "provinsi_geojson": "Riau", "jenis_geo": "Kabupaten", "label": "Kab. Kepulauan Meranti", "kode_bps": "1410", "geo_key": "kepulauan meranti", "name_geojson": "Kabupaten Kepulauan Meranti", "peringkat_nasional": 165, "peringkat_provinsi": 1, "kelas_jenks": 2, "kelas_kuantil": 4 }, "geometry": { "type": "MultiPolygon", "coordinates": [ [ [ [ 102.6451, 0.9912 ], [ 102.5914, 1.0021 ], [ 102.5598, 0.9714 ], [ 102.488, 0.9309 ], [ 102.4401, 0.9355 ], [ 102.4085, 0.8877 ], [ 102.4514, 0.8161 ], [ 102.5683, 0.7676 ], [ 102.6728, 0.791 ], [ 102.8646, 0.7921 ], [ 102.9261, 0.7705 ], [ 102.9923, 0.6907 ], [ 103.0489, 0.7209 ], [ 103.0463, 0.8245 ], [ 102.9429, 0.8878 ], [ 102.8796, 0.9517 ], [ 102.7343, 1.0223 ], [ 102.6451, 0.9912 ] ] ], [ [ [ 102.4821, 1.1257 ], [ 102.4598, 1.0755 ], [ 102.5001, 0.9453 ], [ 102.5589, 0.9721 ], [ 102.6139, 1.0467 ], [ 102.5352, 1.1298 ], [ 102.4821, 1.1257 ] ] ], [ [ [ 102.7365, 1.1549 ], [ 102.6893, 1.1206 ], [ 102.6416, 1.007 ], [ 102.7426, 1.0395 ], [ 102.8946, 0.9608 ], [ 103.0713, 0.8322 ], [ 103.1521, 0.8478 ], [ 103.1534, 0.8948 ], [ 103.0004, 1.0754 ], [ 102.893, 1.1253 ], [ 102.7365, 1.1549 ] ] ], [ [ [ 102.2138, 1.4144 ], [ 102.2292, 1.3471 ], [ 102.2058, 1.2768 ], [ 102.2461, 1.1947 ], [ 102.2365, 1.1015 ], [ 102.2759, 1.0059 ], [ 102.3863, 0.9135 ], [ 102.4391, 0.9489 ], [ 102.4834, 0.9525 ], [ 102.4386, 1.0712 ], [ 102.4849, 1.2382 ], [ 102.3738, 1.3258 ], [ 102.2964, 1.4088 ], [ 102.2138, 1.4144 ] ] ] ] } },
{ "type": "Feature", "properties": { "balita": 29923.0, "u5mr": 18.13, "kabkota": "Kuantan Singingi", "jenis": "Kabupaten", "provinsi": "RIAU", "pulau": "Sumatera", "provinsi_geojson": "Riau", "jenis_geo": "Kabupaten", "label": "Kab. Kuantan Singingi", "kode_bps": "1401", "geo_key": "kuantan singingi", "name_geojson": "Kabupaten Kuantan Singingi", "peringkat_nasional": 251, "peringkat_provinsi": 6, "kelas_jenks": 2, "kelas_kuantil": 3 }, "geometry": { "type": "MultiPolygon", "coordinates": [ [ [ [ 101.4054, -0.0867 ], [ 101.3497, -0.1046 ], [ 101.2647, 0.0094 ], [ 101.2101, -0.1072 ], [ 101.2007, -0.1784 ], [ 101.1527, -0.2385 ], [ 101.1404, -0.3332 ], [ 101.1024, -0.3784 ], [ 101.0442, -0.3741 ], [ 101.04, -0.3882 ], [ 101.0287, -0.394 ], [ 101.0415, -0.4242 ], [ 101.0662, -0.4886 ], [ 101.0886, -0.5092 ], [ 101.1813, -0.5426 ], [ 101.2549, -0.6252 ], [ 101.3054, -0.6278 ], [ 101.3948, -0.7436 ], [ 101.4544, -0.7692 ], [ 101.5301, -0.8098 ], [ 101.5876, -0.8473 ], [ 101.6477, -0.8237 ], [ 101.7317, -0.8706 ], [ 101.7151, -0.9086 ], [ 101.7254, -0.9514 ], [ 101.8034, -0.9641 ], [ 101.8453, -0.9836 ], [ 101.9078, -0.9525 ], [ 101.9303, -0.9088 ], [ 101.8537, -0.8772 ], [ 101.862, -0.8597 ], [ 101.8613, -0.8347 ], [ 101.8276, -0.8458 ], [ 101.7907, -0.8238 ], [ 101.7947, -0.7398 ], [ 101.7828, -0.6509 ], [ 101.8306, -0.5718 ], [ 101.9123, -0.5336 ], [ 101.8987, -0.3868 ], [ 101.8415, -0.3772 ], [ 101.761, -0.3364 ], [ 101.73, -0.2839 ], [ 101.6803, -0.2415 ], [ 101.6241, -0.2289 ], [ 101.5956, -0.1954 ], [ 101.549, -0.1278 ], [ 101.5189, -0.0996 ], [ 101.4795, -0.073 ], [ 101.4054, -0.0867 ] ] ] ] } },
{ "type": "Feature", "properties": { "balita": 36053.0, "u5mr": 15.44, "kabkota": "Pelalawan", "jenis": "Kabupaten", "provinsi": "RIAU", "pulau": "Sumatera", "provinsi_geojson": "Riau", "jenis_geo": "Kabupaten", "label": "Kab. Pelalawan", "kode_bps": "1404", "geo_key": "pelalawan", "name_geojson": "Kabupaten Pelalawan", "peringkat_nasional": 357, "peringkat_provinsi": 9, "kelas_jenks": 1, "kelas_kuantil": 2 }, "geometry": { "type": "MultiPolygon", "coordinates": [ [ [ [ 103.1624, 0.685 ], [ 103.1385, 0.5577 ], [ 103.169, 0.4985 ], [ 103.2848, 0.5296 ], [ 103.2991, 0.6133 ], [ 103.249, 0.6868 ], [ 103.1624, 0.685 ] ] ], [ [ [ 103.3474, 0.5385 ], [ 103.1961, 0.4748 ], [ 103.1105, 0.385 ], [ 103.0757, 0.4414 ], [ 103.0959, 0.4945 ], [ 102.9001, 0.7237 ], [ 102.8627, 0.7096 ], [ 102.8097, 0.653 ], [ 101.9323, 0.552 ], [ 101.9126, 0.454 ], [ 101.8503, 0.4613 ], [ 101.771, 0.413 ], [ 101.7332, 0.4543 ], [ 101.6508, 0.4482 ], [ 101.609, 0.4997 ], [ 101.6, 0.4457 ], [ 101.5904, 0.4357 ], [ 101.6136, 0.3976 ], [ 101.6532, 0.2717 ], [ 101.585, 0.2681 ], [ 101.5676, 0.1309 ], [ 101.5148, 0.11 ], [ 101.5151, -0.064 ], [ 101.5189, -0.0996 ], [ 101.549, -0.1278 ], [ 101.5956, -0.1954 ], [ 101.6241, -0.2289 ], [ 101.6803, -0.2415 ], [ 101.73, -0.2839 ], [ 101.761, -0.3364 ], [ 101.8415, -0.3772 ], [ 101.8987, -0.3868 ], [ 101.9853, -0.3945 ], [ 102.048, -0.314 ], [ 102.1434, -0.2875 ], [ 102.2144, -0.1653 ], [ 102.4147, -0.1655 ], [ 102.4674, -0.117 ], [ 102.5335, 0.0682 ], [ 102.583, 0.0882 ], [ 102.6954, 0.0859 ], [ 102.7874, 0.1183 ], [ 103.0736, 0.3134 ], [ 103.2114, 0.3688 ], [ 103.2691, 0.438 ], [ 103.3516, 0.4848 ], [ 103.3474, 0.5385 ] ] ] ] } },
{ "type": "Feature", "properties": { "balita": 59940.0, "u5mr": 18.25, "kabkota": "Rokan Hilir", "jenis": "Kabupaten", "provinsi": "RIAU", "pulau": "Sumatera", "provinsi_geojson": "Riau", "jenis_geo": "Kabupaten", "label": "Kab. Rokan Hilir", "kode_bps": "1409", "geo_key": "rokan hilir", "name_geojson": "Kabupaten Rokan Hilir", "peringkat_nasional": 245, "peringkat_provinsi": 5, "kelas_jenks": 2, "kelas_kuantil": 3 }, "geometry": { "type": "MultiPolygon", "coordinates": [ [ [ [ 100.299, 2.4426 ], [ 100.3067, 2.3752 ], [ 100.3729, 2.1931 ], [ 100.3439, 2.1373 ], [ 100.3235, 2.061 ], [ 100.3181, 1.9018 ], [ 100.2889, 1.8755 ], [ 100.2891, 1.7989 ], [ 100.3898, 1.7577 ], [ 100.4116, 1.6736 ], [ 100.4082, 1.6247 ], [ 100.4218, 1.4854 ], [ 100.3766, 1.4498 ], [ 100.3485, 1.4541 ], [ 100.2772, 1.4747 ], [ 100.3266, 1.4371 ], [ 100.3409, 1.4377 ], [ 100.3465, 1.4181 ], [ 100.4803, 1.3423 ], [ 100.5593, 1.2552 ], [ 100.6455, 1.2535 ], [ 100.786, 1.2402 ], [ 100.8442, 1.3346 ], [ 100.9532, 1.3993 ], [ 100.976, 1.3788 ], [ 100.9734, 1.3488 ], [ 101.0141, 1.3495 ], [ 101.1773, 1.4519 ], [ 101.2774, 1.4674 ], [ 101.3172, 1.4744 ], [ 101.3354, 1.4961 ], [ 101.2392, 1.6948 ], [ 101.0669, 1.9353 ], [ 101.0102, 2.1248 ], [ 101.0391, 2.2202 ], [ 101.0472, 2.2908 ], [ 100.9253, 2.3047 ], [ 100.8112, 2.2968 ], [ 100.7605, 2.2509 ], [ 100.7889, 2.1188 ], [ 100.7632, 2.0863 ], [ 100.5677, 2.1557 ], [ 100.4404, 2.2591 ], [ 100.3939, 2.3183 ], [ 100.3453, 2.4342 ], [ 100.299, 2.4426 ] ] ] ] } },
{ "type": "Feature", "properties": { "balita": 53976.0, "u5mr": 13.03, "kabkota": "Rokan Hulu", "jenis": "Kabupaten", "provinsi": "RIAU", "pulau": "Sumatera", "provinsi_geojson": "Riau", "jenis_geo": "Kabupaten", "label": "Kab. Rokan Hulu", "kode_bps": "1407", "geo_key": "rokan hulu", "name_geojson": "Kabupaten Rokan Hulu", "peringkat_nasional": 446, "peringkat_provinsi": 10, "kelas_jenks": 1, "kelas_kuantil": 1 }, "geometry": { "type": "MultiPolygon", "coordinates": [ [ [ [ 100.745, 0.8698 ], [ 100.8349, 0.941 ], [ 100.9941, 0.9564 ], [ 100.9941, 0.9783 ], [ 100.9997, 0.9793 ], [ 100.9973, 1.0195 ], [ 100.9899, 1.0663 ], [ 100.9808, 1.0692 ], [ 100.9909, 1.117 ], [ 100.9924, 1.207 ], [ 100.9677, 1.3309 ], [ 100.976, 1.3788 ], [ 100.9532, 1.3993 ], [ 100.8442, 1.3346 ], [ 100.786, 1.2402 ], [ 100.6455, 1.2535 ], [ 100.5593, 1.2552 ], [ 100.4803, 1.3423 ], [ 100.3465, 1.4181 ], [ 100.3409, 1.4376 ], [ 100.3035, 1.4166 ], [ 100.2537, 1.4132 ], [ 100.1673, 1.4065 ], [ 100.0725, 1.3917 ], [ 100.0853, 1.3406 ], [ 100.1111, 1.2215 ], [ 100.1627, 1.1396 ], [ 100.1787, 1.1181 ], [ 100.1402, 1.0608 ], [ 100.1507, 0.9347 ], [ 100.1196, 0.9102 ], [ 100.0979, 0.9097 ], [ 100.1218, 0.8955 ], [ 100.133, 0.8657 ], [ 100.1208, 0.8374 ], [ 100.1579, 0.7991 ], [ 100.2117, 0.7361 ], [ 100.2844, 0.6823 ], [ 100.1978, 0.6281 ], [ 100.24, 0.5357 ], [ 100.2357, 0.4747 ], [ 100.3233, 0.4004 ], [ 100.4202, 0.4242 ], [ 100.4938, 0.4539 ], [ 100.5046, 0.442 ], [ 100.5556, 0.4721 ], [ 100.603, 0.5083 ], [ 100.7195, 0.3899 ], [ 100.8392, 0.3766 ], [ 100.8617, 0.5339 ], [ 100.797, 0.5333 ], [ 100.7598, 0.5897 ], [ 100.6743, 0.5956 ], [ 100.5872, 0.6975 ], [ 100.7036, 0.7815 ], [ 100.745, 0.8698 ] ] ] ] } },
{ "type": "Feature", "properties": { "balita": 42114.0, "u5mr": 18.34, "kabkota": "Siak", "jenis": "Kabupaten", "provinsi": "RIAU", "pulau": "Sumatera", "provinsi_geojson": "Riau", "jenis_geo": "Kabupaten", "label": "Kab. Siak", "kode_bps": "1405", "geo_key": "siak", "name_geojson": "Kabupaten Siak", "peringkat_nasional": 243, "peringkat_provinsi": 4, "kelas_jenks": 2, "kelas_kuantil": 3 }, "geometry": { "type": "MultiPolygon", "coordinates": [ [ [ [ 102.1686, 1.2285 ], [ 102.1652, 1.2017 ], [ 102.0376, 1.0874 ], [ 101.979, 0.98 ], [ 101.8568, 1.2015 ], [ 101.7127, 1.2118 ], [ 101.599, 1.034 ], [ 101.5475, 0.9217 ], [ 101.4562, 0.985 ], [ 101.3645, 1.032 ], [ 101.2823, 1.0597 ], [ 101.2313, 1.0068 ], [ 101.0789, 1.003 ], [ 100.984, 1.082 ], [ 100.9899, 1.0663 ], [ 100.9973, 1.0195 ], [ 100.9997, 0.9793 ], [ 100.9932, 0.9683 ], [ 101.001, 0.962 ], [ 101.0621, 0.9245 ], [ 101.3038, 0.8022 ], [ 101.3112, 0.7086 ], [ 101.3846, 0.6805 ], [ 101.4343, 0.6638 ], [ 101.4558, 0.6526 ], [ 101.4849, 0.6424 ], [ 101.5703, 0.6386 ], [ 101.5926, 0.6072 ], [ 101.5951, 0.5663 ], [ 101.5958, 0.5438 ], [ 101.592, 0.5297 ], [ 101.609, 0.4997 ], [ 101.6508, 0.4482 ], [ 101.7332, 0.4543 ], [ 101.771, 0.413 ], [ 101.8503, 0.4613 ], [ 101.9126, 0.454 ], [ 101.9323, 0.552 ], [ 102.8097, 0.653 ], [ 102.8627, 0.7096 ], [ 102.6902, 0.755 ], [ 102.5147, 0.7484 ], [ 102.4169, 0.804 ], [ 102.3399, 0.8996 ], [ 102.2291, 0.9958 ], [ 102.1919, 1.0871 ], [ 102.2091, 1.1868 ], [ 102.1686, 1.2285 ] ] ] ] } },
{ "type": "Feature", "properties": { "balita": 27549.0, "u5mr": 12.89, "kabkota": "Kota Dumai", "jenis": "Kota", "provinsi": "RIAU", "pulau": "Sumatera", "provinsi_geojson": "Riau", "jenis_geo": "Kota", "label": "Kota Dumai", "kode_bps": "1473", "geo_key": "kota dumai", "name_geojson": "Kota Dumai", "peringkat_nasional": 454, "peringkat_provinsi": 11, "kelas_jenks": 1, "kelas_kuantil": 1 }, "geometry": { "type": "MultiPolygon", "coordinates": [ [ [ [ 101.0391, 2.2202 ], [ 101.0102, 2.1248 ], [ 101.0669, 1.9353 ], [ 101.2392, 1.6948 ], [ 101.3354, 1.4961 ], [ 101.3172, 1.4744 ], [ 101.4356, 1.4472 ], [ 101.5066, 1.4933 ], [ 101.5281, 1.5956 ], [ 101.7185, 1.6227 ], [ 101.725, 1.6714 ], [ 101.6016, 1.6381 ], [ 101.5169, 1.6533 ], [ 101.3868, 1.7192 ], [ 101.357, 1.7788 ], [ 101.3219, 1.9974 ], [ 101.2673, 2.0801 ], [ 101.1783, 2.1263 ], [ 101.0631, 2.2341 ], [ 101.0391, 2.2202 ] ] ] ] } },
{ "type": "Feature", "properties": { "balita": 83780.0, "u5mr": 11.59, "kabkota": "Kota Pekanbaru", "jenis": "Kota", "provinsi": "RIAU", "pulau": "Sumatera", "provinsi_geojson": "Riau", "jenis_geo": "Kota", "label": "Kota Pekanbaru", "kode_bps": "1471", "geo_key": "kota pekanbaru", "name_geojson": "Kota Pekanbaru", "peringkat_nasional": 492, "peringkat_provinsi": 12, "kelas_jenks": 1, "kelas_kuantil": 1 }, "geometry": { "type": "MultiPolygon", "coordinates": [ [ [ [ 101.4849, 0.6424 ], [ 101.4558, 0.6526 ], [ 101.4343, 0.6638 ], [ 101.3846, 0.6805 ], [ 101.3758, 0.6456 ], [ 101.3318, 0.5869 ], [ 101.3428, 0.5681 ], [ 101.3322, 0.4766 ], [ 101.4473, 0.4204 ], [ 101.4961, 0.4448 ], [ 101.5635, 0.4611 ], [ 101.592, 0.5297 ], [ 101.5958, 0.5438 ], [ 101.5951, 0.5663 ], [ 101.5926, 0.6072 ], [ 101.5703, 0.6386 ], [ 101.4849, 0.6424 ] ] ] ] } },
{ "type": "Feature", "properties": { "balita": 18181.0, "u5mr": 35.76, "kabkota": "Majene", "jenis": "Kabupaten", "provinsi": "SULAWESI BARAT", "pulau": "Sulawesi", "provinsi_geojson": "Sulawesi Barat", "jenis_geo": "Kabupaten", "label": "Kab. Majene", "kode_bps": "7601", "geo_key": "majene", "name_geojson": "Kabupaten Majene", "peringkat_nasional": 46, "peringkat_provinsi": 3, "kelas_jenks": 4, "kelas_kuantil": 5 }, "geometry": { "type": "MultiPolygon", "coordinates": [ [ [ [ 118.9747, -2.9285 ], [ 118.896, -2.935 ], [ 118.8485, -2.9877 ], [ 118.84, -3.0789 ], [ 118.7801, -3.1217 ], [ 118.828, -3.1678 ], [ 118.8587, -3.302 ], [ 118.8457, -3.379 ], [ 118.8791, -3.4756 ], [ 118.9391, -3.5706 ], [ 118.9818, -3.498 ], [ 118.9151, -3.4086 ], [ 118.9247, -3.3694 ], [ 118.9247, -3.2927 ], [ 118.9097, -3.2379 ], [ 118.9545, -3.1596 ], [ 118.9464, -3.1054 ], [ 118.9835, -3.0999 ], [ 119.0377, -3.0846 ], [ 119.0665, -3.1081 ], [ 119.0567, -3.0535 ], [ 119.0827, -3.0245 ], [ 119.0667, -2.9865 ], [ 119.0261, -2.9604 ], [ 118.9747, -2.9285 ] ] ] ] } },
{ "type": "Feature", "properties": { "balita": 17009.0, "u5mr": 25.31, "kabkota": "Mamasa", "jenis": "Kabupaten", "provinsi": "SULAWESI BARAT", "pulau": "Sulawesi", "provinsi_geojson": "Sulawesi Barat", "jenis_geo": "Kabupaten", "label": "Kab. Mamasa", "kode_bps": "7603", "geo_key": "mamasa", "name_geojson": "Kabupaten Mamasa", "peringkat_nasional": 116, "peringkat_provinsi": 5, "kelas_jenks": 3, "kelas_kuantil": 4 }, "geometry": { "type": "MultiPolygon", "coordinates": [ [ [ [ 119.1022, -2.6691 ], [ 119.0131, -2.7736 ], [ 119.0261, -2.9604 ], [ 119.0684, -2.9883 ], [ 119.0822, -3.0179 ], [ 119.0759, -3.0383 ], [ 119.0576, -3.0475 ], [ 119.0665, -3.1082 ], [ 119.1491, -3.1168 ], [ 119.222, -3.0842 ], [ 119.2747, -3.0947 ], [ 119.2609, -3.1728 ], [ 119.296, -3.2636 ], [ 119.3371, -3.2895 ], [ 119.4118, -3.3219 ], [ 119.4386, -3.3201 ], [ 119.4366, -3.3134 ], [ 119.4321, -3.2617 ], [ 119.4037, -3.2468 ], [ 119.3938, -3.1989 ], [ 119.4703, -3.1909 ], [ 119.5157, -3.171 ], [ 119.6059, -3.1181 ], [ 119.55, -2.8976 ], [ 119.5856, -2.7637 ], [ 119.57, -2.7409 ], [ 119.4231, -2.7604 ], [ 119.3236, -2.6925 ], [ 119.2367, -2.7139 ], [ 119.1876, -2.6572 ], [ 119.1377, -2.6849 ], [ 119.1022, -2.6691 ] ] ] ] } },
{ "type": "Feature", "properties": { "balita": 29484.0, "u5mr": 25.29, "kabkota": "Mamuju", "jenis": "Kabupaten", "provinsi": "SULAWESI BARAT", "pulau": "Sulawesi", "provinsi_geojson": "Sulawesi Barat", "jenis_geo": "Kabupaten", "label": "Kab. Mamuju", "kode_bps": "7604", "geo_key": "mamuju", "name_geojson": "Kabupaten Mamuju", "peringkat_nasional": 117, "peringkat_provinsi": 6, "kelas_jenks": 3, "kelas_kuantil": 4 }, "geometry": { "type": "MultiPolygon", "coordinates": [ [ [ [ 119.5267, -2.1248 ], [ 119.4716, -2.1386 ], [ 119.4514, -2.1751 ], [ 119.334, -2.2019 ], [ 119.2518, -2.2489 ], [ 119.2007, -2.3133 ], [ 119.1302, -2.2984 ], [ 119.143, -2.3933 ], [ 119.1244, -2.4822 ], [ 119.0426, -2.5082 ], [ 119.0296, -2.5828 ], [ 118.9817, -2.6286 ], [ 118.8679, -2.6798 ], [ 118.8235, -2.622 ], [ 118.7792, -2.6893 ], [ 118.7575, -2.7897 ], [ 118.7694, -2.8668 ], [ 118.851, -2.8516 ], [ 118.8981, -2.9347 ], [ 118.9747, -2.9285 ], [ 119.0261, -2.9604 ], [ 119.0131, -2.7736 ], [ 119.1022, -2.6691 ], [ 119.1377, -2.6849 ], [ 119.1876, -2.6572 ], [ 119.2367, -2.7139 ], [ 119.3236, -2.6925 ], [ 119.4231, -2.7604 ], [ 119.57, -2.7409 ], [ 119.6141, -2.7504 ], [ 119.6307, -2.7546 ], [ 119.7478, -2.7144 ], [ 119.744, -2.6106 ], [ 119.7622, -2.5719 ], [ 119.7453, -2.5352 ], [ 119.7101, -2.489 ], [ 119.6878, -2.3712 ], [ 119.7122, -2.2562 ], [ 119.7425, -2.2279 ], [ 119.7467, -2.2147 ], [ 119.7388, -2.19 ], [ 119.7083, -2.1381 ], [ 119.6594, -2.1356 ], [ 119.5805, -2.1455 ], [ 119.5756, -2.1338 ], [ 119.5267, -2.1248 ] ] ] ] } },
{ "type": "Feature", "properties": { "balita": 15822.0, "u5mr": 36.44, "kabkota": "Mamuju Tengah", "jenis": "Kabupaten", "provinsi": "SULAWESI BARAT", "pulau": "Sulawesi", "provinsi_geojson": "Sulawesi Barat", "jenis_geo": "Kabupaten", "label": "Kab. Mamuju Tengah", "kode_bps": "7606", "geo_key": "mamuju tengah", "name_geojson": "Kabupaten Mamuju Tengah", "peringkat_nasional": 43, "peringkat_provinsi": 1, "kelas_jenks": 4, "kelas_kuantil": 5 }, "geometry": { "type": "MultiPolygon", "coordinates": [ [ [ [ 119.4125, -1.7331 ], [ 119.386, -1.7576 ], [ 119.3653, -1.7689 ], [ 119.3518, -1.7722 ], [ 119.3635, -1.8587 ], [ 119.3319, -1.9615 ], [ 119.2124, -1.9974 ], [ 119.1879, -2.1527 ], [ 119.1452, -2.1985 ], [ 119.1302, -2.2984 ], [ 119.2007, -2.3133 ], [ 119.2518, -2.2489 ], [ 119.334, -2.2019 ], [ 119.4514, -2.1751 ], [ 119.4716, -2.1386 ], [ 119.5267, -2.1248 ], [ 119.5756, -2.1338 ], [ 119.5805, -2.1455 ], [ 119.6594, -2.1356 ], [ 119.711, -2.1425 ], [ 119.8047, -2.112 ], [ 119.8514, -2.042 ], [ 119.8476, -2.0239 ], [ 119.8489, -1.9881 ], [ 119.8588, -1.8257 ], [ 119.8506, -1.7874 ], [ 119.7776, -1.8111 ], [ 119.7443, -1.8066 ], [ 119.7067, -1.8331 ], [ 119.657, -1.8419 ], [ 119.5116, -1.7934 ], [ 119.4502, -1.7532 ], [ 119.4125, -1.7331 ] ] ] ] } },
{ "type": "Feature", "properties": { "balita": 20598.0, "u5mr": 36.0, "kabkota": "Mamuju Utara", "jenis": "Kabupaten", "provinsi": "SULAWESI BARAT", "pulau": "Sulawesi", "provinsi_geojson": "Sulawesi Barat", "jenis_geo": "Kabupaten", "label": "Kab. Mamuju Utara", "kode_bps": "7605", "geo_key": "pasangkayu", "name_geojson": "Kabupaten Pasangkayu", "peringkat_nasional": 45, "peringkat_provinsi": 2, "kelas_jenks": 4, "kelas_kuantil": 5 }, "geometry": { "type": "MultiPolygon", "coordinates": [ [ [ [ 119.573, -0.8797 ], [ 119.5269, -0.899 ], [ 119.4613, -1.0741 ], [ 119.3377, -1.1938 ], [ 119.3033, -1.2733 ], [ 119.3328, -1.3494 ], [ 119.2885, -1.4501 ], [ 119.3256, -1.5679 ], [ 119.3008, -1.7061 ], [ 119.3518, -1.7722 ], [ 119.3653, -1.7689 ], [ 119.386, -1.7576 ], [ 119.4125, -1.7331 ], [ 119.4502, -1.7532 ], [ 119.5116, -1.7934 ], [ 119.657, -1.8419 ], [ 119.7067, -1.8331 ], [ 119.7443, -1.8066 ], [ 119.7776, -1.8111 ], [ 119.8506, -1.7874 ], [ 119.8437, -1.7757 ], [ 119.728, -1.6378 ], [ 119.7008, -1.5655 ], [ 119.6903, -1.5644 ], [ 119.6712, -1.5447 ], [ 119.6667, -1.5252 ], [ 119.6851, -1.4499 ], [ 119.6657, -1.4338 ], [ 119.5916, -1.3959 ], [ 119.5338, -1.4278 ], [ 119.5229, -1.4286 ], [ 119.4385, -1.3783 ], [ 119.4505, -1.3383 ], [ 119.4854, -1.3218 ], [ 119.5357, -1.1782 ], [ 119.5933, -1.125 ], [ 119.5519, -0.9425 ], [ 119.573, -0.8797 ] ] ] ] } },
{ "type": "Feature", "properties": { "balita": 46454.0, "u5mr": 31.08, "kabkota": "Polewali Mandar", "jenis": "Kabupaten", "provinsi": "SULAWESI BARAT", "pulau": "Sulawesi", "provinsi_geojson": "Sulawesi Barat", "jenis_geo": "Kabupaten", "label": "Kab. Polewali Mandar", "kode_bps": "7602", "geo_key": "polewali mandar", "name_geojson": "Kabupaten Polewali Mandar", "peringkat_nasional": 64, "peringkat_provinsi": 4, "kelas_jenks": 3, "kelas_kuantil": 5 }, "geometry": { "type": "MultiPolygon", "coordinates": [ [ [ [ 119.222, -3.0842 ], [ 119.1491, -3.1168 ], [ 119.0654, -3.1154 ], [ 119.0377, -3.0846 ], [ 118.9835, -3.0999 ], [ 118.9464, -3.1054 ], [ 118.9545, -3.1596 ], [ 118.9097, -3.2379 ], [ 118.9247, -3.2927 ], [ 118.9247, -3.3694 ], [ 118.9151, -3.4086 ], [ 118.9818, -3.498 ], [ 119.1082, -3.5163 ], [ 119.2351, -3.4854 ], [ 119.3048, -3.4255 ], [ 119.4742, -3.5023 ], [ 119.4753, -3.4577 ], [ 119.4595, -3.3843 ], [ 119.4118, -3.3219 ], [ 119.3371, -3.2895 ], [ 119.296, -3.2636 ], [ 119.2609, -3.1728 ], [ 119.2747, -3.0947 ], [ 119.222, -3.0842 ] ] ] ] } },
{ "type": "Feature", "properties": { "balita": 16863.0, "u5mr": 22.27, "kabkota": "Bantaeng", "jenis": "Kabupaten", "provinsi": "SULAWESI SELATAN", "pulau": "Sulawesi", "provinsi_geojson": "Sulawesi Selatan", "jenis_geo": "Kabupaten", "label": "Kab. Bantaeng", "kode_bps": "7303", "geo_key": "bantaeng", "name_geojson": "Kabupaten Bantaeng", "peringkat_nasional": 160, "peringkat_provinsi": 1, "kelas_jenks": 2, "kelas_kuantil": 4 }, "geometry": { "type": "MultiPolygon", "coordinates": [ [ [ [ 119.9556, -5.3544 ], [ 119.8947, -5.4798 ], [ 119.902, -5.5591 ], [ 119.9377, -5.5444 ], [ 120.1012, -5.5858 ], [ 120.0912, -5.4907 ], [ 120.0035, -5.3869 ], [ 119.9576, -5.381 ], [ 119.9556, -5.3544 ] ] ] ] } },
{ "type": "Feature", "properties": { "balita": 14866.0, "u5mr": 22.07, "kabkota": "Barru", "jenis": "Kabupaten", "provinsi": "SULAWESI SELATAN", "pulau": "Sulawesi", "provinsi_geojson": "Sulawesi Selatan", "jenis_geo": "Kabupaten", "label": "Kab. Barru", "kode_bps": "7310", "geo_key": "barru", "name_geojson": "Kabupaten Barru", "peringkat_nasional": 162, "peringkat_provinsi": 2, "kelas_jenks": 2, "kelas_kuantil": 4 }, "geometry": { "type": "MultiPolygon", "coordinates": [ [ [ [ 119.6672, -4.0694 ], [ 119.6057, -4.0832 ], [ 119.6362, -4.1616 ], [ 119.6106, -4.2585 ], [ 119.6372, -4.3193 ], [ 119.5963, -4.4166 ], [ 119.581, -4.5304 ], [ 119.6252, -4.5741 ], [ 119.661, -4.696 ], [ 119.6611, -4.7262 ], [ 119.696, -4.7566 ], [ 119.7234, -4.7876 ], [ 119.7551, -4.7752 ], [ 119.7882, -4.7531 ], [ 119.8257, -4.7177 ], [ 119.7869, -4.6884 ], [ 119.7601, -4.684 ], [ 119.7594, -4.6257 ], [ 119.8026, -4.5916 ], [ 119.79, -4.5132 ], [ 119.7585, -4.4803 ], [ 119.7561, -4.2888 ], [ 119.716, -4.2506 ], [ 119.748, -4.1396 ], [ 119.7197, -4.0774 ], [ 119.6672, -4.0694 ] ] ] ] } },
{ "type": "Feature", "properties": { "balita": 66436.0, "u5mr": 20.66, "kabkota": "Bone", "jenis": "Kabupaten", "provinsi": "SULAWESI SELATAN", "pulau": "Sulawesi", "provinsi_geojson": "Sulawesi Selatan", "jenis_geo": "Kabupaten", "label": "Kab. Bone", "kode_bps": "7311", "geo_key": "bone", "name_geojson": "Kabupaten Bone", "peringkat_nasional": 195, "peringkat_provinsi": 8, "kelas_jenks": 2, "kelas_kuantil": 4 }, "geometry": { "type": "MultiPolygon", "coordinates": [ [ [ [ 120.3376, -4.2404 ], [ 120.2638, -4.2727 ], [ 120.1934, -4.2369 ], [ 120.1126, -4.2443 ], [ 120.0615, -4.3206 ], [ 120.0944, -4.3351 ], [ 120.049, -4.3991 ], [ 120.0605, -4.4092 ], [ 120.0655, -4.4352 ], [ 120.058, -4.4981 ], [ 120.0468, -4.505 ], [ 120.0433, -4.5214 ], [ 120.0137, -4.5272 ], [ 119.9946, -4.5211 ], [ 119.9723, -4.5306 ], [ 119.9391, -4.5334 ], [ 119.9034, -4.5263 ], [ 119.8597, -4.5274 ], [ 119.8026, -4.5916 ], [ 119.7594, -4.6257 ], [ 119.7603, -4.6853 ], [ 119.8257, -4.7177 ], [ 119.7882, -4.7531 ], [ 119.7551, -4.7752 ], [ 119.7234, -4.7876 ], [ 119.7664, -4.8245 ], [ 119.807, -4.8082 ], [ 119.8087, -4.761 ], [ 119.867, -4.7441 ], [ 119.9475, -4.8002 ], [ 119.9487, -4.8449 ], [ 119.9334, -4.8736 ], [ 119.8903, -4.9732 ], [ 119.885, -5.0003 ], [ 119.8462, -5.0488 ], [ 119.8615, -5.0901 ], [ 119.8929, -5.0954 ], [ 119.9391, -5.1291 ], [ 119.9832, -5.1229 ], [ 120.0232, -5.1331 ], [ 120.0639, -5.0998 ], [ 120.1063, -5.071 ], [ 120.1379, -5.0574 ], [ 120.1953, -5.0798 ], [ 120.229, -5.0958 ], [ 120.2608, -5.1162 ], [ 120.312, -4.9109 ], [ 120.3058, -4.8679 ], [ 120.3794, -4.8081 ], [ 120.3996, -4.7107 ], [ 120.4444, -4.6622 ], [ 120.3995, -4.6064 ], [ 120.3468, -4.4262 ], [ 120.3933, -4.3337 ], [ 120.3376, -4.2404 ] ] ] ] } },
{ "type": "Feature", "properties": { "balita": 37857.0, "u5mr": 17.59, "kabkota": "Bulukumba", "jenis": "Kabupaten", "provinsi": "SULAWESI SELATAN", "pulau": "Sulawesi", "provinsi_geojson": "Sulawesi Selatan", "jenis_geo": "Kabupaten", "label": "Kab. Bulukumba", "kode_bps": "7302", "geo_key": "bulukumba", "name_geojson": "Kabupaten Bulukumba", "peringkat_nasional": 269, "peringkat_provinsi": 12, "kelas_jenks": 2, "kelas_kuantil": 3 }, "geometry": { "type": "MultiPolygon", "coordinates": [ [ [ [ 120.2443, -5.2996 ], [ 120.1406, -5.2884 ], [ 120.0623, -5.3339 ], [ 120.0396, -5.3469 ], [ 119.9576, -5.381 ], [ 120.0035, -5.3869 ], [ 120.0912, -5.4907 ], [ 120.1058, -5.589 ], [ 120.3182, -5.5067 ], [ 120.3945, -5.5866 ], [ 120.4622, -5.6034 ], [ 120.4512, -5.4768 ], [ 120.4051, -5.3416 ], [ 120.3069, -5.294 ], [ 120.2989, -5.2879 ], [ 120.2443, -5.2996 ] ] ] ] } },
{ "type": "Feature", "properties": { "balita": 23004.0, "u5mr": 16.89, "kabkota": "Enrekang", "jenis": "Kabupaten", "provinsi": "SULAWESI SELATAN", "pulau": "Sulawesi", "provinsi_geojson": "Sulawesi Selatan", "jenis_geo": "Kabupaten", "label": "Kab. Enrekang", "kode_bps": "7316", "geo_key": "enrekang", "name_geojson": "Kabupaten Enrekang", "peringkat_nasional": 296, "peringkat_provinsi": 14, "kelas_jenks": 2, "kelas_kuantil": 3 }, "geometry": { "type": "MultiPolygon", "coordinates": [ [ [ [ 119.7739, -3.2454 ], [ 119.7305, -3.294 ], [ 119.7254, -3.3828 ], [ 119.702, -3.4248 ], [ 119.6927, -3.4262 ], [ 119.7062, -3.4728 ], [ 119.7589, -3.7128 ], [ 119.7982, -3.7288 ], [ 119.8161, -3.7447 ], [ 119.8232, -3.7673 ], [ 119.9067, -3.8227 ], [ 119.9606, -3.804 ], [ 119.9405, -3.7618 ], [ 119.9229, -3.6854 ], [ 120.0272, -3.5957 ], [ 120.0615, -3.5371 ], [ 120.0746, -3.4462 ], [ 120.0255, -3.3883 ], [ 120.0414, -3.3683 ], [ 120.0017, -3.3343 ], [ 120.006, -3.3189 ], [ 119.9882, -3.3079 ], [ 119.9662, -3.2913 ], [ 119.8819, -3.2568 ], [ 119.8151, -3.2455 ], [ 119.7739, -3.2454 ] ] ] ] } },
{ "type": "Feature", "properties": { "balita": 70849.0, "u5mr": 16.21, "kabkota": "Gowa", "jenis": "Kabupaten", "provinsi": "SULAWESI SELATAN", "pulau": "Sulawesi", "provinsi_geojson": "Sulawesi Selatan", "jenis_geo": "Kabupaten", "label": "Kab. Gowa", "kode_bps": "7306", "geo_key": "gowa", "name_geojson": "Kabupaten Gowa", "peringkat_nasional": 325, "peringkat_provinsi": 16, "kelas_jenks": 1, "kelas_kuantil": 2 }, "geometry": { "type": "MultiPolygon", "coordinates": [ [ [ [ 119.8642, -5.0918 ], [ 119.8711, -5.1206 ], [ 119.7992, -5.212 ], [ 119.6856, -5.1664 ], [ 119.5667, -5.1731 ], [ 119.5304, -5.1673 ], [ 119.512, -5.1771 ], [ 119.4146, -5.1956 ], [ 119.4162, -5.2397 ], [ 119.4044, -5.2486 ], [ 119.3945, -5.3106 ], [ 119.369, -5.3967 ], [ 119.3729, -5.4255 ], [ 119.4568, -5.3756 ], [ 119.4754, -5.3298 ], [ 119.4814, -5.311 ], [ 119.5481, -5.2958 ], [ 119.5867, -5.3275 ], [ 119.6175, -5.368 ], [ 119.635, -5.3782 ], [ 119.646, -5.3966 ], [ 119.6409, -5.4141 ], [ 119.6526, -5.4655 ], [ 119.6361, -5.4585 ], [ 119.6266, -5.4603 ], [ 119.6341, -5.4738 ], [ 119.6643, -5.4775 ], [ 119.6906, -5.4946 ], [ 119.7725, -5.5697 ], [ 119.7777, -5.5613 ], [ 119.7945, -5.5564 ], [ 119.8731, -5.4313 ], [ 119.9376, -5.3559 ], [ 119.9566, -5.29 ], [ 120.0248, -5.1999 ], [ 119.9731, -5.1586 ], [ 119.9391, -5.1291 ], [ 119.8929, -5.0954 ], [ 119.8642, -5.0918 ] ] ] ] } },
{ "type": "Feature", "properties": { "balita": 36329.0, "u5mr": 17.26, "kabkota": "Jeneponto", "jenis": "Kabupaten", "provinsi": "SULAWESI SELATAN", "pulau": "Sulawesi", "provinsi_geojson": "Sulawesi Selatan", "jenis_geo": "Kabupaten", "label": "Kab. Jeneponto", "kode_bps": "7304", "geo_key": "jeneponto", "name_geojson": "Kabupaten Jeneponto", "peringkat_nasional": 285, "peringkat_provinsi": 13, "kelas_jenks": 2, "kelas_kuantil": 3 }, "geometry": { "type": "MultiPolygon", "coordinates": [ [ [ [ 119.8947, -5.4798 ], [ 119.8731, -5.4313 ], [ 119.7945, -5.5564 ], [ 119.7777, -5.5613 ], [ 119.7725, -5.5697 ], [ 119.6906, -5.4946 ], [ 119.6643, -5.4775 ], [ 119.6341, -5.4738 ], [ 119.6266, -5.4603 ], [ 119.6361, -5.4585 ], [ 119.6394, -5.4305 ], [ 119.5735, -5.4466 ], [ 119.5297, -5.4319 ], [ 119.5283, -5.4812 ], [ 119.5117, -5.4921 ], [ 119.4875, -5.5108 ], [ 119.5123, -5.5693 ], [ 119.6506, -5.6287 ], [ 119.6474, -5.682 ], [ 119.7898, -5.7011 ], [ 119.8543, -5.6575 ], [ 119.902, -5.5591 ], [ 119.8947, -5.4798 ] ] ] ] } },
{ "type": "Feature", "properties": { "balita": 11784.0, "u5mr": 19.23, "kabkota": "Kepulauan Selayar", "jenis": "Kabupaten", "provinsi": "SULAWESI SELATAN", "pulau": "Sulawesi", "provinsi_geojson": "Sulawesi Selatan", "jenis_geo": "Kabupaten", "label": "Kab. Kepulauan Selayar", "kode_bps": "7301", "geo_key": "kepulauan selayar", "name_geojson": "Kabupaten Kepulauan Selayar", "peringkat_nasional": 220, "peringkat_provinsi": 10, "kelas_jenks": 2, "kelas_kuantil": 3 }, "geometry": { "type": "MultiPolygon", "coordinates": [ [ [ [ 120.6196, -7.0055 ], [ 120.6231, -7.1133 ], [ 120.6675, -7.1474 ], [ 120.783, -7.0975 ], [ 120.6196, -7.0055 ] ] ], [ [ [ 120.475, -5.7737 ], [ 120.4451, -5.9603 ], [ 120.4659, -6.0933 ], [ 120.4424, -6.2563 ], [ 120.5385, -6.3277 ], [ 120.5288, -6.1881 ], [ 120.5683, -6.0558 ], [ 120.5303, -5.8445 ], [ 120.475, -5.7737 ] ] ] ] } },
{ "type": "Feature", "properties": { "balita": 34935.0, "u5mr": 20.81, "kabkota": "Luwu", "jenis": "Kabupaten", "provinsi": "SULAWESI SELATAN", "pulau": "Sulawesi", "provinsi_geojson": "Sulawesi Selatan", "jenis_geo": "Kabupaten", "label": "Kab. Luwu", "kode_bps": "7317", "geo_key": "luwu", "name_geojson": "Kabupaten Luwu", "peringkat_nasional": 190, "peringkat_provinsi": 6, "kelas_jenks": 2, "kelas_kuantil": 4 }, "geometry": { "type": "MultiPolygon", "coordinates": [ [ [ [ 120.1138, -3.038 ], [ 120.0345, -3.0439 ], [ 120.0213, -3.0722 ], [ 120.028, -3.0707 ], [ 120.01, -3.1672 ], [ 119.9937, -3.2119 ], [ 120.0441, -3.3511 ], [ 120.0387, -3.3779 ], [ 120.0255, -3.3883 ], [ 120.0746, -3.4462 ], [ 120.1121, -3.5087 ], [ 120.1554, -3.5238 ], [ 120.1798, -3.5431 ], [ 120.234, -3.5845 ], [ 120.2744, -3.6137 ], [ 120.3243, -3.6444 ], [ 120.356, -3.6516 ], [ 120.4083, -3.6673 ], [ 120.4175, -3.5734 ], [ 120.3915, -3.4885 ], [ 120.4045, -3.3397 ], [ 120.3817, -3.2019 ], [ 120.2566, -3.1616 ], [ 120.2624, -3.0821 ], [ 120.2095, -3.0675 ], [ 120.1135, -3.0606 ], [ 120.1069, -3.0447 ], [ 120.1138, -3.038 ] ] ], [ [ [ 120.1305, -2.7038 ], [ 120.0747, -2.6973 ], [ 120.0613, -2.6895 ], [ 119.9663, -2.6965 ], [ 119.9435, -2.7043 ], [ 119.9274, -2.7281 ], [ 119.9128, -2.7803 ], [ 119.9908, -2.844 ], [ 120.0526, -2.9311 ], [ 120.0495, -2.9525 ], [ 120.0867, -2.9304 ], [ 120.0943, -2.9178 ], [ 120.123, -2.9121 ], [ 120.1431, -2.8961 ], [ 120.1829, -2.8873 ], [ 120.277, -2.8675 ], [ 120.1908, -2.7645 ], [ 120.171, -2.736 ], [ 120.1305, -2.7038 ] ] ] ] } },
{ "type": "Feature", "properties": { "balita": 27502.0, "u5mr": 15.79, "kabkota": "Luwu Timur", "jenis": "Kabupaten", "provinsi": "SULAWESI SELATAN", "pulau": "Sulawesi", "provinsi_geojson": "Sulawesi Selatan", "jenis_geo": "Kabupaten", "label": "Kab. Luwu Timur", "kode_bps": "7325", "geo_key": "luwu timur", "name_geojson": "Kabupaten Luwu Timur", "peringkat_nasional": 344, "peringkat_provinsi": 18, "kelas_jenks": 1, "kelas_kuantil": 2 }, "geometry": { "type": "MultiPolygon", "coordinates": [ [ [ [ 121.0102, -2.8664 ], [ 121.0683, -2.787 ], [ 121.0825, -2.7733 ], [ 121.1532, -2.8127 ], [ 121.319, -2.964 ], [ 121.4175, -3.0159 ], [ 121.4437, -3.0116 ], [ 121.4838, -2.9489 ], [ 121.5478, -2.9178 ], [ 121.6702, -2.9004 ], [ 121.6708, -2.8708 ], [ 121.7153, -2.7533 ], [ 121.7841, -2.6417 ], [ 121.7201, -2.6038 ], [ 121.6299, -2.5056 ], [ 121.5703, -2.4912 ], [ 121.4511, -2.4178 ], [ 121.4059, -2.4036 ], [ 121.2279, -2.3684 ], [ 121.1693, -2.3813 ], [ 121.1225, -2.3935 ], [ 121.1055, -2.4003 ], [ 121.1094, -2.3155 ], [ 121.0488, -2.2653 ], [ 120.9578, -2.2519 ], [ 120.8574, -2.2562 ], [ 120.8552, -2.2223 ], [ 120.8235, -2.2179 ], [ 120.8057, -2.2237 ], [ 120.7829, -2.2131 ], [ 120.7799, -2.2281 ], [ 120.7431, -2.2418 ], [ 120.7376, -2.2287 ], [ 120.6866, -2.2038 ], [ 120.5995, -2.096 ], [ 120.5297, -2.083 ], [ 120.5244, -2.0904 ], [ 120.5082, -2.1628 ], [ 120.4866, -2.2318 ], [ 120.4998, -2.2876 ], [ 120.5406, -2.4282 ], [ 120.5748, -2.4631 ], [ 120.6315, -2.6201 ], [ 120.6559, -2.6672 ], [ 120.6741, -2.6449 ], [ 120.8172, -2.6195 ], [ 121.0875, -2.7156 ], [ 120.9944, -2.8188 ], [ 121.0102, -2.8664 ] ] ] ] } },
{ "type": "Feature", "properties": { "balita": 30363.0, "u5mr": 18.35, "kabkota": "Luwu Utara", "jenis": "Kabupaten", "provinsi": "SULAWESI SELATAN", "pulau": "Sulawesi", "provinsi_geojson": "Sulawesi Selatan", "jenis_geo": "Kabupaten", "label": "Kab. Luwu Utara", "kode_bps": "7322", "geo_key": "luwu utara", "name_geojson": "Kabupaten Luwu Utara", "peringkat_nasional": 242, "peringkat_provinsi": 11, "kelas_jenks": 2, "kelas_kuantil": 3 }, "geometry": { "type": "MultiPolygon", "coordinates": [ [ [ [ 120.0446, -1.9721 ], [ 119.9952, -1.9579 ], [ 119.9208, -2.0331 ], [ 119.8514, -2.042 ], [ 119.8047, -2.112 ], [ 119.711, -2.1425 ], [ 119.7382, -2.1884 ], [ 119.7472, -2.2214 ], [ 119.7122, -2.2562 ], [ 119.6878, -2.3712 ], [ 119.7101, -2.489 ], [ 119.7453, -2.5352 ], [ 119.7622, -2.5719 ], [ 119.7844, -2.5975 ], [ 119.8386, -2.6474 ], [ 119.8556, -2.6881 ], [ 119.9274, -2.7281 ], [ 119.9406, -2.7057 ], [ 119.958, -2.6987 ], [ 120.0467, -2.7006 ], [ 120.0613, -2.6895 ], [ 120.0747, -2.6973 ], [ 120.1305, -2.7038 ], [ 120.171, -2.736 ], [ 120.1908, -2.7645 ], [ 120.277, -2.8675 ], [ 120.3503, -2.8668 ], [ 120.4505, -2.8261 ], [ 120.5732, -2.7055 ], [ 120.6559, -2.6672 ], [ 120.6315, -2.6201 ], [ 120.5748, -2.4631 ], [ 120.5406, -2.4282 ], [ 120.4998, -2.2876 ], [ 120.4866, -2.2318 ], [ 120.5082, -2.1628 ], [ 120.5081, -2.1129 ], [ 120.4287, -1.9861 ], [ 120.329, -1.9971 ], [ 120.2992, -2.0504 ], [ 120.2878, -2.0274 ], [ 120.232, -1.9826 ], [ 120.1092, -1.9778 ], [ 120.0446, -1.9721 ] ] ] ] } },
{ "type": "Feature", "properties": { "balita": 36489.0, "u5mr": 16.63, "kabkota": "Maros", "jenis": "Kabupaten", "provinsi": "SULAWESI SELATAN", "pulau": "Sulawesi", "provinsi_geojson": "Sulawesi Selatan", "jenis_geo": "Kabupaten", "label": "Kab. Maros", "kode_bps": "7308", "geo_key": "maros", "name_geojson": "Kabupaten Maros", "peringkat_nasional": 304, "peringkat_provinsi": 15, "kelas_jenks": 1, "kelas_kuantil": 3 }, "geometry": { "type": "MultiPolygon", "coordinates": [ [ [ [ 119.9475, -4.8002 ], [ 119.867, -4.7441 ], [ 119.8087, -4.761 ], [ 119.8108, -4.8213 ], [ 119.7963, -4.8648 ], [ 119.8045, -4.9257 ], [ 119.667, -4.9505 ], [ 119.5877, -4.8957 ], [ 119.563, -4.8923 ], [ 119.4791, -4.9892 ], [ 119.4779, -5.0587 ], [ 119.5433, -5.077 ], [ 119.5012, -5.1613 ], [ 119.5304, -5.1673 ], [ 119.5667, -5.1731 ], [ 119.6856, -5.1664 ], [ 119.7992, -5.212 ], [ 119.8711, -5.1206 ], [ 119.8642, -5.0918 ], [ 119.8467, -5.0466 ], [ 119.8903, -4.9732 ], [ 119.9334, -4.8736 ], [ 119.9487, -4.8449 ], [ 119.9475, -4.8002 ] ] ] ] } },
{ "type": "Feature", "properties": { "balita": 29743.0, "u5mr": 21.6, "kabkota": "Pangkajene Dan Kepulauan", "jenis": "Kabupaten", "provinsi": "SULAWESI SELATAN", "pulau": "Sulawesi", "provinsi_geojson": "Sulawesi Selatan", "jenis_geo": "Kabupaten", "label": "Kab. Pangkajene Dan Kepulauan", "kode_bps": "7309", "geo_key": "pangkajene dan kepulauan", "name_geojson": "Kabupaten Pangkajene Dan Kepulauan", "peringkat_nasional": 171, "peringkat_provinsi": 3, "kelas_jenks": 2, "kelas_kuantil": 4 }, "geometry": { "type": "MultiPolygon", "coordinates": [ [ [ [ 119.6252, -4.5741 ], [ 119.5876, -4.5863 ], [ 119.4819, -4.7514 ], [ 119.5049, -4.8653 ], [ 119.563, -4.8923 ], [ 119.5877, -4.8957 ], [ 119.667, -4.9505 ], [ 119.8045, -4.9257 ], [ 119.7963, -4.8648 ], [ 119.807, -4.8082 ], [ 119.7664, -4.8245 ], [ 119.7003, -4.8022 ], [ 119.696, -4.7566 ], [ 119.6611, -4.7262 ], [ 119.661, -4.696 ], [ 119.6252, -4.5741 ] ] ] ] } },
{ "type": "Feature", "properties": { "balita": 36676.0, "u5mr": 15.51, "kabkota": "Pinrang", "jenis": "Kabupaten", "provinsi": "SULAWESI SELATAN", "pulau": "Sulawesi", "provinsi_geojson": "Sulawesi Selatan", "jenis_geo": "Kabupaten", "label": "Kab. Pinrang", "kode_bps": "7315", "geo_key": "pinrang", "name_geojson": "Kabupaten Pinrang", "peringkat_nasional": 354, "peringkat_provinsi": 20, "kelas_jenks": 1, "kelas_kuantil": 2 }, "geometry": { "type": "MultiPolygon", "coordinates": [ [ [ [ 119.5797, -3.2883 ], [ 119.5207, -3.3096 ], [ 119.4761, -3.2883 ], [ 119.4366, -3.3134 ], [ 119.4386, -3.3201 ], [ 119.4595, -3.3843 ], [ 119.4753, -3.4577 ], [ 119.4742, -3.5023 ], [ 119.5105, -3.5963 ], [ 119.4594, -3.6419 ], [ 119.4526, -3.7134 ], [ 119.5383, -3.902 ], [ 119.5864, -3.9738 ], [ 119.6401, -3.9805 ], [ 119.7038, -3.9063 ], [ 119.7272, -3.8632 ], [ 119.7487, -3.7783 ], [ 119.778, -3.7378 ], [ 119.8027, -3.7333 ], [ 119.7589, -3.7128 ], [ 119.7062, -3.4728 ], [ 119.6927, -3.4262 ], [ 119.702, -3.4248 ], [ 119.6842, -3.3896 ], [ 119.6205, -3.3021 ], [ 119.6026, -3.2822 ], [ 119.5797, -3.2883 ] ] ] ] } },
{ "type": "Feature", "properties": { "balita": 25984.0, "u5mr": 15.53, "kabkota": "Sidenreng Rappang", "jenis": "Kabupaten", "provinsi": "SULAWESI SELATAN", "pulau": "Sulawesi", "provinsi_geojson": "Sulawesi Selatan", "jenis_geo": "Kabupaten", "label": "Kab. Sidenreng Rappang", "kode_bps": "7314", "geo_key": "sidenreng rappang", "name_geojson": "Kabupaten Sidenreng Rappang", "peringkat_nasional": 352, "peringkat_provinsi": 19, "kelas_jenks": 1, "kelas_kuantil": 2 }, "geometry": { "type": "MultiPolygon", "coordinates": [ [ [ [ 120.1121, -3.5087 ], [ 120.0615, -3.5371 ], [ 120.0272, -3.5957 ], [ 119.9229, -3.6854 ], [ 119.9405, -3.7618 ], [ 119.9606, -3.804 ], [ 119.9067, -3.8227 ], [ 119.8232, -3.7673 ], [ 119.8027, -3.7333 ], [ 119.778, -3.7378 ], [ 119.7487, -3.7783 ], [ 119.7272, -3.8632 ], [ 119.7038, -3.9063 ], [ 119.6594, -3.966 ], [ 119.6864, -3.9902 ], [ 119.6987, -4.0138 ], [ 119.7022, -4.0342 ], [ 119.7506, -4.1267 ], [ 119.8021, -4.1297 ], [ 119.8095, -4.1122 ], [ 119.8483, -4.0986 ], [ 119.8968, -4.1081 ], [ 119.8965, -4.0786 ], [ 119.8988, -3.9739 ], [ 119.956, -3.9391 ], [ 120.0162, -3.9386 ], [ 120.0459, -3.8702 ], [ 120.2105, -3.7234 ], [ 120.1566, -3.6422 ], [ 120.2401, -3.6736 ], [ 120.2994, -3.7365 ], [ 120.3085, -3.6913 ], [ 120.2744, -3.6137 ], [ 120.234, -3.5845 ], [ 120.1798, -3.5431 ], [ 120.1554, -3.5238 ], [ 120.1121, -3.5087 ] ] ] ] } },
{ "type": "Feature", "properties": { "balita": 22684.0, "u5mr": 21.2, "kabkota": "Sinjai", "jenis": "Kabupaten", "provinsi": "SULAWESI SELATAN", "pulau": "Sulawesi", "provinsi_geojson": "Sulawesi Selatan", "jenis_geo": "Kabupaten", "label": "Kab. Sinjai", "kode_bps": "7307", "geo_key": "sinjai", "name_geojson": "Kabupaten Sinjai", "peringkat_nasional": 179, "peringkat_provinsi": 4, "kelas_jenks": 2, "kelas_kuantil": 4 }, "geometry": { "type": "MultiPolygon", "coordinates": [ [ [ [ 120.1063, -5.071 ], [ 120.0639, -5.0998 ], [ 120.0232, -5.1331 ], [ 119.9832, -5.1229 ], [ 119.9731, -5.1586 ], [ 120.0248, -5.1999 ], [ 119.9566, -5.29 ], [ 119.9376, -5.3559 ], [ 119.9556, -5.3544 ], [ 120.0396, -5.3469 ], [ 120.0623, -5.3339 ], [ 120.1406, -5.2884 ], [ 120.2443, -5.2996 ], [ 120.2989, -5.2879 ], [ 120.3069, -5.294 ], [ 120.3116, -5.2172 ], [ 120.2608, -5.1162 ], [ 120.229, -5.0958 ], [ 120.1953, -5.0798 ], [ 120.1379, -5.0574 ], [ 120.1063, -5.071 ] ] ] ] } },
{ "type": "Feature", "properties": { "balita": 17754.0, "u5mr": 20.84, "kabkota": "Soppeng", "jenis": "Kabupaten", "provinsi": "SULAWESI SELATAN", "pulau": "Sulawesi", "provinsi_geojson": "Sulawesi Selatan", "jenis_geo": "Kabupaten", "label": "Kab. Soppeng", "kode_bps": "7312", "geo_key": "soppeng", "name_geojson": "Kabupaten Soppeng", "peringkat_nasional": 189, "peringkat_provinsi": 5, "kelas_jenks": 2, "kelas_kuantil": 4 }, "geometry": { "type": "MultiPolygon", "coordinates": [ [ [ [ 119.9504, -4.1233 ], [ 119.8632, -4.1048 ], [ 119.8487, -4.0986 ], [ 119.8241, -4.1053 ], [ 119.8094, -4.1122 ], [ 119.8021, -4.1297 ], [ 119.7506, -4.1267 ], [ 119.748, -4.1396 ], [ 119.716, -4.2506 ], [ 119.7561, -4.2888 ], [ 119.7585, -4.4803 ], [ 119.79, -4.5132 ], [ 119.8597, -4.5274 ], [ 119.9034, -4.5263 ], [ 119.9391, -4.5334 ], [ 119.9723, -4.5306 ], [ 119.9946, -4.5211 ], [ 120.0338, -4.5257 ], [ 120.0436, -4.5209 ], [ 120.0604, -4.4863 ], [ 120.0641, -4.4192 ], [ 120.049, -4.3991 ], [ 120.0944, -4.3351 ], [ 120.0615, -4.3206 ], [ 120.0416, -4.2872 ], [ 120.0077, -4.2686 ], [ 119.988, -4.2639 ], [ 119.9596, -4.2565 ], [ 119.9504, -4.1233 ] ] ] ] } },
{ "type": "Feature", "properties": { "balita": 27706.0, "u5mr": 20.72, "kabkota": "Takalar", "jenis": "Kabupaten", "provinsi": "SULAWESI SELATAN", "pulau": "Sulawesi", "provinsi_geojson": "Sulawesi Selatan", "jenis_geo": "Kabupaten", "label": "Kab. Takalar", "kode_bps": "7305", "geo_key": "takalar", "name_geojson": "Kabupaten Takalar", "peringkat_nasional": 194, "peringkat_provinsi": 7, "kelas_jenks": 2, "kelas_kuantil": 4 }, "geometry": { "type": "MultiPolygon", "coordinates": [ [ [ [ 119.5481, -5.2958 ], [ 119.4814, -5.311 ], [ 119.4754, -5.3298 ], [ 119.4568, -5.3756 ], [ 119.3729, -5.4255 ], [ 119.4305, -5.5085 ], [ 119.4875, -5.5108 ], [ 119.5117, -5.4921 ], [ 119.5283, -5.4812 ], [ 119.5734, -5.4465 ], [ 119.6083, -5.442 ], [ 119.6363, -5.4316 ], [ 119.6272, -5.4192 ], [ 119.6454, -5.4073 ], [ 119.6408, -5.3854 ], [ 119.6175, -5.368 ], [ 119.5867, -5.3275 ], [ 119.5481, -5.2958 ] ] ], [ [ [ 119.4162, -5.2397 ], [ 119.3861, -5.2154 ], [ 119.354, -5.3262 ], [ 119.369, -5.3967 ], [ 119.3945, -5.3106 ], [ 119.4044, -5.2486 ], [ 119.4162, -5.2397 ] ] ] ] } },
{ "type": "Feature", "properties": { "balita": 28415.0, "u5mr": 14.07, "kabkota": "Tana Toraja", "jenis": "Kabupaten", "provinsi": "SULAWESI SELATAN", "pulau": "Sulawesi", "provinsi_geojson": "Sulawesi Selatan", "jenis_geo": "Kabupaten", "label": "Kab. Tana Toraja", "kode_bps": "7318", "geo_key": "tana toraja", "name_geojson": "Kabupaten Tana Toraja", "peringkat_nasional": 412, "peringkat_provinsi": 22, "kelas_jenks": 1, "kelas_kuantil": 1 }, "geometry": { "type": "MultiPolygon", "coordinates": [ [ [ [ 119.6141, -2.7504 ], [ 119.5856, -2.7637 ], [ 119.55, -2.8976 ], [ 119.6059, -3.1181 ], [ 119.5157, -3.171 ], [ 119.4703, -3.1909 ], [ 119.3938, -3.1989 ], [ 119.4037, -3.2468 ], [ 119.4321, -3.2617 ], [ 119.4761, -3.2883 ], [ 119.5207, -3.3096 ], [ 119.5797, -3.2883 ], [ 119.6026, -3.2822 ], [ 119.6205, -3.3021 ], [ 119.6842, -3.3896 ], [ 119.7254, -3.3828 ], [ 119.7305, -3.294 ], [ 119.7739, -3.2454 ], [ 119.8151, -3.2455 ], [ 119.8819, -3.2568 ], [ 119.9662, -3.2913 ], [ 119.9882, -3.3079 ], [ 120.006, -3.3189 ], [ 120.0017, -3.3343 ], [ 120.0414, -3.3683 ], [ 120.0441, -3.3511 ], [ 119.9937, -3.2119 ], [ 119.9871, -3.1827 ], [ 119.9782, -3.1524 ], [ 119.9794, -3.1091 ], [ 119.9689, -3.0691 ], [ 119.8589, -3.0423 ], [ 119.808, -2.9598 ], [ 119.7502, -2.9541 ], [ 119.6998, -2.9241 ], [ 119.6906, -2.8704 ], [ 119.6965, -2.845 ], [ 119.6751, -2.7688 ], [ 119.6307, -2.7546 ], [ 119.6141, -2.7504 ] ] ] ] } },
{ "type": "Feature", "properties": { "balita": 29642.0, "u5mr": 12.93, "kabkota": "Toraja Utara", "jenis": "Kabupaten", "provinsi": "SULAWESI SELATAN", "pulau": "Sulawesi", "provinsi_geojson": "Sulawesi Selatan", "jenis_geo": "Kabupaten", "label": "Kab. Toraja Utara", "kode_bps": "7326", "geo_key": "toraja utara", "name_geojson": "Kabupaten Toraja Utara", "peringkat_nasional": 451, "peringkat_provinsi": 23, "kelas_jenks": 1, "kelas_kuantil": 1 }, "geometry": { "type": "MultiPolygon", "coordinates": [ [ [ [ 119.7844, -2.5975 ], [ 119.744, -2.6106 ], [ 119.7478, -2.7144 ], [ 119.6751, -2.7688 ], [ 119.6965, -2.845 ], [ 119.6906, -2.8704 ], [ 119.6998, -2.9241 ], [ 119.7502, -2.9541 ], [ 119.808, -2.9598 ], [ 119.8589, -3.0423 ], [ 119.9689, -3.0691 ], [ 119.9794, -3.1091 ], [ 119.9782, -3.1524 ], [ 119.9871, -3.1827 ], [ 120.01, -3.1672 ], [ 120.028, -3.0707 ], [ 120.0213, -3.0722 ], [ 120.0345, -3.0439 ], [ 120.051, -2.9835 ], [ 120.0609, -2.9653 ], [ 120.0495, -2.9523 ], [ 120.0526, -2.9311 ], [ 119.9908, -2.844 ], [ 119.9128, -2.7803 ], [ 119.8556, -2.6881 ], [ 119.8386, -2.6474 ], [ 119.7844, -2.5975 ] ] ] ] } },
{ "type": "Feature", "properties": { "balita": 28971.0, "u5mr": 20.32, "kabkota": "Wajo", "jenis": "Kabupaten", "provinsi": "SULAWESI SELATAN", "pulau": "Sulawesi", "provinsi_geojson": "Sulawesi Selatan", "jenis_geo": "Kabupaten", "label": "Kab. Wajo", "kode_bps": "7313", "geo_key": "wajo", "name_geojson": "Kabupaten Wajo", "peringkat_nasional": 199, "peringkat_provinsi": 9, "kelas_jenks": 2, "kelas_kuantil": 4 }, "geometry": { "type": "MultiPolygon", "coordinates": [ [ [ [ 120.2401, -3.6736 ], [ 120.1566, -3.6422 ], [ 120.2105, -3.7234 ], [ 120.0459, -3.8702 ], [ 120.0162, -3.9386 ], [ 119.956, -3.9391 ], [ 119.8988, -3.9739 ], [ 119.8965, -4.0786 ], [ 119.9504, -4.1233 ], [ 119.9596, -4.2565 ], [ 119.988, -4.2639 ], [ 120.0077, -4.2686 ], [ 120.0416, -4.2872 ], [ 120.1126, -4.2443 ], [ 120.1934, -4.2369 ], [ 120.2638, -4.2727 ], [ 120.3376, -4.2404 ], [ 120.3811, -4.1752 ], [ 120.3304, -4.0959 ], [ 120.361, -4.0223 ], [ 120.3366, -3.9372 ], [ 120.3591, -3.8564 ], [ 120.4402, -3.7441 ], [ 120.4381, -3.6893 ], [ 120.356, -3.6516 ], [ 120.3243, -3.6444 ], [ 120.3085, -3.6913 ], [ 120.2994, -3.7365 ], [ 120.2401, -3.6736 ] ] ] ] } },
{ "type": "Feature", "properties": { "balita": 118228.0, "u5mr": 11.63, "kabkota": "Kota Makassar", "jenis": "Kota", "provinsi": "SULAWESI SELATAN", "pulau": "Sulawesi", "provinsi_geojson": "Sulawesi Selatan", "jenis_geo": "Kota", "label": "Kota Makassar", "kode_bps": "7371", "geo_key": "kota makassar", "name_geojson": "Kota Makassar", "peringkat_nasional": 491, "peringkat_provinsi": 24, "kelas_jenks": 1, "kelas_kuantil": 1 }, "geometry": { "type": "MultiPolygon", "coordinates": [ [ [ [ 119.5433, -5.077 ], [ 119.4722, -5.0647 ], [ 119.4096, -5.1128 ], [ 119.4146, -5.1956 ], [ 119.512, -5.1771 ], [ 119.5012, -5.1613 ], [ 119.5433, -5.077 ] ] ] ] } },
{ "type": "Feature", "properties": { "balita": 18232.0, "u5mr": 16.12, "kabkota": "Kota Palopo", "jenis": "Kota", "provinsi": "SULAWESI SELATAN", "pulau": "Sulawesi", "provinsi_geojson": "Sulawesi Selatan", "jenis_geo": "Kota", "label": "Kota Palopo", "kode_bps": "7373", "geo_key": "kota palopo", "name_geojson": "Kota Palopo", "peringkat_nasional": 333, "peringkat_provinsi": 17, "kelas_jenks": 1, "kelas_kuantil": 2 }, "geometry": { "type": "MultiPolygon", "coordinates": [ [ [ [ 120.1829, -2.8873 ], [ 120.1431, -2.8961 ], [ 120.123, -2.9121 ], [ 120.0943, -2.9178 ], [ 120.0867, -2.9304 ], [ 120.0495, -2.9525 ], [ 120.0609, -2.9653 ], [ 120.051, -2.9835 ], [ 120.1138, -3.038 ], [ 120.1069, -3.0447 ], [ 120.1135, -3.0606 ], [ 120.2095, -3.0675 ], [ 120.2295, -3.0431 ], [ 120.1829, -2.8873 ] ] ] ] } },
{ "type": "Feature", "properties": { "balita": 14781.0, "u5mr": 14.34, "kabkota": "Kota Parepare", "jenis": "Kota", "provinsi": "SULAWESI SELATAN", "pulau": "Sulawesi", "provinsi_geojson": "Sulawesi Selatan", "jenis_geo": "Kota", "label": "Kota Parepare", "kode_bps": "7372", "geo_key": "kota parepare", "name_geojson": "Kota Parepare", "peringkat_nasional": 407, "peringkat_provinsi": 21, "kelas_jenks": 1, "kelas_kuantil": 2 }, "geometry": { "type": "MultiPolygon", "coordinates": [ [ [ [ 119.6594, -3.966 ], [ 119.6209, -4.002 ], [ 119.6672, -4.0694 ], [ 119.7022, -4.0342 ], [ 119.6987, -4.0138 ], [ 119.6864, -3.9902 ], [ 119.6594, -3.966 ] ] ] ] } },
{ "type": "Feature", "properties": { "balita": 31771.0, "u5mr": 21.2, "kabkota": "Banggai", "jenis": "Kabupaten", "provinsi": "SULAWESI TENGAH", "pulau": "Sulawesi", "provinsi_geojson": "Sulawesi Tengah", "jenis_geo": "Kabupaten", "label": "Kab. Banggai", "kode_bps": "7202", "geo_key": "banggai", "name_geojson": "Kabupaten Banggai", "peringkat_nasional": 179, "peringkat_provinsi": 11, "kelas_jenks": 2, "kelas_kuantil": 4 }, "geometry": { "type": "MultiPolygon", "coordinates": [ [ [ [ 122.0581, -1.6173 ], [ 122.2191, -1.6018 ], [ 122.3044, -1.5341 ], [ 122.3914, -1.4941 ], [ 122.5594, -1.2677 ], [ 122.6326, -1.2345 ], [ 122.6366, -1.1738 ], [ 122.7148, -1.1346 ], [ 122.797, -1.0068 ], [ 122.8039, -0.9411 ], [ 123.0061, -0.8942 ], [ 123.0412, -0.9097 ], [ 123.1281, -0.8551 ], [ 123.1486, -0.9373 ], [ 123.2679, -1.0442 ], [ 123.3746, -1.0084 ], [ 123.3837, -0.9312 ], [ 123.4472, -0.7721 ], [ 123.3944, -0.6418 ], [ 123.2606, -0.5789 ], [ 123.1672, -0.5844 ], [ 123.0565, -0.5642 ], [ 122.9888, -0.6228 ], [ 122.8066, -0.6344 ], [ 122.7813, -0.705 ], [ 122.867, -0.7108 ], [ 122.9194, -0.7645 ], [ 122.7906, -0.7757 ], [ 122.6855, -0.8118 ], [ 122.617, -0.762 ], [ 122.5788, -0.7844 ], [ 122.4604, -0.7588 ], [ 122.4158, -0.7843 ], [ 122.2021, -0.7883 ], [ 122.1013, -0.9622 ], [ 122.0218, -0.9363 ], [ 121.9469, -0.9967 ], [ 121.8537, -1.0132 ], [ 121.8835, -1.0722 ], [ 122.0034, -1.1313 ], [ 122.0661, -1.2256 ], [ 122.1314, -1.3235 ], [ 122.1304, -1.344 ], [ 122.0386, -1.3404 ], [ 121.9897, -1.3764 ], [ 122.0311, -1.4054 ], [ 122.0584, -1.431 ], [ 122.0339, -1.5798 ], [ 122.0581, -1.6173 ] ] ] ] } },
{ "type": "Feature", "properties": { "balita": 10593.0, "u5mr": 46.25, "kabkota": "Banggai Kepulauan", "jenis": "Kabupaten", "provinsi": "SULAWESI TENGAH", "pulau": "Sulawesi", "provinsi_geojson": "Sulawesi Tengah", "jenis_geo": "Kabupaten", "label": "Kab. Banggai Kepulauan", "kode_bps": "7201", "geo_key": "banggai kepulauan", "name_geojson": "Kabupaten Banggai Kepulauan", "peringkat_nasional": 20, "peringkat_provinsi": 1, "kelas_jenks": 5, "kelas_kuantil": 5 }, "geometry": { "type": "MultiPolygon", "coordinates": [ [ [ [ 123.1637, -1.152 ], [ 122.9773, -1.2034 ], [ 122.9053, -1.1819 ], [ 122.8264, -1.2845 ], [ 122.785, -1.4634 ], [ 122.8204, -1.4823 ], [ 122.8824, -1.6007 ], [ 123.0169, -1.4925 ], [ 123.037, -1.421 ], [ 123.1418, -1.297 ], [ 123.1725, -1.4316 ], [ 123.1696, -1.5354 ], [ 123.1279, -1.5669 ], [ 123.1798, -1.6324 ], [ 123.2316, -1.6015 ], [ 123.2568, -1.4415 ], [ 123.2956, -1.4103 ], [ 123.3709, -1.4972 ], [ 123.4579, -1.5187 ], [ 123.5132, -1.4538 ], [ 123.5576, -1.3293 ], [ 123.556, -1.2779 ], [ 123.3753, -1.2215 ], [ 123.2283, -1.3868 ], [ 123.1835, -1.3204 ], [ 123.2352, -1.2366 ], [ 123.1637, -1.152 ] ] ] ] } },
{ "type": "Feature", "properties": { "balita": 6702.0, "u5mr": 31.41, "kabkota": "Banggai Laut", "jenis": "Kabupaten", "provinsi": "SULAWESI TENGAH", "pulau": "Sulawesi", "provinsi_geojson": "Sulawesi Tengah", "jenis_geo": "Kabupaten", "label": "Kab. Banggai Laut", "kode_bps": "7211", "geo_key": "banggai laut", "name_geojson": "Kabupaten Banggai Laut", "peringkat_nasional": 61, "peringkat_provinsi": 3, "kelas_jenks": 3, "kelas_kuantil": 5 }, "geometry": { "type": "MultiPolygon", "coordinates": [ [ [ [ 123.5215, -1.4861 ], [ 123.4787, -1.5474 ], [ 123.4899, -1.7149 ], [ 123.5982, -1.7142 ], [ 123.623, -1.6236 ], [ 123.5595, -1.5986 ], [ 123.5215, -1.4861 ] ] ] ] } },
{ "type": "Feature", "properties": { "balita": 14229.0, "u5mr": 28.77, "kabkota": "Buol", "jenis": "Kabupaten", "provinsi": "SULAWESI TENGAH", "pulau": "Sulawesi", "provinsi_geojson": "Sulawesi Tengah", "jenis_geo": "Kabupaten", "label": "Kab. Buol", "kode_bps": "7207", "geo_key": "buol", "name_geojson": "Kabupaten Buol", "peringkat_nasional": 86, "peringkat_provinsi": 7, "kelas_jenks": 3, "kelas_kuantil": 5 }, "geometry": { "type": "MultiPolygon", "coordinates": [ [ [ [ 122.171, 1.029 ], [ 122.0755, 1.0591 ], [ 121.9839, 1.0221 ], [ 121.9267, 1.1027 ], [ 121.7649, 1.0698 ], [ 121.7102, 1.0805 ], [ 121.6008, 1.0548 ], [ 121.4825, 1.1091 ], [ 121.4196, 1.1857 ], [ 121.4699, 1.2654 ], [ 121.3097, 1.2563 ], [ 121.2692, 1.2319 ], [ 121.1697, 1.2439 ], [ 121.1515, 1.1986 ], [ 121.1281, 1.1305 ], [ 121.01, 1.0301 ], [ 121.0293, 1.0 ], [ 121.0001, 0.8264 ], [ 120.9578, 0.8001 ], [ 120.8926, 0.7405 ], [ 120.9382, 0.6896 ], [ 121.0549, 0.694 ], [ 121.062, 0.7052 ], [ 121.1284, 0.6849 ], [ 121.1876, 0.7217 ], [ 121.192, 0.7675 ], [ 121.2371, 0.8015 ], [ 121.317, 0.7851 ], [ 121.3499, 0.8215 ], [ 121.4671, 0.8483 ], [ 121.542, 0.8794 ], [ 121.6035, 0.8727 ], [ 121.7386, 0.9305 ], [ 121.849, 0.9796 ], [ 121.9394, 0.9273 ], [ 121.9548, 0.9073 ], [ 122.0155, 0.9091 ], [ 122.0176, 0.9219 ], [ 122.0395, 0.9616 ], [ 122.0304, 0.9526 ], [ 122.0418, 0.9885 ], [ 122.0889, 0.9983 ], [ 122.1586, 1.0315 ], [ 122.171, 1.029 ] ] ] ] } },
{ "type": "Feature", "properties": { "balita": 25937.0, "u5mr": 30.3, "kabkota": "Donggala", "jenis": "Kabupaten", "provinsi": "SULAWESI TENGAH", "pulau": "Sulawesi", "provinsi_geojson": "Sulawesi Tengah", "jenis_geo": "Kabupaten", "label": "Kab. Donggala", "kode_bps": "7205", "geo_key": "donggala", "name_geojson": "Kabupaten Donggala", "peringkat_nasional": 71, "peringkat_provinsi": 5, "kelas_jenks": 3, "kelas_kuantil": 5 }, "geometry": { "type": "MultiPolygon", "coordinates": [ [ [ [ 119.7944, -0.8193 ], [ 119.7611, -0.6813 ], [ 119.6841, -0.7388 ], [ 119.573, -0.8797 ], [ 119.5519, -0.9425 ], [ 119.5933, -1.125 ], [ 119.5357, -1.1782 ], [ 119.4854, -1.3218 ], [ 119.4505, -1.3383 ], [ 119.4385, -1.3783 ], [ 119.5229, -1.4286 ], [ 119.5338, -1.4278 ], [ 119.5916, -1.3959 ], [ 119.6657, -1.4338 ], [ 119.7092, -1.4164 ], [ 119.8331, -1.3867 ], [ 119.8309, -1.2839 ], [ 119.7751, -1.1953 ], [ 119.8007, -1.0875 ], [ 119.7573, -0.9967 ], [ 119.6477, -0.9871 ], [ 119.6537, -0.9523 ], [ 119.77, -0.9105 ], [ 119.7692, -0.8648 ], [ 119.7944, -0.8193 ] ] ], [ [ [ 120.1367, 0.7479 ], [ 120.0639, 0.7349 ], [ 120.0163, 0.6655 ], [ 120.0451, 0.5127 ], [ 119.9998, 0.4832 ], [ 119.901, 0.479 ], [ 119.8885, 0.3921 ], [ 119.8455, 0.3342 ], [ 119.8931, 0.2866 ], [ 119.9025, 0.2209 ], [ 119.7768, 0.1909 ], [ 119.8774, 0.0823 ], [ 119.8831, -0.0191 ], [ 119.8211, -0.1172 ], [ 119.7748, -0.1114 ], [ 119.7323, -0.0225 ], [ 119.6049, -0.0087 ], [ 119.7011, -0.138 ], [ 119.7911, -0.1233 ], [ 119.8175, -0.198 ], [ 119.7785, -0.2773 ], [ 119.7537, -0.4378 ], [ 119.7599, -0.4973 ], [ 119.824, -0.6896 ], [ 119.9374, -0.7057 ], [ 119.896, -0.7649 ], [ 119.995, -0.8077 ], [ 120.027, -0.7489 ], [ 120.0325, -0.6837 ], [ 119.9769, -0.5693 ], [ 119.9377, -0.4484 ], [ 119.9055, -0.2694 ], [ 119.9354, -0.21 ], [ 119.8985, -0.1386 ], [ 119.9429, -0.0717 ], [ 119.9415, 0.0108 ], [ 120.0001, 0.1231 ], [ 120.0457, 0.1482 ], [ 120.0658, 0.1813 ], [ 120.0958, 0.2434 ], [ 120.0571, 0.3355 ], [ 120.1568, 0.4711 ], [ 120.2031, 0.574 ], [ 120.1925, 0.5996 ], [ 120.1962, 0.7006 ], [ 120.1519, 0.7241 ], [ 120.1367, 0.7479 ] ] ] ] } },
{ "type": "Feature", "properties": { "balita": 15078.0, "u5mr": 26.26, "kabkota": "Morowali", "jenis": "Kabupaten", "provinsi": "SULAWESI TENGAH", "pulau": "Sulawesi", "provinsi_geojson": "Sulawesi Tengah", "jenis_geo": "Kabupaten", "label": "Kab. Morowali", "kode_bps": "7203", "geo_key": "morowali", "name_geojson": "Kabupaten Morowali", "peringkat_nasional": 108, "peringkat_provinsi": 9, "kelas_jenks": 3, "kelas_kuantil": 4 }, "geometry": { "type": "MultiPolygon", "coordinates": [ [ [ [ 121.5022, -2.1808 ], [ 121.4379, -2.3958 ], [ 121.4511, -2.4178 ], [ 121.5703, -2.4912 ], [ 121.6299, -2.5056 ], [ 121.7201, -2.6038 ], [ 121.7841, -2.6417 ], [ 121.7153, -2.7533 ], [ 121.6708, -2.8708 ], [ 121.6702, -2.9004 ], [ 121.6827, -2.9027 ], [ 121.7383, -2.9259 ], [ 121.7718, -2.9435 ], [ 121.8656, -2.9679 ], [ 121.9412, -3.0283 ], [ 122.0303, -3.0482 ], [ 122.0353, -3.0718 ], [ 122.1265, -3.0827 ], [ 122.1506, -3.0394 ], [ 122.244, -3.0926 ], [ 122.2565, -3.1403 ], [ 122.3164, -3.2032 ], [ 122.2957, -3.2262 ], [ 122.4221, -3.262 ], [ 122.4439, -3.142 ], [ 122.3725, -3.142 ], [ 122.2542, -3.0107 ], [ 122.321, -2.921 ], [ 122.1922, -2.8447 ], [ 122.1397, -2.7891 ], [ 122.0861, -2.7892 ], [ 122.0107, -2.7196 ], [ 121.9678, -2.5287 ], [ 121.9052, -2.4301 ], [ 121.7227, -2.1977 ], [ 121.5022, -2.1808 ] ] ] ] } },
{ "type": "Feature", "properties": { "balita": 10621.0, "u5mr": 22.52, "kabkota": "Morowali Utara", "jenis": "Kabupaten", "provinsi": "SULAWESI TENGAH", "pulau": "Sulawesi", "provinsi_geojson": "Sulawesi Tengah", "jenis_geo": "Kabupaten", "label": "Kab. Morowali Utara", "kode_bps": "7212", "geo_key": "morowali utara", "name_geojson": "Kabupaten Morowali Utara", "peringkat_nasional": 154, "peringkat_provinsi": 10, "kelas_jenks": 2, "kelas_kuantil": 4 }, "geometry": { "type": "MultiPolygon", "coordinates": [ [ [ [ 122.0311, -1.4054 ], [ 121.9832, -1.3903 ], [ 121.9321, -1.3059 ], [ 121.8662, -1.2736 ], [ 121.6952, -1.416 ], [ 121.488, -1.3322 ], [ 121.3766, -1.4497 ], [ 121.2901, -1.4778 ], [ 121.1969, -1.5733 ], [ 121.1421, -1.5702 ], [ 121.0898, -1.5967 ], [ 121.0021, -1.6467 ], [ 120.9359, -1.6505 ], [ 120.952, -1.6873 ], [ 120.9562, -1.7272 ], [ 120.949, -1.8701 ], [ 120.931, -1.9159 ], [ 120.8172, -2.0643 ], [ 120.8377, -2.2186 ], [ 120.8563, -2.2231 ], [ 120.8574, -2.2562 ], [ 120.9578, -2.2519 ], [ 121.0488, -2.2653 ], [ 121.1094, -2.3155 ], [ 121.1055, -2.4003 ], [ 121.1225, -2.3935 ], [ 121.1693, -2.3813 ], [ 121.2279, -2.3684 ], [ 121.4059, -2.4036 ], [ 121.4379, -2.3958 ], [ 121.5022, -2.1808 ], [ 121.5441, -2.1495 ], [ 121.5136, -2.057 ], [ 121.3794, -1.9169 ], [ 121.2959, -1.8568 ], [ 121.3723, -1.8085 ], [ 121.4568, -1.8107 ], [ 121.4581, -1.8768 ], [ 121.523, -1.8981 ], [ 121.5733, -1.9588 ], [ 121.6765, -1.9461 ], [ 121.7427, -1.8879 ], [ 121.8069, -1.7305 ], [ 121.9573, -1.6796 ], [ 122.0581, -1.6173 ], [ 122.0339, -1.5798 ], [ 122.0584, -1.431 ], [ 122.0311, -1.4054 ] ] ] ] } },
{ "type": "Feature", "properties": { "balita": 41321.0, "u5mr": 36.81, "kabkota": "Parigi Moutong", "jenis": "Kabupaten", "provinsi": "SULAWESI TENGAH", "pulau": "Sulawesi", "provinsi_geojson": "Sulawesi Tengah", "jenis_geo": "Kabupaten", "label": "Kab. Parigi Moutong", "kode_bps": "7208", "geo_key": "parigi moutong", "name_geojson": "Kabupaten Parigi Moutong", "peringkat_nasional": 41, "peringkat_provinsi": 2, "kelas_jenks": 4, "kelas_kuantil": 5 }, "geometry": { "type": "MultiPolygon", "coordinates": [ [ [ [ 121.0549, 0.694 ], [ 120.9382, 0.6896 ], [ 120.8664, 0.7112 ], [ 120.7832, 0.6783 ], [ 120.7063, 0.6686 ], [ 120.661, 0.6171 ], [ 120.6417, 0.6117 ], [ 120.6003, 0.5954 ], [ 120.4621, 0.6679 ], [ 120.3567, 0.678 ], [ 120.2292, 0.6078 ], [ 120.2148, 0.6056 ], [ 120.1926, 0.6158 ], [ 120.1941, 0.5873 ], [ 120.2031, 0.574 ], [ 120.1568, 0.4711 ], [ 120.0571, 0.3355 ], [ 120.0958, 0.2434 ], [ 120.0658, 0.1813 ], [ 120.0457, 0.1482 ], [ 120.0001, 0.1231 ], [ 119.9415, 0.0108 ], [ 119.9429, -0.0717 ], [ 119.8985, -0.1386 ], [ 119.9354, -0.21 ], [ 119.9055, -0.2694 ], [ 119.9377, -0.4484 ], [ 119.9769, -0.5693 ], [ 120.0325, -0.6837 ], [ 120.027, -0.7489 ], [ 120.0186, -0.7816 ], [ 120.0337, -0.8567 ], [ 120.0488, -0.866 ], [ 120.0438, -0.8885 ], [ 120.0524, -0.9676 ], [ 120.0738, -0.9834 ], [ 120.1114, -1.0163 ], [ 120.2163, -1.0676 ], [ 120.2342, -1.1306 ], [ 120.2993, -1.1371 ], [ 120.3408, -1.1724 ], [ 120.3542, -1.1852 ], [ 120.424, -1.1528 ], [ 120.445, -1.1498 ], [ 120.5812, -1.108 ], [ 120.5094, -0.9992 ], [ 120.4607, -0.9935 ], [ 120.4117, -0.9245 ], [ 120.3105, -0.9661 ], [ 120.221, -0.8452 ], [ 120.1097, -0.737 ], [ 120.0587, -0.6307 ], [ 120.0408, -0.3913 ], [ 120.0068, -0.2749 ], [ 120.0346, -0.0654 ], [ 120.096, -0.0319 ], [ 120.1058, 0.0949 ], [ 120.1588, 0.2291 ], [ 120.201, 0.2631 ], [ 120.3034, 0.4182 ], [ 120.4041, 0.4744 ], [ 120.5284, 0.517 ], [ 120.6953, 0.5105 ], [ 120.7258, 0.4762 ], [ 120.8545, 0.4426 ], [ 120.8976, 0.3957 ], [ 121.0277, 0.4405 ], [ 121.0798, 0.3978 ], [ 121.1554, 0.414 ], [ 121.3212, 0.5327 ], [ 121.3296, 0.5752 ], [ 121.3161, 0.5777 ], [ 121.2959, 0.5802 ], [ 121.2269, 0.6287 ], [ 121.2187, 0.6385 ], [ 121.1284, 0.6849 ], [ 121.062, 0.7052 ], [ 121.0549, 0.694 ] ] ] ] } },
{ "type": "Feature", "properties": { "balita": 20309.0, "u5mr": 17.15, "kabkota": "Poso", "jenis": "Kabupaten", "provinsi": "SULAWESI TENGAH", "pulau": "Sulawesi", "provinsi_geojson": "Sulawesi Tengah", "jenis_geo": "Kabupaten", "label": "Kab. Poso", "kode_bps": "7204", "geo_key": "poso", "name_geojson": "Kabupaten Poso", "peringkat_nasional": 291, "peringkat_provinsi": 12, "kelas_jenks": 2, "kelas_kuantil": 3 }, "geometry": { "type": "MultiPolygon", "coordinates": [ [ [ [ 120.8887, -1.4831 ], [ 120.8883, -1.4115 ], [ 120.8686, -1.4143 ], [ 120.8405, -1.3948 ], [ 120.8053, -1.3514 ], [ 120.694, -1.4192 ], [ 120.6395, -1.3113 ], [ 120.5651, -1.2319 ], [ 120.5934, -1.149 ], [ 120.5526, -1.1243 ], [ 120.445, -1.1498 ], [ 120.424, -1.1528 ], [ 120.3579, -1.1847 ], [ 120.3113, -1.1921 ], [ 120.2724, -1.2321 ], [ 120.2138, -1.2578 ], [ 120.2001, -1.2889 ], [ 120.2828, -1.3718 ], [ 120.2379, -1.443 ], [ 120.1744, -1.4509 ], [ 120.1021, -1.5174 ], [ 120.1303, -1.56 ], [ 120.1244, -1.6459 ], [ 120.1686, -1.743 ], [ 120.1229, -1.7893 ], [ 120.1122, -1.8323 ], [ 120.1221, -1.9177 ], [ 120.0905, -1.9263 ], [ 120.1092, -1.9778 ], [ 120.232, -1.9826 ], [ 120.2878, -2.0274 ], [ 120.2992, -2.0504 ], [ 120.329, -1.9971 ], [ 120.4287, -1.9861 ], [ 120.5081, -2.1129 ], [ 120.5244, -2.0904 ], [ 120.5297, -2.083 ], [ 120.5995, -2.096 ], [ 120.6866, -2.2038 ], [ 120.7376, -2.2287 ], [ 120.7407, -2.24 ], [ 120.757, -2.2417 ], [ 120.7801, -2.2279 ], [ 120.7799, -2.2136 ], [ 120.8058, -2.2237 ], [ 120.8377, -2.2186 ], [ 120.8172, -2.0643 ], [ 120.931, -1.9159 ], [ 120.949, -1.8701 ], [ 120.956, -1.8172 ], [ 120.9539, -1.6946 ], [ 120.9359, -1.6505 ], [ 120.9239, -1.6411 ], [ 120.9259, -1.6021 ], [ 120.8887, -1.4831 ] ] ] ] } },
{ "type": "Feature", "properties": { "balita": 22988.0, "u5mr": 26.88, "kabkota": "Sigi", "jenis": "Kabupaten", "provinsi": "SULAWESI TENGAH", "pulau": "Sulawesi", "provinsi_geojson": "Sulawesi Tengah", "jenis_geo": "Kabupaten", "label": "Kab. Sigi", "kode_bps": "7210", "geo_key": "sigi", "name_geojson": "Kabupaten Sigi", "peringkat_nasional": 101, "peringkat_provinsi": 8, "kelas_jenks": 3, "kelas_kuantil": 5 }, "geometry": { "type": "MultiPolygon", "coordinates": [ [ [ [ 120.0488, -0.866 ], [ 120.0337, -0.8567 ], [ 120.0314, -0.8807 ], [ 119.9582, -0.9161 ], [ 119.9311, -0.9475 ], [ 119.8323, -0.9425 ], [ 119.8178, -0.858 ], [ 119.77, -0.9105 ], [ 119.6537, -0.9523 ], [ 119.6477, -0.9871 ], [ 119.7573, -0.9967 ], [ 119.8007, -1.0875 ], [ 119.7751, -1.1953 ], [ 119.8309, -1.2839 ], [ 119.8331, -1.3867 ], [ 119.7092, -1.4164 ], [ 119.6851, -1.4499 ], [ 119.6935, -1.4713 ], [ 119.6666, -1.5264 ], [ 119.6723, -1.5464 ], [ 119.7008, -1.5655 ], [ 119.728, -1.6378 ], [ 119.8437, -1.7757 ], [ 119.871, -1.7771 ], [ 119.8588, -1.8257 ], [ 119.8489, -1.9881 ], [ 119.8476, -2.0239 ], [ 119.9208, -2.0331 ], [ 119.9952, -1.9579 ], [ 120.0446, -1.9721 ], [ 120.0905, -1.9263 ], [ 120.1221, -1.9177 ], [ 120.1122, -1.8323 ], [ 120.1229, -1.7893 ], [ 120.1686, -1.743 ], [ 120.1244, -1.6459 ], [ 120.1303, -1.56 ], [ 120.1021, -1.5174 ], [ 120.1744, -1.4509 ], [ 120.2379, -1.443 ], [ 120.2828, -1.3718 ], [ 120.2001, -1.2889 ], [ 120.2138, -1.2578 ], [ 120.2724, -1.2321 ], [ 120.3113, -1.1921 ], [ 120.3542, -1.1852 ], [ 120.3408, -1.1724 ], [ 120.2993, -1.1371 ], [ 120.2342, -1.1306 ], [ 120.2163, -1.0676 ], [ 120.1114, -1.0163 ], [ 120.0738, -0.9834 ], [ 120.0524, -0.9676 ], [ 120.0438, -0.8885 ], [ 120.0488, -0.866 ] ] ] ] } },
{ "type": "Feature", "properties": { "balita": 14277.0, "u5mr": 30.43, "kabkota": "Tojo Una-Una", "jenis": "Kabupaten", "provinsi": "SULAWESI TENGAH", "pulau": "Sulawesi", "provinsi_geojson": "Sulawesi Tengah", "jenis_geo": "Kabupaten", "label": "Kab. Tojo Una-Una", "kode_bps": "7209", "geo_key": "tojo una una", "name_geojson": "Kabupaten Tojo Una Una", "peringkat_nasional": 69, "peringkat_provinsi": 4, "kelas_jenks": 3, "kelas_kuantil": 5 }, "geometry": { "type": "MultiPolygon", "coordinates": [ [ [ [ 121.8537, -1.0132 ], [ 121.6579, -0.9134 ], [ 121.6554, -0.8047 ], [ 121.5876, -0.8667 ], [ 121.4801, -0.8998 ], [ 121.4501, -0.9723 ], [ 121.336, -1.0651 ], [ 121.2049, -1.2398 ], [ 121.1632, -1.3672 ], [ 121.1119, -1.4295 ], [ 121.038, -1.4339 ], [ 120.9808, -1.3994 ], [ 120.8877, -1.411 ], [ 120.8887, -1.4831 ], [ 120.9259, -1.6021 ], [ 120.9285, -1.6497 ], [ 121.0093, -1.6446 ], [ 121.0898, -1.5967 ], [ 121.1421, -1.5702 ], [ 121.1969, -1.5733 ], [ 121.2901, -1.4778 ], [ 121.3766, -1.4497 ], [ 121.488, -1.3322 ], [ 121.6952, -1.416 ], [ 121.8662, -1.2736 ], [ 121.9321, -1.3059 ], [ 121.9897, -1.3764 ], [ 122.0386, -1.3404 ], [ 122.1304, -1.344 ], [ 122.1314, -1.3235 ], [ 122.1244, -1.271 ], [ 122.0661, -1.2256 ], [ 122.0034, -1.1313 ], [ 121.8835, -1.0722 ], [ 121.8537, -1.0132 ] ] ], [ [ [ 121.8071, -0.441 ], [ 121.7826, -0.4944 ], [ 121.8307, -0.5324 ], [ 121.9185, -0.512 ], [ 121.8982, -0.4247 ], [ 121.8071, -0.441 ] ] ], [ [ [ 121.9256, -0.3277 ], [ 121.8622, -0.3697 ], [ 121.8844, -0.4216 ], [ 122.0415, -0.426 ], [ 122.0193, -0.3533 ], [ 121.9256, -0.3277 ] ] ], [ [ [ 122.0815, -0.2911 ], [ 122.0685, -0.3999 ], [ 122.153, -0.3902 ], [ 122.0815, -0.2911 ] ] ] ] } },
{ "type": "Feature", "properties": { "balita": 19994.0, "u5mr": 29.55, "kabkota": "Toli-Toli", "jenis": "Kabupaten", "provinsi": "SULAWESI TENGAH", "pulau": "Sulawesi", "provinsi_geojson": "Sulawesi Tengah", "jenis_geo": "Kabupaten", "label": "Kab. Toli-Toli", "kode_bps": "7206", "geo_key": "toli-toli", "name_geojson": "Kabupaten Toli-Toli", "peringkat_nasional": 74, "peringkat_provinsi": 6, "kelas_jenks": 3, "kelas_kuantil": 5 }, "geometry": { "type": "MultiPolygon", "coordinates": [ [ [ [ 121.1697, 1.2439 ], [ 121.1012, 1.3157 ], [ 121.0622, 1.302 ], [ 120.942, 1.3502 ], [ 120.9109, 1.3087 ], [ 120.8389, 1.3123 ], [ 120.8081, 1.2665 ], [ 120.8268, 1.1817 ], [ 120.7769, 1.1074 ], [ 120.7875, 1.0312 ], [ 120.689, 0.953 ], [ 120.6354, 0.9391 ], [ 120.5737, 0.7693 ], [ 120.3984, 0.7913 ], [ 120.3285, 0.8513 ], [ 120.3539, 0.984 ], [ 120.2826, 0.9863 ], [ 120.2403, 0.9211 ], [ 120.2377, 0.8 ], [ 120.1519, 0.7241 ], [ 120.1962, 0.7006 ], [ 120.1926, 0.6158 ], [ 120.2148, 0.6056 ], [ 120.2292, 0.6078 ], [ 120.3567, 0.678 ], [ 120.4621, 0.6679 ], [ 120.6003, 0.5954 ], [ 120.6417, 0.6117 ], [ 120.661, 0.6171 ], [ 120.7063, 0.6686 ], [ 120.7832, 0.6783 ], [ 120.8926, 0.7405 ], [ 120.9578, 0.8001 ], [ 121.0001, 0.8264 ], [ 121.0293, 1.0 ], [ 121.01, 1.0301 ], [ 121.1281, 1.1305 ], [ 121.1515, 1.1986 ], [ 121.1697, 1.2439 ] ] ] ] } },
{ "type": "Feature", "properties": { "balita": 33734.0, "u5mr": 16.51, "kabkota": "Kota Palu", "jenis": "Kota", "provinsi": "SULAWESI TENGAH", "pulau": "Sulawesi", "provinsi_geojson": "Sulawesi Tengah", "jenis_geo": "Kota", "label": "Kota Palu", "kode_bps": "7271", "geo_key": "kota palu", "name_geojson": "Kota Palu", "peringkat_nasional": 313, "peringkat_provinsi": 13, "kelas_jenks": 1, "kelas_kuantil": 2 }, "geometry": { "type": "MultiPolygon", "coordinates": [ [ [ [ 119.9374, -0.7057 ], [ 119.8528, -0.7355 ], [ 119.8826, -0.8221 ], [ 119.8378, -0.88 ], [ 119.7944, -0.8193 ], [ 119.7692, -0.8648 ], [ 119.8178, -0.858 ], [ 119.8323, -0.9425 ], [ 119.9311, -0.9475 ], [ 119.9582, -0.9161 ], [ 120.0314, -0.8807 ], [ 120.0337, -0.8567 ], [ 120.0186, -0.7816 ], [ 119.995, -0.8077 ], [ 119.896, -0.7649 ], [ 119.9374, -0.7057 ] ] ] ] } },
{ "type": "Feature", "properties": { "balita": 16025.0, "u5mr": 27.9, "kabkota": "Bombana", "jenis": "Kabupaten", "provinsi": "SULAWESI TENGGARA", "pulau": "Sulawesi", "provinsi_geojson": "Sulawesi Tenggara", "jenis_geo": "Kabupaten", "label": "Kab. Bombana", "kode_bps": "7406", "geo_key": "bombana", "name_geojson": "Kabupaten Bombana", "peringkat_nasional": 90, "peringkat_provinsi": 4, "kelas_jenks": 3, "kelas_kuantil": 5 }, "geometry": { "type": "MultiPolygon", "coordinates": [ [ [ [ 122.0489, -5.4136 ], [ 122.0358, -5.1622 ], [ 121.9848, -5.0902 ], [ 121.8556, -5.0842 ], [ 121.8601, -5.1605 ], [ 121.7952, -5.2772 ], [ 121.8735, -5.385 ], [ 121.9425, -5.4121 ], [ 122.0489, -5.4136 ] ] ], [ [ [ 121.8819, -4.3773 ], [ 121.7821, -4.4557 ], [ 121.6501, -4.5684 ], [ 121.4916, -4.5921 ], [ 121.4668, -4.6841 ], [ 121.5504, -4.7726 ], [ 121.7096, -4.8552 ], [ 121.816, -4.8344 ], [ 121.8944, -4.8801 ], [ 122.0226, -4.8931 ], [ 122.0917, -4.8255 ], [ 122.0474, -4.7701 ], [ 122.0304, -4.6564 ], [ 122.0629, -4.6096 ], [ 122.0697, -4.5775 ], [ 122.1078, -4.5081 ], [ 122.08, -4.4978 ], [ 122.0471, -4.4688 ], [ 122.0017, -4.431 ], [ 121.8819, -4.3773 ] ] ] ] } },
{ "type": "Feature", "properties": { "balita": 12715.0, "u5mr": 29.26, "kabkota": "Buton", "jenis": "Kabupaten", "provinsi": "SULAWESI TENGGARA", "pulau": "Sulawesi", "provinsi_geojson": "Sulawesi Tenggara", "jenis_geo": "Kabupaten", "label": "Kab. Buton", "kode_bps": "7401", "geo_key": "buton", "name_geojson": "Kabupaten Buton", "peringkat_nasional": 79, "peringkat_provinsi": 3, "kelas_jenks": 3, "kelas_kuantil": 5 }, "geometry": { "type": "MultiPolygon", "coordinates": [ [ [ [ 122.8536, -5.1125 ], [ 122.7891, -5.0824 ], [ 122.7371, -5.1699 ], [ 122.7936, -5.2423 ], [ 122.7141, -5.2617 ], [ 122.7261, -5.3548 ], [ 122.7604, -5.4221 ], [ 122.7518, -5.4595 ], [ 122.7889, -5.4877 ], [ 122.7914, -5.6037 ], [ 122.8228, -5.652 ], [ 122.8934, -5.5656 ], [ 122.8487, -5.4848 ], [ 122.9763, -5.3941 ], [ 123.0156, -5.4442 ], [ 123.131, -5.3994 ], [ 123.2169, -5.3029 ], [ 123.0334, -5.1358 ], [ 122.9501, -5.1467 ], [ 122.8536, -5.1125 ] ] ] ] } },
{ "type": "Feature", "properties": { "balita": 11177.0, "u5mr": 29.49, "kabkota": "Buton Selatan", "jenis": "Kabupaten", "provinsi": "SULAWESI TENGGARA", "pulau": "Sulawesi", "provinsi_geojson": "Sulawesi Tenggara", "jenis_geo": "Kabupaten", "label": "Kab. Buton Selatan", "kode_bps": "7415", "geo_key": "buton selatan", "name_geojson": "Kabupaten Buton Selatan", "peringkat_nasional": 77, "peringkat_provinsi": 2, "kelas_jenks": 3, "kelas_kuantil": 5 }, "geometry": { "type": "MultiPolygon", "coordinates": [ [ [ [ 122.7889, -5.4877 ], [ 122.6705, -5.4963 ], [ 122.5737, -5.5381 ], [ 122.6434, -5.6984 ], [ 122.7132, -5.6192 ], [ 122.8051, -5.6915 ], [ 122.8228, -5.652 ], [ 122.7914, -5.6037 ], [ 122.7889, -5.4877 ] ] ] ] } },
{ "type": "Feature", "properties": { "balita": 12967.0, "u5mr": 30.65, "kabkota": "Buton Tengah", "jenis": "Kabupaten", "provinsi": "SULAWESI TENGGARA", "pulau": "Sulawesi", "provinsi_geojson": "Sulawesi Tenggara", "jenis_geo": "Kabupaten", "label": "Kab. Buton Tengah", "kode_bps": "7414", "geo_key": "buton tengah", "name_geojson": "Kabupaten Buton Tengah", "peringkat_nasional": 68, "peringkat_provinsi": 1, "kelas_jenks": 3, "kelas_kuantil": 5 }, "geometry": { "type": "MultiPolygon", "coordinates": [ [ [ [ 121.9425, -5.4121 ], [ 121.9631, -5.4768 ], [ 122.0309, -5.4746 ], [ 122.0489, -5.4136 ], [ 121.9425, -5.4121 ] ] ], [ [ [ 122.3168, -5.1423 ], [ 122.3159, -5.2382 ], [ 122.266, -5.3276 ], [ 122.2732, -5.3888 ], [ 122.4648, -5.4029 ], [ 122.5198, -5.4371 ], [ 122.5945, -5.3646 ], [ 122.6395, -5.3568 ], [ 122.6237, -5.2504 ], [ 122.5614, -5.2279 ], [ 122.5282, -5.1951 ], [ 122.4497, -5.2346 ], [ 122.3168, -5.1423 ] ] ] ] } },
{ "type": "Feature", "properties": { "balita": 7114.0, "u5mr": 24.58, "kabkota": "Buton Utara", "jenis": "Kabupaten", "provinsi": "SULAWESI TENGGARA", "pulau": "Sulawesi", "provinsi_geojson": "Sulawesi Tenggara", "jenis_geo": "Kabupaten", "label": "Kab. Buton Utara", "kode_bps": "7409", "geo_key": "buton utara", "name_geojson": "Kabupaten Buton Utara", "peringkat_nasional": 129, "peringkat_provinsi": 10, "kelas_jenks": 3, "kelas_kuantil": 4 }, "geometry": { "type": "MultiPolygon", "coordinates": [ [ [ [ 122.9501, -5.1467 ], [ 122.9802, -5.0587 ], [ 122.9528, -5.0255 ], [ 123.0016, -4.9362 ], [ 122.994, -4.8261 ], [ 123.1103, -4.7721 ], [ 123.2115, -4.698 ], [ 123.1983, -4.6096 ], [ 123.139, -4.4823 ], [ 123.0806, -4.4595 ], [ 123.0754, -4.3665 ], [ 122.9932, -4.3944 ], [ 122.9077, -4.4604 ], [ 122.8665, -4.5258 ], [ 122.858, -4.6062 ], [ 122.8621, -4.6215 ], [ 122.928, -4.6102 ], [ 122.8798, -4.7754 ], [ 122.9138, -4.827 ], [ 122.8881, -4.9159 ], [ 122.8911, -5.0102 ], [ 122.8493, -5.038 ], [ 122.8536, -5.1125 ], [ 122.9501, -5.1467 ] ] ] ] } },
{ "type": "Feature", "properties": { "balita": 21583.0, "u5mr": 16.62, "kabkota": "Kolaka", "jenis": "Kabupaten", "provinsi": "SULAWESI TENGGARA", "pulau": "Sulawesi", "provinsi_geojson": "Sulawesi Tenggara", "jenis_geo": "Kabupaten", "label": "Kab. Kolaka", "kode_bps": "7404", "geo_key": "kolaka", "name_geojson": "Kabupaten Kolaka", "peringkat_nasional": 306, "peringkat_provinsi": 15, "kelas_jenks": 1, "kelas_kuantil": 3 }, "geometry": { "type": "MultiPolygon", "coordinates": [ [ [ [ 121.3872, -3.6394 ], [ 121.3431, -3.6858 ], [ 121.2659, -3.6757 ], [ 121.133, -3.7095 ], [ 121.1027, -3.7453 ], [ 121.1713, -3.8257 ], [ 121.2456, -3.8287 ], [ 121.3003, -3.8893 ], [ 121.3493, -3.9908 ], [ 121.505, -4.018 ], [ 121.6091, -4.0665 ], [ 121.6173, -4.151 ], [ 121.5338, -4.2825 ], [ 121.5252, -4.4024 ], [ 121.477, -4.5495 ], [ 121.4916, -4.5921 ], [ 121.6501, -4.5684 ], [ 121.7821, -4.4557 ], [ 121.8114, -4.4158 ], [ 121.7265, -4.3568 ], [ 121.7394, -4.2887 ], [ 121.7393, -4.2033 ], [ 121.78, -4.1112 ], [ 121.7561, -4.0428 ], [ 121.7321, -4.0379 ], [ 121.6547, -3.9771 ], [ 121.6725, -3.9313 ], [ 121.4872, -3.724 ], [ 121.4258, -3.712 ], [ 121.3872, -3.6394 ] ] ] ] } },
{ "type": "Feature", "properties": { "balita": 11688.0, "u5mr": 18.06, "kabkota": "Kolaka Timur", "jenis": "Kabupaten", "provinsi": "SULAWESI TENGGARA", "pulau": "Sulawesi", "provinsi_geojson": "Sulawesi Tenggara", "jenis_geo": "Kabupaten", "label": "Kab. Kolaka Timur", "kode_bps": "7411", "geo_key": "kolaka timur", "name_geojson": "Kabupaten Kolaka Timur", "peringkat_nasional": 252, "peringkat_provinsi": 13, "kelas_jenks": 2, "kelas_kuantil": 3 }, "geometry": { "type": "MultiPolygon", "coordinates": [ [ [ [ 121.4927, -3.4401 ], [ 121.4568, -3.3828 ], [ 121.4409, -3.3407 ], [ 121.4288, -3.333 ], [ 121.4238, -3.3135 ], [ 121.4318, -3.2759 ], [ 121.3824, -3.2487 ], [ 121.3376, -3.2486 ], [ 121.2744, -3.2261 ], [ 121.2268, -3.2291 ], [ 121.2208, -3.2544 ], [ 121.1701, -3.2962 ], [ 121.1582, -3.3243 ], [ 121.1229, -3.4112 ], [ 121.1572, -3.5361 ], [ 121.2359, -3.6026 ], [ 121.2659, -3.6757 ], [ 121.3431, -3.6858 ], [ 121.3872, -3.6394 ], [ 121.4258, -3.712 ], [ 121.4872, -3.724 ], [ 121.6725, -3.9313 ], [ 121.6547, -3.9771 ], [ 121.7321, -4.0379 ], [ 121.7561, -4.0428 ], [ 121.78, -4.1112 ], [ 121.7393, -4.2033 ], [ 121.7394, -4.2887 ], [ 121.7265, -4.3568 ], [ 121.8114, -4.4158 ], [ 121.8826, -4.3763 ], [ 121.9714, -4.4065 ], [ 121.9894, -4.3724 ], [ 122.0288, -4.197 ], [ 121.9978, -4.1289 ], [ 121.9813, -4.1222 ], [ 121.9513, -4.0567 ], [ 121.9725, -3.8882 ], [ 121.8228, -3.7552 ], [ 121.7009, -3.7779 ], [ 121.6107, -3.7343 ], [ 121.6088, -3.6869 ], [ 121.4927, -3.4401 ] ] ] ] } },
{ "type": "Feature", "properties": { "balita": 14887.0, "u5mr": 27.05, "kabkota": "Kolaka Utara", "jenis": "Kabupaten", "provinsi": "SULAWESI TENGGARA", "pulau": "Sulawesi", "provinsi_geojson": "Sulawesi Tenggara", "jenis_geo": "Kabupaten", "label": "Kab. Kolaka Utara", "kode_bps": "7408", "geo_key": "kolaka utara", "name_geojson": "Kabupaten Kolaka Utara", "peringkat_nasional": 98, "peringkat_provinsi": 7, "kelas_jenks": 3, "kelas_kuantil": 5 }, "geometry": { "type": "MultiPolygon", "coordinates": [ [ [ [ 121.0825, -2.7733 ], [ 121.0683, -2.787 ], [ 121.0102, -2.8664 ], [ 121.0907, -2.9233 ], [ 121.0601, -3.0675 ], [ 121.0559, -3.1849 ], [ 120.9725, -3.2642 ], [ 120.8645, -3.4354 ], [ 120.8805, -3.5296 ], [ 120.9447, -3.6203 ], [ 121.1027, -3.7453 ], [ 121.133, -3.7095 ], [ 121.2527, -3.657 ], [ 121.2359, -3.6026 ], [ 121.1572, -3.5361 ], [ 121.1229, -3.4112 ], [ 121.1582, -3.3243 ], [ 121.1701, -3.2962 ], [ 121.2208, -3.2544 ], [ 121.2264, -3.2294 ], [ 121.2474, -3.2259 ], [ 121.2818, -3.2271 ], [ 121.38, -3.248 ], [ 121.431, -3.2754 ], [ 121.4416, -3.1695 ], [ 121.3609, -3.0515 ], [ 121.3612, -2.9876 ], [ 121.319, -2.964 ], [ 121.1532, -2.8127 ], [ 121.0825, -2.7733 ] ] ] ] } },
{ "type": "Feature", "properties": { "balita": 26860.0, "u5mr": 17.97, "kabkota": "Konawe", "jenis": "Kabupaten", "provinsi": "SULAWESI TENGGARA", "pulau": "Sulawesi", "provinsi_geojson": "Sulawesi Tenggara", "jenis_geo": "Kabupaten", "label": "Kab. Konawe", "kode_bps": "7403", "geo_key": "konawe", "name_geojson": "Kabupaten Konawe", "peringkat_nasional": 254, "peringkat_provinsi": 14, "kelas_jenks": 2, "kelas_kuantil": 3 }, "geometry": { "type": "MultiPolygon", "coordinates": [ [ [ [ 121.6827, -2.9027 ], [ 121.5478, -2.9178 ], [ 121.4838, -2.9489 ], [ 121.4437, -3.0116 ], [ 121.4175, -3.0159 ], [ 121.3612, -2.9876 ], [ 121.3609, -3.0515 ], [ 121.4416, -3.1695 ], [ 121.424, -3.3165 ], [ 121.4927, -3.4401 ], [ 121.6088, -3.6869 ], [ 121.6107, -3.7343 ], [ 121.7009, -3.7779 ], [ 121.8228, -3.7552 ], [ 121.9725, -3.8882 ], [ 121.9513, -4.0567 ], [ 121.9813, -4.1222 ], [ 122.0404, -4.1272 ], [ 122.1792, -4.0649 ], [ 122.2226, -4.0055 ], [ 122.2716, -3.9833 ], [ 122.3027, -3.9975 ], [ 122.2941, -4.0102 ], [ 122.3117, -4.0021 ], [ 122.4429, -4.0116 ], [ 122.4568, -3.9354 ], [ 122.5129, -3.9087 ], [ 122.5242, -3.9414 ], [ 122.6259, -3.9484 ], [ 122.651, -3.8921 ], [ 122.5228, -3.8933 ], [ 122.4595, -3.8214 ], [ 122.4233, -3.8693 ], [ 122.3362, -3.8282 ], [ 122.1621, -3.7231 ], [ 122.102, -3.7175 ], [ 122.0637, -3.6455 ], [ 121.9534, -3.5638 ], [ 121.8533, -3.5596 ], [ 121.8008, -3.5851 ], [ 121.7499, -3.4835 ], [ 121.6746, -3.4743 ], [ 121.6189, -3.4255 ], [ 121.6077, -3.319 ], [ 121.556, -3.2509 ], [ 121.5852, -3.177 ], [ 121.6154, -3.1676 ], [ 121.6654, -3.1921 ], [ 121.6753, -3.224 ], [ 121.7522, -3.2348 ], [ 121.7831, -3.2385 ], [ 121.7976, -3.2418 ], [ 121.8461, -3.2011 ], [ 121.9266, -3.123 ], [ 121.951, -3.0483 ], [ 121.9412, -3.0283 ], [ 121.8656, -2.9679 ], [ 121.7718, -2.9435 ], [ 121.7383, -2.9259 ], [ 121.6827, -2.9027 ] ] ] ] } },
{ "type": "Feature", "properties": { "balita": 4142.0, "u5mr": 27.69, "kabkota": "Konawe Kepulauan", "jenis": "Kabupaten", "provinsi": "SULAWESI TENGGARA", "pulau": "Sulawesi", "provinsi_geojson": "Sulawesi Tenggara", "jenis_geo": "Kabupaten", "label": "Kab. Konawe Kepulauan", "kode_bps": "7412", "geo_key": "konawe kepulauan", "name_geojson": "Kabupaten Konawe Kepulauan", "peringkat_nasional": 91, "peringkat_provinsi": 5, "kelas_jenks": 3, "kelas_kuantil": 5 }, "geometry": { "type": "MultiPolygon", "coordinates": [ [ [ [ 123.0125, -3.9784 ], [ 122.9388, -4.0959 ], [ 122.991, -4.2008 ], [ 123.1177, -4.2608 ], [ 123.2482, -4.1244 ], [ 123.2219, -4.0244 ], [ 123.088, -4.0223 ], [ 123.0125, -3.9784 ] ] ] ] } },
{ "type": "Feature", "properties": { "balita": 31263.0, "u5mr": 22.72, "kabkota": "Konawe Selatan", "jenis": "Kabupaten", "provinsi": "SULAWESI TENGGARA", "pulau": "Sulawesi", "provinsi_geojson": "Sulawesi Tenggara", "jenis_geo": "Kabupaten", "label": "Kab. Konawe Selatan", "kode_bps": "7405", "geo_key": "konawe selatan", "name_geojson": "Kabupaten Konawe Selatan", "peringkat_nasional": 152, "peringkat_provinsi": 12, "kelas_jenks": 2, "kelas_kuantil": 4 }, "geometry": { "type": "MultiPolygon", "coordinates": [ [ [ [ 122.2716, -3.9833 ], [ 122.2226, -4.0055 ], [ 122.1792, -4.0649 ], [ 122.0404, -4.1272 ], [ 121.9978, -4.1289 ], [ 122.0288, -4.197 ], [ 121.9894, -4.3724 ], [ 121.9714, -4.4065 ], [ 121.8819, -4.3773 ], [ 122.0017, -4.431 ], [ 122.0471, -4.4688 ], [ 122.08, -4.4978 ], [ 122.1052, -4.501 ], [ 122.1184, -4.5367 ], [ 122.2175, -4.4796 ], [ 122.3416, -4.4774 ], [ 122.4195, -4.4322 ], [ 122.4895, -4.456 ], [ 122.5848, -4.3962 ], [ 122.7436, -4.5101 ], [ 122.7693, -4.4088 ], [ 122.8317, -4.4488 ], [ 122.9007, -4.3776 ], [ 122.8795, -4.2948 ], [ 122.9062, -4.2306 ], [ 122.8885, -4.1271 ], [ 122.8439, -4.0621 ], [ 122.7688, -4.0571 ], [ 122.8003, -4.1561 ], [ 122.6767, -4.1578 ], [ 122.6513, -4.0029 ], [ 122.5227, -4.0917 ], [ 122.4429, -4.0116 ], [ 122.3117, -4.0021 ], [ 122.2941, -4.0102 ], [ 122.3027, -3.9975 ], [ 122.2716, -3.9833 ] ] ] ] } },
{ "type": "Feature", "properties": { "balita": 7770.0, "u5mr": 27.59, "kabkota": "Konawe Utara", "jenis": "Kabupaten", "provinsi": "SULAWESI TENGGARA", "pulau": "Sulawesi", "provinsi_geojson": "Sulawesi Tenggara", "jenis_geo": "Kabupaten", "label": "Kab. Konawe Utara", "kode_bps": "7410", "geo_key": "konawe utara", "name_geojson": "Kabupaten Konawe Utara", "peringkat_nasional": 92, "peringkat_provinsi": 6, "kelas_jenks": 3, "kelas_kuantil": 5 }, "geometry": { "type": "MultiPolygon", "coordinates": [ [ [ [ 122.244, -3.0926 ], [ 122.1506, -3.0394 ], [ 122.1265, -3.0827 ], [ 122.0353, -3.0718 ], [ 122.0303, -3.0482 ], [ 121.951, -3.0483 ], [ 121.9266, -3.123 ], [ 121.8461, -3.2011 ], [ 121.7976, -3.2418 ], [ 121.7831, -3.2385 ], [ 121.7522, -3.2348 ], [ 121.6753, -3.224 ], [ 121.6654, -3.1921 ], [ 121.6154, -3.1676 ], [ 121.5852, -3.177 ], [ 121.556, -3.2509 ], [ 121.6077, -3.319 ], [ 121.6189, -3.4255 ], [ 121.6746, -3.4743 ], [ 121.7499, -3.4835 ], [ 121.8008, -3.5851 ], [ 121.8533, -3.5596 ], [ 121.9534, -3.5638 ], [ 122.0637, -3.6455 ], [ 122.102, -3.7175 ], [ 122.1621, -3.7231 ], [ 122.3362, -3.8282 ], [ 122.4233, -3.8693 ], [ 122.4595, -3.8214 ], [ 122.443, -3.7494 ], [ 122.3417, -3.7451 ], [ 122.1955, -3.6077 ], [ 122.2011, -3.5644 ], [ 122.2826, -3.5489 ], [ 122.3022, -3.4679 ], [ 122.2487, -3.4162 ], [ 122.2896, -3.3771 ], [ 122.3119, -3.2605 ], [ 122.2957, -3.2262 ], [ 122.3164, -3.2032 ], [ 122.2565, -3.1403 ], [ 122.244, -3.0926 ] ] ] ] } },
{ "type": "Feature", "properties": { "balita": 22575.0, "u5mr": 24.12, "kabkota": "Muna", "jenis": "Kabupaten", "provinsi": "SULAWESI TENGGARA", "pulau": "Sulawesi", "provinsi_geojson": "Sulawesi Tenggara", "jenis_geo": "Kabupaten", "label": "Kab. Muna", "kode_bps": "7402", "geo_key": "muna", "name_geojson": "Kabupaten Muna", "peringkat_nasional": 137, "peringkat_provinsi": 11, "kelas_jenks": 3, "kelas_kuantil": 4 }, "geometry": { "type": "MultiPolygon", "coordinates": [ [ [ [ 122.5614, -5.2279 ], [ 122.6365, -5.0598 ], [ 122.7626, -4.9682 ], [ 122.7265, -4.8501 ], [ 122.7456, -4.7934 ], [ 122.7293, -4.6522 ], [ 122.6715, -4.6107 ], [ 122.6339, -4.6744 ], [ 122.6588, -4.7296 ], [ 122.5916, -4.7689 ], [ 122.5803, -4.8322 ], [ 122.6596, -4.8971 ], [ 122.5925, -4.9658 ], [ 122.4178, -4.9065 ], [ 122.3777, -4.9246 ], [ 122.3818, -5.0878 ], [ 122.3168, -5.1423 ], [ 122.4497, -5.2346 ], [ 122.5282, -5.1951 ], [ 122.5614, -5.2279 ] ] ], [ [ [ 122.928, -4.6102 ], [ 122.8621, -4.6215 ], [ 122.858, -4.6062 ], [ 122.8287, -4.6805 ], [ 122.8562, -4.7846 ], [ 122.8128, -4.9809 ], [ 122.8493, -5.038 ], [ 122.8911, -5.0102 ], [ 122.8881, -4.9159 ], [ 122.9138, -4.827 ], [ 122.8798, -4.7754 ], [ 122.928, -4.6102 ] ] ] ] } },
{ "type": "Feature", "properties": { "balita": 9469.0, "u5mr": 25.48, "kabkota": "Muna Barat", "jenis": "Kabupaten", "provinsi": "SULAWESI TENGGARA", "pulau": "Sulawesi", "provinsi_geojson": "Sulawesi Tenggara", "jenis_geo": "Kabupaten", "label": "Kab. Muna Barat", "kode_bps": "7413", "geo_key": "muna barat", "name_geojson": "Kabupaten Muna Barat", "peringkat_nasional": 112, "peringkat_provinsi": 9, "kelas_jenks": 3, "kelas_kuantil": 4 }, "geometry": { "type": "MultiPolygon", "coordinates": [ [ [ [ 122.6339, -4.6744 ], [ 122.6264, -4.642 ], [ 122.4675, -4.7415 ], [ 122.3736, -4.7388 ], [ 122.3183, -4.8315 ], [ 122.3777, -4.9246 ], [ 122.4178, -4.9065 ], [ 122.5925, -4.9658 ], [ 122.6596, -4.8971 ], [ 122.5803, -4.8322 ], [ 122.5916, -4.7689 ], [ 122.6588, -4.7296 ], [ 122.6339, -4.6744 ] ] ] ] } },
{ "type": "Feature", "properties": { "balita": 12209.0, "u5mr": 26.83, "kabkota": "Wakatobi", "jenis": "Kabupaten", "provinsi": "SULAWESI TENGGARA", "pulau": "Sulawesi", "provinsi_geojson": "Sulawesi Tenggara", "jenis_geo": "Kabupaten", "label": "Kab. Wakatobi", "kode_bps": "7407", "geo_key": "wakatobi", "name_geojson": "Kabupaten Wakatobi", "peringkat_nasional": 102, "peringkat_provinsi": 8, "kelas_jenks": 3, "kelas_kuantil": 5 }, "geometry": { "type": "MultiPolygon", "coordinates": [ [ [ [ 123.7137, -5.5066 ], [ 123.7805, -5.5899 ], [ 123.8105, -5.5578 ], [ 123.7708, -5.5086 ], [ 123.7137, -5.5066 ] ] ], [ [ [ 123.533, -5.2478 ], [ 123.5389, -5.35 ], [ 123.6389, -5.3684 ], [ 123.6443, -5.2951 ], [ 123.533, -5.2478 ] ] ] ] } },
{ "type": "Feature", "properties": { "balita": 15664.0, "u5mr": 12.61, "kabkota": "Kota Baubau", "jenis": "Kota", "provinsi": "SULAWESI TENGGARA", "pulau": "Sulawesi", "provinsi_geojson": "Sulawesi Tenggara", "jenis_geo": "Kota", "label": "Kota Baubau", "kode_bps": "7472", "geo_key": "kota bau bau", "name_geojson": "Kota Bau Bau", "peringkat_nasional": 466, "peringkat_provinsi": 16, "kelas_jenks": 1, "kelas_kuantil": 1 }, "geometry": { "type": "MultiPolygon", "coordinates": [ [ [ [ 122.7261, -5.3548 ], [ 122.6546, -5.3244 ], [ 122.6196, -5.4005 ], [ 122.6278, -5.4597 ], [ 122.564, -5.4831 ], [ 122.5737, -5.5381 ], [ 122.6705, -5.4963 ], [ 122.7518, -5.4595 ], [ 122.7604, -5.4221 ], [ 122.7261, -5.3548 ] ] ] ] } },
{ "type": "Feature", "properties": { "balita": 33657.0, "u5mr": 11.77, "kabkota": "Kota Kendari", "jenis": "Kota", "provinsi": "SULAWESI TENGGARA", "pulau": "Sulawesi", "provinsi_geojson": "Sulawesi Tenggara", "jenis_geo": "Kota", "label": "Kota Kendari", "kode_bps": "7471", "geo_key": "kota kendari", "name_geojson": "Kota Kendari", "peringkat_nasional": 487, "peringkat_provinsi": 17, "kelas_jenks": 1, "kelas_kuantil": 1 }, "geometry": { "type": "MultiPolygon", "coordinates": [ [ [ [ 122.5129, -3.9087 ], [ 122.4568, -3.9354 ], [ 122.4429, -4.0116 ], [ 122.5227, -4.0917 ], [ 122.6513, -4.0029 ], [ 122.6259, -3.9484 ], [ 122.5242, -3.9414 ], [ 122.5129, -3.9087 ] ] ] ] } },
{ "type": "Feature", "properties": { "balita": 19473.0, "u5mr": 25.86, "kabkota": "Bolaang Mongondow", "jenis": "Kabupaten", "provinsi": "SULAWESI UTARA", "pulau": "Sulawesi", "provinsi_geojson": "Sulawesi Utara", "jenis_geo": "Kabupaten", "label": "Kab. Bolaang Mongondow", "kode_bps": "7101", "geo_key": "bolaang mongondow", "name_geojson": "Kabupaten Bolaang Mongondow", "peringkat_nasional": 110, "peringkat_provinsi": 2, "kelas_jenks": 3, "kelas_kuantil": 4 }, "geometry": { "type": "MultiPolygon", "coordinates": [ [ [ [ 124.2978, 1.0108 ], [ 124.2033, 0.99 ], [ 124.1379, 0.9288 ], [ 124.0727, 0.9212 ], [ 123.911, 0.8453 ], [ 123.7526, 0.8309 ], [ 123.6889, 0.7941 ], [ 123.7414, 0.6853 ], [ 123.6988, 0.613 ], [ 123.6655, 0.6176 ], [ 123.6429, 0.5735 ], [ 123.6818, 0.563 ], [ 123.7202, 0.5264 ], [ 123.6902, 0.4863 ], [ 123.7122, 0.467 ], [ 123.7916, 0.4407 ], [ 123.8589, 0.4593 ], [ 123.9298, 0.4313 ], [ 124.0482, 0.511 ], [ 124.2538, 0.5436 ], [ 124.2938, 0.532 ], [ 124.3101, 0.5679 ], [ 124.2967, 0.5612 ], [ 124.3159, 0.574 ], [ 124.3375, 0.6151 ], [ 124.3185, 0.6668 ], [ 124.288, 0.6991 ], [ 124.3041, 0.7621 ], [ 124.3458, 0.7685 ], [ 124.3571, 0.7553 ], [ 124.4182, 0.7689 ], [ 124.4064, 0.858 ], [ 124.3606, 0.9628 ], [ 124.3335, 0.988 ], [ 124.3174, 1.0084 ], [ 124.2978, 1.0108 ] ] ] ] } },
{ "type": "Feature", "properties": { "balita": 6237.0, "u5mr": 28.12, "kabkota": "Bolaang Mongondow Selatan", "jenis": "Kabupaten", "provinsi": "SULAWESI UTARA", "pulau": "Sulawesi", "provinsi_geojson": "Sulawesi Utara", "jenis_geo": "Kabupaten", "label": "Kab. Bolaang Mongondow Selatan", "kode_bps": "7110", "geo_key": "bolaang mongondow selatan", "name_geojson": "Kabupaten Bolaang Mongondow Selatan", "peringkat_nasional": 89, "peringkat_provinsi": 1, "kelas_jenks": 3, "kelas_kuantil": 5 }, "geometry": { "type": "MultiPolygon", "coordinates": [ [ [ [ 124.3375, 0.6151 ], [ 124.3159, 0.574 ], [ 124.2967, 0.5612 ], [ 124.3101, 0.5679 ], [ 124.2938, 0.532 ], [ 124.2538, 0.5436 ], [ 124.0482, 0.511 ], [ 123.9298, 0.4313 ], [ 123.8589, 0.4593 ], [ 123.7916, 0.4407 ], [ 123.7122, 0.467 ], [ 123.6902, 0.4863 ], [ 123.7202, 0.5264 ], [ 123.6818, 0.563 ], [ 123.6429, 0.5735 ], [ 123.587, 0.5869 ], [ 123.5261, 0.5418 ], [ 123.5228, 0.4901 ], [ 123.5502, 0.4338 ], [ 123.4979, 0.3821 ], [ 123.4941, 0.3071 ], [ 123.574, 0.3218 ], [ 123.677, 0.2957 ], [ 123.8202, 0.337 ], [ 124.0528, 0.361 ], [ 124.0802, 0.3878 ], [ 124.2884, 0.4071 ], [ 124.3233, 0.4459 ], [ 124.4531, 0.4441 ], [ 124.4759, 0.4665 ], [ 124.4398, 0.5667 ], [ 124.3816, 0.5813 ], [ 124.3746, 0.5986 ], [ 124.3375, 0.6151 ] ] ] ] } },
{ "type": "Feature", "properties": { "balita": 7476.0, "u5mr": 21.02, "kabkota": "Bolaang Mongondow Timur", "jenis": "Kabupaten", "provinsi": "SULAWESI UTARA", "pulau": "Sulawesi", "provinsi_geojson": "Sulawesi Utara", "jenis_geo": "Kabupaten", "label": "Kab. Bolaang Mongondow Timur", "kode_bps": "7111", "geo_key": "bolaang mongondow timur", "name_geojson": "Kabupaten Bolaang Mongondow Timur", "peringkat_nasional": 185, "peringkat_provinsi": 5, "kelas_jenks": 2, "kelas_kuantil": 4 }, "geometry": { "type": "MultiPolygon", "coordinates": [ [ [ [ 124.6487, 0.9299 ], [ 124.6501, 0.9567 ], [ 124.5999, 0.943 ], [ 124.5794, 0.9219 ], [ 124.5585, 0.8865 ], [ 124.5601, 0.8671 ], [ 124.5508, 0.8545 ], [ 124.5255, 0.8403 ], [ 124.5163, 0.8245 ], [ 124.4973, 0.8203 ], [ 124.4905, 0.7756 ], [ 124.4182, 0.7689 ], [ 124.3571, 0.7553 ], [ 124.3795, 0.6579 ], [ 124.3746, 0.5986 ], [ 124.3816, 0.5813 ], [ 124.4398, 0.5667 ], [ 124.4759, 0.4665 ], [ 124.5656, 0.666 ], [ 124.6294, 0.7129 ], [ 124.6268, 0.7707 ], [ 124.6836, 0.8693 ], [ 124.6487, 0.9299 ] ] ] ] } },
{ "type": "Feature", "properties": { "balita": 7071.0, "u5mr": 19.62, "kabkota": "Bolaang Mongondow Utara", "jenis": "Kabupaten", "provinsi": "SULAWESI UTARA", "pulau": "Sulawesi", "provinsi_geojson": "Sulawesi Utara", "jenis_geo": "Kabupaten", "label": "Kab. Bolaang Mongondow Utara", "kode_bps": "7107", "geo_key": "bolaang mongondow utara", "name_geojson": "Kabupaten Bolaang Mongondow Utara", "peringkat_nasional": 210, "peringkat_provinsi": 6, "kelas_jenks": 2, "kelas_kuantil": 3 }, "geometry": { "type": "MultiPolygon", "coordinates": [ [ [ [ 123.6889, 0.7941 ], [ 123.7286, 0.8577 ], [ 123.5924, 0.9044 ], [ 123.5546, 0.887 ], [ 123.417, 0.8911 ], [ 123.281, 0.9127 ], [ 123.2149, 0.9467 ], [ 123.1787, 0.9017 ], [ 123.1191, 0.9263 ], [ 123.1217, 0.8887 ], [ 123.2063, 0.8571 ], [ 123.2711, 0.8026 ], [ 123.2686, 0.7681 ], [ 123.2471, 0.717 ], [ 123.2736, 0.6982 ], [ 123.3594, 0.6514 ], [ 123.429, 0.6414 ], [ 123.4922, 0.6191 ], [ 123.5091, 0.5844 ], [ 123.587, 0.5869 ], [ 123.6429, 0.5735 ], [ 123.6655, 0.6176 ], [ 123.6988, 0.613 ], [ 123.7414, 0.6853 ], [ 123.6889, 0.7941 ] ] ] ] } },
{ "type": "Feature", "properties": { "balita": 5417.0, "u5mr": 17.75, "kabkota": "Siau Tagulandang Biaro", "jenis": "Kabupaten", "provinsi": "SULAWESI UTARA", "pulau": "Sulawesi", "provinsi_geojson": "Sulawesi Utara", "jenis_geo": "Kabupaten", "label": "Kab. Siau Tagulandang Biaro", "kode_bps": "7108", "geo_key": "kep. siau tagulandang biaro", "name_geojson": "Kabupaten Kep. Siau Tagulandang Biaro", "peringkat_nasional": 264, "peringkat_provinsi": 7, "kelas_jenks": 2, "kelas_kuantil": 3 }, "geometry": { "type": "MultiPolygon", "coordinates": [ [ [ [ 125.3739, 2.795 ], [ 125.3589, 2.7235 ], [ 125.4514, 2.7533 ], [ 125.432, 2.8059 ], [ 125.3739, 2.795 ] ] ] ] } },
{ "type": "Feature", "properties": { "balita": 10450.0, "u5mr": 16.72, "kabkota": "Kepulauan Sangihe", "jenis": "Kabupaten", "provinsi": "SULAWESI UTARA", "pulau": "Sulawesi", "provinsi_geojson": "Sulawesi Utara", "jenis_geo": "Kabupaten", "label": "Kab. Kepulauan Sangihe", "kode_bps": "7103", "geo_key": "kepulauan sangihe", "name_geojson": "Kabupaten Kepulauan Sangihe", "peringkat_nasional": 301, "peringkat_provinsi": 9, "kelas_jenks": 2, "kelas_kuantil": 3 }, "geometry": { "type": "MultiPolygon", "coordinates": [ [ [ [ 125.4269, 3.7346 ], [ 125.3976, 3.6732 ], [ 125.4893, 3.5731 ], [ 125.5029, 3.4352 ], [ 125.6207, 3.3888 ], [ 125.6764, 3.4294 ], [ 125.671, 3.4941 ], [ 125.5898, 3.553 ], [ 125.5727, 3.6462 ], [ 125.5078, 3.7231 ], [ 125.4269, 3.7346 ] ] ] ] } },
{ "type": "Feature", "properties": { "balita": 7603.0, "u5mr": 22.22, "kabkota": "Kepulauan Talaud", "jenis": "Kabupaten", "provinsi": "SULAWESI UTARA", "pulau": "Sulawesi", "provinsi_geojson": "Sulawesi Utara", "jenis_geo": "Kabupaten", "label": "Kab. Kepulauan Talaud", "kode_bps": "7104", "geo_key": "kepulauan talaud", "name_geojson": "Kabupaten Kepulauan Talaud", "peringkat_nasional": 161, "peringkat_provinsi": 3, "kelas_jenks": 2, "kelas_kuantil": 4 }, "geometry": { "type": "MultiPolygon", "coordinates": [ [ [ [ 126.7363, 4.5417 ], [ 126.7338, 4.4625 ], [ 126.6868, 4.3751 ], [ 126.7086, 4.2732 ], [ 126.7925, 4.236 ], [ 126.7334, 4.1095 ], [ 126.6865, 4.0748 ], [ 126.6708, 4.0034 ], [ 126.7626, 3.9949 ], [ 126.8076, 4.0318 ], [ 126.7964, 4.1488 ], [ 126.9111, 4.27 ], [ 126.8509, 4.3731 ], [ 126.8551, 4.4896 ], [ 126.8076, 4.534 ], [ 126.7363, 4.5417 ] ] ] ] } },
{ "type": "Feature", "properties": { "balita": 23908.0, "u5mr": 14.65, "kabkota": "Minahasa", "jenis": "Kabupaten", "provinsi": "SULAWESI UTARA", "pulau": "Sulawesi", "provinsi_geojson": "Sulawesi Utara", "jenis_geo": "Kabupaten", "label": "Kab. Minahasa", "kode_bps": "7102", "geo_key": "minahasa", "name_geojson": "Kabupaten Minahasa", "peringkat_nasional": 399, "peringkat_provinsi": 13, "kelas_jenks": 1, "kelas_kuantil": 2 }, "geometry": { "type": "MultiPolygon", "coordinates": [ [ [ [ 124.8719, 1.4646 ], [ 124.8235, 1.428 ], [ 124.7524, 1.4546 ], [ 124.6756, 1.3941 ], [ 124.5879, 1.3698 ], [ 124.6211, 1.3365 ], [ 124.7227, 1.3157 ], [ 124.7521, 1.2113 ], [ 124.7271, 1.1837 ], [ 124.7367, 1.1151 ], [ 124.8374, 1.121 ], [ 124.8739, 1.0575 ], [ 124.9096, 1.0184 ], [ 125.0233, 1.1423 ], [ 125.0635, 1.2861 ], [ 125.0268, 1.2914 ], [ 124.9801, 1.3223 ], [ 124.926, 1.3782 ], [ 124.9077, 1.3977 ], [ 124.901, 1.4267 ], [ 124.9044, 1.4517 ], [ 124.8719, 1.4646 ] ], [ [ 124.8357, 1.4051 ], [ 124.8377, 1.3861 ], [ 124.8763, 1.3262 ], [ 124.8501, 1.2667 ], [ 124.7515, 1.293 ], [ 124.7693, 1.3593 ], [ 124.8357, 1.4051 ] ] ] ] } },
{ "type": "Feature", "properties": { "balita": 16873.0, "u5mr": 17.32, "kabkota": "Minahasa Selatan", "jenis": "Kabupaten", "provinsi": "SULAWESI UTARA", "pulau": "Sulawesi", "provinsi_geojson": "Sulawesi Utara", "jenis_geo": "Kabupaten", "label": "Kab. Minahasa Selatan", "kode_bps": "7105", "geo_key": "minahasa selatan", "name_geojson": "Kabupaten Minahasa Selatan", "peringkat_nasional": 282, "peringkat_provinsi": 8, "kelas_jenks": 2, "kelas_kuantil": 3 }, "geometry": { "type": "MultiPolygon", "coordinates": [ [ [ [ 124.5879, 1.3698 ], [ 124.5123, 1.3175 ], [ 124.6097, 1.2559 ], [ 124.5708, 1.1853 ], [ 124.4158, 1.1956 ], [ 124.3568, 1.1336 ], [ 124.2978, 1.0108 ], [ 124.3174, 1.0084 ], [ 124.3335, 0.988 ], [ 124.3606, 0.9628 ], [ 124.4064, 0.858 ], [ 124.4339, 0.7964 ], [ 124.4905, 0.7756 ], [ 124.4973, 0.8203 ], [ 124.5167, 0.8249 ], [ 124.5599, 0.8668 ], [ 124.5589, 0.8875 ], [ 124.5786, 0.9342 ], [ 124.5795, 1.005 ], [ 124.554, 1.0398 ], [ 124.5665, 1.0446 ], [ 124.5503, 1.0878 ], [ 124.6489, 1.1163 ], [ 124.7367, 1.1151 ], [ 124.7271, 1.1837 ], [ 124.7521, 1.2113 ], [ 124.7227, 1.3157 ], [ 124.6211, 1.3365 ], [ 124.5879, 1.3698 ] ] ] ] } },
{ "type": "Feature", "properties": { "balita": 9389.0, "u5mr": 21.36, "kabkota": "Minahasa Tenggara", "jenis": "Kabupaten", "provinsi": "SULAWESI UTARA", "pulau": "Sulawesi", "provinsi_geojson": "Sulawesi Utara", "jenis_geo": "Kabupaten", "label": "Kab. Minahasa Tenggara", "kode_bps": "7109", "geo_key": "minahasa tenggara", "name_geojson": "Kabupaten Minahasa Tenggara", "peringkat_nasional": 174, "peringkat_provinsi": 4, "kelas_jenks": 2, "kelas_kuantil": 4 }, "geometry": { "type": "MultiPolygon", "coordinates": [ [ [ [ 124.7367, 1.1151 ], [ 124.6489, 1.1163 ], [ 124.5503, 1.0878 ], [ 124.5665, 1.0446 ], [ 124.554, 1.0398 ], [ 124.5795, 1.005 ], [ 124.5786, 0.9342 ], [ 124.6509, 0.9563 ], [ 124.6487, 0.9299 ], [ 124.6836, 0.8693 ], [ 124.7678, 0.8917 ], [ 124.7895, 0.945 ], [ 124.8861, 0.9719 ], [ 124.8739, 1.0575 ], [ 124.8374, 1.121 ], [ 124.7367, 1.1151 ] ] ] ] } },
{ "type": "Feature", "properties": { "balita": 17393.0, "u5mr": 14.92, "kabkota": "Minahasa Utara", "jenis": "Kabupaten", "provinsi": "SULAWESI UTARA", "pulau": "Sulawesi", "provinsi_geojson": "Sulawesi Utara", "jenis_geo": "Kabupaten", "label": "Kab. Minahasa Utara", "kode_bps": "7106", "geo_key": "minahasa utara", "name_geojson": "Kabupaten Minahasa Utara", "peringkat_nasional": 389, "peringkat_provinsi": 12, "kelas_jenks": 1, "kelas_kuantil": 2 }, "geometry": { "type": "MultiPolygon", "coordinates": [ [ [ [ 125.1248, 1.5659 ], [ 125.1616, 1.6389 ], [ 125.0395, 1.6772 ], [ 124.9921, 1.7508 ], [ 124.8818, 1.6315 ], [ 124.8424, 1.5653 ], [ 124.9273, 1.5603 ], [ 124.9247, 1.5255 ], [ 124.9027, 1.4965 ], [ 124.9044, 1.4517 ], [ 124.901, 1.4267 ], [ 124.9077, 1.3977 ], [ 124.926, 1.3782 ], [ 124.9801, 1.3223 ], [ 125.0268, 1.2914 ], [ 125.1085, 1.3944 ], [ 125.0884, 1.4287 ], [ 125.0786, 1.4993 ], [ 125.0853, 1.5762 ], [ 125.1248, 1.5659 ] ] ] ] } },
{ "type": "Feature", "properties": { "balita": 18536.0, "u5mr": 15.44, "kabkota": "Kota Bitung", "jenis": "Kota", "provinsi": "SULAWESI UTARA", "pulau": "Sulawesi", "provinsi_geojson": "Sulawesi Utara", "jenis_geo": "Kota", "label": "Kota Bitung", "kode_bps": "7172", "geo_key": "kota bitung", "name_geojson": "Kota Bitung", "peringkat_nasional": 357, "peringkat_provinsi": 11, "kelas_jenks": 1, "kelas_kuantil": 2 }, "geometry": { "type": "MultiPolygon", "coordinates": [ [ [ [ 125.1248, 1.5659 ], [ 125.0853, 1.5762 ], [ 125.0786, 1.4993 ], [ 125.0884, 1.4287 ], [ 125.2017, 1.4398 ], [ 125.2479, 1.5084 ], [ 125.2077, 1.5505 ], [ 125.1248, 1.5659 ] ] ] ] } },
{ "type": "Feature", "properties": { "balita": 10207.0, "u5mr": 16.41, "kabkota": "Kota Kotamobagu", "jenis": "Kota", "provinsi": "SULAWESI UTARA", "pulau": "Sulawesi", "provinsi_geojson": "Sulawesi Utara", "jenis_geo": "Kota", "label": "Kota Kotamobagu", "kode_bps": "7174", "geo_key": "kota kotamobagu", "name_geojson": "Kota Kotamobagu", "peringkat_nasional": 317, "peringkat_provinsi": 10, "kelas_jenks": 1, "kelas_kuantil": 2 }, "geometry": { "type": "MultiPolygon", "coordinates": [ [ [ [ 124.3041, 0.7621 ], [ 124.288, 0.6991 ], [ 124.3185, 0.6668 ], [ 124.3795, 0.6579 ], [ 124.3571, 0.7553 ], [ 124.3458, 0.7685 ], [ 124.3041, 0.7621 ] ] ] ] } },
{ "type": "Feature", "properties": { "balita": 34242.0, "u5mr": 13.6, "kabkota": "Kota Manado", "jenis": "Kota", "provinsi": "SULAWESI UTARA", "pulau": "Sulawesi", "provinsi_geojson": "Sulawesi Utara", "jenis_geo": "Kota", "label": "Kota Manado", "kode_bps": "7171", "geo_key": "kota manado", "name_geojson": "Kota Manado", "peringkat_nasional": 434, "peringkat_provinsi": 15, "kelas_jenks": 1, "kelas_kuantil": 1 }, "geometry": { "type": "MultiPolygon", "coordinates": [ [ [ [ 124.8424, 1.5653 ], [ 124.8235, 1.428 ], [ 124.8719, 1.4646 ], [ 124.9027, 1.4965 ], [ 124.9247, 1.5255 ], [ 124.9273, 1.5603 ], [ 124.8424, 1.5653 ] ] ] ] } },
{ "type": "Feature", "properties": { "balita": 7469.0, "u5mr": 13.78, "kabkota": "Kota Tomohon", "jenis": "Kota", "provinsi": "SULAWESI UTARA", "pulau": "Sulawesi", "provinsi_geojson": "Sulawesi Utara", "jenis_geo": "Kota", "label": "Kota Tomohon", "kode_bps": "7173", "geo_key": "kota tomohon", "name_geojson": "Kota Tomohon", "peringkat_nasional": 424, "peringkat_provinsi": 14, "kelas_jenks": 1, "kelas_kuantil": 1 }, "geometry": { "type": "MultiPolygon", "coordinates": [ [ [ [ 124.8357, 1.4051 ], [ 124.7693, 1.3593 ], [ 124.7515, 1.293 ], [ 124.8501, 1.2667 ], [ 124.8763, 1.3262 ], [ 124.8377, 1.3861 ], [ 124.8357, 1.4051 ] ] ] ] } },
{ "type": "Feature", "properties": { "balita": 50869.0, "u5mr": 16.01, "kabkota": "Agam", "jenis": "Kabupaten", "provinsi": "SUMATERA BARAT", "pulau": "Sumatera", "provinsi_geojson": "Sumatera Barat", "jenis_geo": "Kabupaten", "label": "Kab. Agam", "kode_bps": "1307", "geo_key": "agam", "name_geojson": "Kabupaten Agam", "peringkat_nasional": 335, "peringkat_provinsi": 14, "kelas_jenks": 1, "kelas_kuantil": 2 }, "geometry": { "type": "MultiPolygon", "coordinates": [ [ [ [ 100.3009, -0.0375 ], [ 100.2131, -0.07 ], [ 100.1605, -0.1077 ], [ 100.0322, -0.0928 ], [ 99.9873, -0.1589 ], [ 99.7706, -0.1758 ], [ 99.8168, -0.2964 ], [ 99.9621, -0.434 ], [ 99.9903, -0.3619 ], [ 100.0671, -0.3254 ], [ 100.1013, -0.3353 ], [ 100.215, -0.416 ], [ 100.2636, -0.479 ], [ 100.2902, -0.4549 ], [ 100.3341, -0.3946 ], [ 100.3988, -0.3844 ], [ 100.4706, -0.391 ], [ 100.5122, -0.2958 ], [ 100.5373, -0.2793 ], [ 100.5281, -0.2452 ], [ 100.5187, -0.2497 ], [ 100.4451, -0.2044 ], [ 100.338, -0.0877 ], [ 100.3009, -0.0375 ] ] ] ] } },
{ "type": "Feature", "properties": { "balita": 22590.0, "u5mr": 19.21, "kabkota": "Dharmasraya", "jenis": "Kabupaten", "provinsi": "SUMATERA BARAT", "pulau": "Sumatera", "provinsi_geojson": "Sumatera Barat", "jenis_geo": "Kabupaten", "label": "Kab. Dharmasraya", "kode_bps": "1311", "geo_key": "dharmasraya", "name_geojson": "Kabupaten Dharmasraya", "peringkat_nasional": 221, "peringkat_provinsi": 9, "kelas_jenks": 2, "kelas_kuantil": 3 }, "geometry": { "type": "MultiPolygon", "coordinates": [ [ [ [ 101.5478, -0.8211 ], [ 101.5206, -0.848 ], [ 101.4769, -0.8342 ], [ 101.3962, -0.9404 ], [ 101.4032, -0.9694 ], [ 101.376, -0.9732 ], [ 101.2326, -0.9325 ], [ 101.1825, -1.0061 ], [ 101.1839, -1.0299 ], [ 101.1656, -1.0555 ], [ 101.1666, -1.1028 ], [ 101.198, -1.107 ], [ 101.2633, -1.1667 ], [ 101.2995, -1.1436 ], [ 101.3507, -1.1315 ], [ 101.3443, -1.0436 ], [ 101.4536, -1.011 ], [ 101.4601, -1.0306 ], [ 101.4412, -1.0865 ], [ 101.4029, -1.1505 ], [ 101.4108, -1.1841 ], [ 101.4331, -1.2064 ], [ 101.4501, -1.211 ], [ 101.4678, -1.2589 ], [ 101.5257, -1.3042 ], [ 101.6465, -1.3674 ], [ 101.6264, -1.4128 ], [ 101.5574, -1.4624 ], [ 101.5409, -1.5142 ], [ 101.5097, -1.573 ], [ 101.4314, -1.6416 ], [ 101.4266, -1.6775 ], [ 101.4765, -1.6767 ], [ 101.6228, -1.527 ], [ 101.6911, -1.4899 ], [ 101.6949, -1.3941 ], [ 101.7118, -1.3363 ], [ 101.7038, -1.3468 ], [ 101.6964, -1.2918 ], [ 101.7176, -1.26 ], [ 101.7267, -1.2348 ], [ 101.8172, -1.2172 ], [ 101.8842, -1.1347 ], [ 101.8664, -1.112 ], [ 101.8455, -1.1119 ], [ 101.8283, -1.0677 ], [ 101.8152, -1.0016 ], [ 101.8034, -0.9641 ], [ 101.7254, -0.9514 ], [ 101.7151, -0.9086 ], [ 101.7317, -0.8706 ], [ 101.6477, -0.8237 ], [ 101.5876, -0.8473 ], [ 101.5478, -0.8211 ] ] ] ] } },
{ "type": "Feature", "properties": { "balita": 9910.0, "u5mr": 29.48, "kabkota": "Kepulauan Mentawai", "jenis": "Kabupaten", "provinsi": "SUMATERA BARAT", "pulau": "Sumatera", "provinsi_geojson": "Sumatera Barat", "jenis_geo": "Kabupaten", "label": "Kab. Kepulauan Mentawai", "kode_bps": "1301", "geo_key": "kepulauan mentawai", "name_geojson": "Kabupaten Kepulauan Mentawai", "peringkat_nasional": 78, "peringkat_provinsi": 1, "kelas_jenks": 3, "kelas_kuantil": 5 }, "geometry": { "type": "MultiPolygon", "coordinates": [ [ [ [ 100.2023, -2.7859 ], [ 100.1885, -2.9904 ], [ 100.3245, -3.1203 ], [ 100.3255, -3.1729 ], [ 100.4602, -3.1237 ], [ 100.4691, -3.0445 ], [ 100.3547, -2.9011 ], [ 100.2023, -2.7859 ] ] ], [ [ [ 99.9726, -2.5119 ], [ 100.014, -2.7414 ], [ 99.9924, -2.7911 ], [ 100.0757, -2.8422 ], [ 100.2177, -2.776 ], [ 100.1726, -2.6479 ], [ 99.9726, -2.5119 ] ] ], [ [ [ 99.5873, -2.0254 ], [ 99.5466, -2.0718 ], [ 99.5717, -2.1517 ], [ 99.551, -2.2078 ], [ 99.7375, -2.3453 ], [ 99.7816, -2.2918 ], [ 99.7117, -2.1537 ], [ 99.7016, -2.0849 ], [ 99.5873, -2.0254 ] ] ], [ [ [ 98.9115, -0.9113 ], [ 98.7969, -0.9569 ], [ 98.7113, -0.9451 ], [ 98.6634, -0.98 ], [ 98.6571, -1.0887 ], [ 98.6027, -1.2255 ], [ 98.8372, -1.5869 ], [ 98.8779, -1.6791 ], [ 99.1074, -1.812 ], [ 99.2262, -1.7849 ], [ 99.2346, -1.6973 ], [ 99.2842, -1.7005 ], [ 99.2668, -1.6021 ], [ 99.1982, -1.5795 ], [ 99.1686, -1.4413 ], [ 99.1088, -1.3793 ], [ 99.0681, -1.2526 ], [ 98.949, -1.0836 ], [ 98.9428, -0.9837 ], [ 98.9115, -0.9113 ] ] ] ] } },
{ "type": "Feature", "properties": { "balita": 33722.0, "u5mr": 21.05, "kabkota": "Lima Puluh Kota", "jenis": "Kabupaten", "provinsi": "SUMATERA BARAT", "pulau": "Sumatera", "provinsi_geojson": "Sumatera Barat", "jenis_geo": "Kabupaten", "label": "Kab. Lima Puluh Kota", "kode_bps": "1308", "geo_key": "lima puluh kota", "name_geojson": "Kabupaten Lima Puluh Kota", "peringkat_nasional": 183, "peringkat_provinsi": 8, "kelas_jenks": 2, "kelas_kuantil": 4 }, "geometry": { "type": "MultiPolygon", "coordinates": [ [ [ [ 100.4202, 0.4242 ], [ 100.3233, 0.4004 ], [ 100.3333, 0.3522 ], [ 100.3084, 0.302 ], [ 100.3527, 0.1708 ], [ 100.3158, 0.0838 ], [ 100.3488, 0.0341 ], [ 100.2665, -0.02 ], [ 100.3009, -0.0375 ], [ 100.338, -0.0877 ], [ 100.4451, -0.2044 ], [ 100.5187, -0.2497 ], [ 100.5281, -0.2452 ], [ 100.5373, -0.2793 ], [ 100.5842, -0.3393 ], [ 100.6777, -0.3242 ], [ 100.7804, -0.3666 ], [ 100.7784, -0.3467 ], [ 100.8442, -0.3494 ], [ 100.8442, -0.3303 ], [ 100.7747, -0.2144 ], [ 100.753, -0.1318 ], [ 100.748, -0.0535 ], [ 100.7584, -0.0436 ], [ 100.8426, -0.0056 ], [ 100.8446, 0.0339 ], [ 100.8331, 0.0685 ], [ 100.8135, 0.1339 ], [ 100.8469, 0.2062 ], [ 100.8387, 0.2152 ], [ 100.8111, 0.2516 ], [ 100.7133, 0.2403 ], [ 100.6869, 0.1903 ], [ 100.5878, 0.2515 ], [ 100.559, 0.3047 ], [ 100.496, 0.305 ], [ 100.453, 0.3429 ], [ 100.437, 0.3843 ], [ 100.4611, 0.4116 ], [ 100.4202, 0.4242 ] ], [ [ 100.6209, -0.2019 ], [ 100.6856, -0.2077 ], [ 100.6498, -0.277 ], [ 100.5969, -0.2661 ], [ 100.6209, -0.2019 ] ] ] ] } },
{ "type": "Feature", "properties": { "balita": 40915.0, "u5mr": 16.84, "kabkota": "Padang Pariaman", "jenis": "Kabupaten", "provinsi": "SUMATERA BARAT", "pulau": "Sumatera", "provinsi_geojson": "Sumatera Barat", "jenis_geo": "Kabupaten", "label": "Kab. Padang Pariaman", "kode_bps": "1306", "geo_key": "padang pariaman", "name_geojson": "Kabupaten Padang Pariaman", "peringkat_nasional": 298, "peringkat_provinsi": 12, "kelas_jenks": 2, "kelas_kuantil": 3 }, "geometry": { "type": "MultiPolygon", "coordinates": [ [ [ [ 100.0671, -0.3254 ], [ 99.9903, -0.3619 ], [ 99.9621, -0.434 ], [ 100.0923, -0.5722 ], [ 100.0934, -0.5655 ], [ 100.1312, -0.5692 ], [ 100.1644, -0.6501 ], [ 100.1544, -0.669 ], [ 100.2911, -0.8166 ], [ 100.3674, -0.8004 ], [ 100.3854, -0.7556 ], [ 100.4579, -0.7261 ], [ 100.4422, -0.7125 ], [ 100.4297, -0.6774 ], [ 100.4158, -0.6231 ], [ 100.3843, -0.5 ], [ 100.3543, -0.4804 ], [ 100.2902, -0.4549 ], [ 100.2636, -0.479 ], [ 100.215, -0.416 ], [ 100.1013, -0.3353 ], [ 100.0671, -0.3254 ] ] ] ] } },
{ "type": "Feature", "properties": { "balita": 30253.0, "u5mr": 27.19, "kabkota": "Pasaman", "jenis": "Kabupaten", "provinsi": "SUMATERA BARAT", "pulau": "Sumatera", "provinsi_geojson": "Sumatera Barat", "jenis_geo": "Kabupaten", "label": "Kab. Pasaman", "kode_bps": "1309", "geo_key": "pasaman", "name_geojson": "Kabupaten Pasaman", "peringkat_nasional": 95, "peringkat_provinsi": 2, "kelas_jenks": 3, "kelas_kuantil": 5 }, "geometry": { "type": "MultiPolygon", "coordinates": [ [ [ [ 99.913, 0.885 ], [ 99.8726, 0.9066 ], [ 99.8386, 0.892 ], [ 99.8309, 0.8805 ], [ 99.8411, 0.8525 ], [ 99.8385, 0.8212 ], [ 99.8501, 0.7911 ], [ 99.8506, 0.6836 ], [ 99.9113, 0.6798 ], [ 99.9204, 0.6051 ], [ 99.9645, 0.5459 ], [ 99.9073, 0.4715 ], [ 99.8493, 0.47 ], [ 99.8269, 0.4594 ], [ 99.7947, 0.4123 ], [ 99.7493, 0.4014 ], [ 99.7768, 0.3586 ], [ 99.7639, 0.3119 ], [ 99.8579, 0.3198 ], [ 99.9804, 0.2874 ], [ 100.0606, 0.2442 ], [ 100.0636, 0.1497 ], [ 99.9806, 0.0708 ], [ 100.0281, 0.0054 ], [ 100.0298, -0.0608 ], [ 100.0322, -0.0928 ], [ 100.1605, -0.1077 ], [ 100.2131, -0.07 ], [ 100.2665, -0.02 ], [ 100.3488, 0.0341 ], [ 100.3158, 0.0838 ], [ 100.3527, 0.1708 ], [ 100.3084, 0.302 ], [ 100.3333, 0.3522 ], [ 100.2357, 0.4747 ], [ 100.24, 0.5357 ], [ 100.1978, 0.6281 ], [ 100.2844, 0.6823 ], [ 100.2117, 0.7361 ], [ 100.1213, 0.7813 ], [ 99.913, 0.885 ] ] ] ] } },
{ "type": "Feature", "properties": { "balita": 43489.0, "u5mr": 24.29, "kabkota": "Pasaman Barat", "jenis": "Kabupaten", "provinsi": "SUMATERA BARAT", "pulau": "Sumatera", "provinsi_geojson": "Sumatera Barat", "jenis_geo": "Kabupaten", "label": "Kab. Pasaman Barat", "kode_bps": "1312", "geo_key": "pasaman barat", "name_geojson": "Kabupaten Pasaman Barat", "peringkat_nasional": 135, "peringkat_provinsi": 6, "kelas_jenks": 3, "kelas_kuantil": 4 }, "geometry": { "type": "MultiPolygon", "coordinates": [ [ [ [ 99.5125, 0.5379 ], [ 99.4385, 0.4776 ], [ 99.366, 0.4315 ], [ 99.3167, 0.3339 ], [ 99.2628, 0.3446 ], [ 99.1961, 0.272 ], [ 99.221, 0.2102 ], [ 99.353, 0.2323 ], [ 99.3983, 0.1511 ], [ 99.4713, 0.1345 ], [ 99.618, 0.0658 ], [ 99.7347, -0.0244 ], [ 99.7706, -0.1758 ], [ 99.9873, -0.1589 ], [ 100.0298, -0.0608 ], [ 100.0281, 0.0054 ], [ 99.9806, 0.0708 ], [ 100.0636, 0.1497 ], [ 100.0606, 0.2442 ], [ 99.9804, 0.2874 ], [ 99.8579, 0.3198 ], [ 99.7639, 0.3119 ], [ 99.7768, 0.3586 ], [ 99.7493, 0.4014 ], [ 99.7947, 0.4123 ], [ 99.8269, 0.4594 ], [ 99.7787, 0.4819 ], [ 99.7419, 0.4783 ], [ 99.7178, 0.4514 ], [ 99.6654, 0.5162 ], [ 99.5745, 0.509 ], [ 99.5125, 0.5379 ] ] ] ] } },
{ "type": "Feature", "properties": { "balita": 48468.0, "u5mr": 18.79, "kabkota": "Pesisir Selatan", "jenis": "Kabupaten", "provinsi": "SUMATERA BARAT", "pulau": "Sumatera", "provinsi_geojson": "Sumatera Barat", "jenis_geo": "Kabupaten", "label": "Kab. Pesisir Selatan", "kode_bps": "1302", "geo_key": "pesisir selatan", "name_geojson": "Kabupaten Pesisir Selatan", "peringkat_nasional": 233, "peringkat_provinsi": 10, "kelas_jenks": 2, "kelas_kuantil": 3 }, "geometry": { "type": "MultiPolygon", "coordinates": [ [ [ [ 100.5945, -1.0684 ], [ 100.5826, -1.0711 ], [ 100.5581, -1.0411 ], [ 100.5511, -0.9815 ], [ 100.5354, -0.9589 ], [ 100.5255, -0.9705 ], [ 100.5247, -1.0008 ], [ 100.4774, -1.0045 ], [ 100.3968, -1.1338 ], [ 100.3801, -1.1782 ], [ 100.4901, -1.2988 ], [ 100.5442, -1.3109 ], [ 100.5799, -1.3822 ], [ 100.561, -1.4414 ], [ 100.688, -1.6635 ], [ 100.8654, -1.9316 ], [ 100.8798, -2.0505 ], [ 100.8231, -2.1738 ], [ 100.875, -2.2452 ], [ 100.8902, -2.3258 ], [ 101.0224, -2.4784 ], [ 101.2607, -2.3197 ], [ 101.2696, -2.2965 ], [ 101.2929, -2.2887 ], [ 101.281, -2.2627 ], [ 101.2611, -2.1019 ], [ 101.2411, -2.0976 ], [ 101.2437, -2.0728 ], [ 101.1383, -1.8989 ], [ 101.1317, -1.6847 ], [ 101.0654, -1.6579 ], [ 101.0203, -1.5654 ], [ 100.9415, -1.4711 ], [ 100.9168, -1.4014 ], [ 100.9065, -1.3706 ], [ 100.8881, -1.3378 ], [ 100.8372, -1.305 ], [ 100.7961, -1.2215 ], [ 100.753, -1.1611 ], [ 100.7521, -1.1252 ], [ 100.7371, -1.1042 ], [ 100.7204, -1.0913 ], [ 100.7083, -1.0926 ], [ 100.644, -1.1209 ], [ 100.6222, -1.097 ], [ 100.5945, -1.0746 ], [ 100.5945, -1.0684 ] ] ] ] } },
{ "type": "Feature", "properties": { "balita": 22540.0, "u5mr": 24.36, "kabkota": "Sijunjung", "jenis": "Kabupaten", "provinsi": "SUMATERA BARAT", "pulau": "Sumatera", "provinsi_geojson": "Sumatera Barat", "jenis_geo": "Kabupaten", "label": "Kab. Sijunjung", "kode_bps": "1304", "geo_key": "sijunjung", "name_geojson": "Kabupaten Sijunjung", "peringkat_nasional": 133, "peringkat_provinsi": 5, "kelas_jenks": 3, "kelas_kuantil": 4 }, "geometry": { "type": "MultiPolygon", "coordinates": [ [ [ [ 100.9013, -0.3252 ], [ 100.8608, -0.3322 ], [ 100.8442, -0.3494 ], [ 100.837, -0.3918 ], [ 100.8164, -0.4872 ], [ 100.8324, -0.4967 ], [ 100.8216, -0.5157 ], [ 100.8095, -0.6231 ], [ 100.7891, -0.6707 ], [ 100.8096, -0.7728 ], [ 100.8506, -0.7841 ], [ 101.0459, -0.8859 ], [ 101.0497, -0.9684 ], [ 101.1266, -0.9781 ], [ 101.1585, -0.9558 ], [ 101.2326, -0.9325 ], [ 101.376, -0.9732 ], [ 101.4032, -0.9694 ], [ 101.3962, -0.9404 ], [ 101.4769, -0.8342 ], [ 101.5206, -0.848 ], [ 101.5478, -0.8211 ], [ 101.5301, -0.8098 ], [ 101.4544, -0.7692 ], [ 101.3948, -0.7436 ], [ 101.3054, -0.6278 ], [ 101.2549, -0.6252 ], [ 101.1813, -0.5426 ], [ 101.0886, -0.5092 ], [ 101.0662, -0.4886 ], [ 101.0415, -0.4242 ], [ 101.0285, -0.3987 ], [ 101.0414, -0.3853 ], [ 101.0374, -0.3507 ], [ 100.9941, -0.3162 ], [ 100.9498, -0.3131 ], [ 100.9013, -0.3252 ] ] ] ] } },
{ "type": "Feature", "properties": { "balita": 36095.0, "u5mr": 24.52, "kabkota": "Solok", "jenis": "Kabupaten", "provinsi": "SUMATERA BARAT", "pulau": "Sumatera", "provinsi_geojson": "Sumatera Barat", "jenis_geo": "Kabupaten", "label": "Kab. Solok", "kode_bps": "1303", "geo_key": "solok", "name_geojson": "Kabupaten Solok", "peringkat_nasional": 130, "peringkat_provinsi": 4, "kelas_jenks": 3, "kelas_kuantil": 4 }, "geometry": { "type": "MultiPolygon", "coordinates": [ [ [ [ 100.6646, -0.532 ], [ 100.6501, -0.5432 ], [ 100.597, -0.5576 ], [ 100.5917, -0.5987 ], [ 100.4844, -0.6591 ], [ 100.4297, -0.6774 ], [ 100.4422, -0.7125 ], [ 100.4766, -0.7334 ], [ 100.5094, -0.7547 ], [ 100.5246, -0.7899 ], [ 100.5415, -0.809 ], [ 100.6437, -0.7448 ], [ 100.6416, -0.805 ], [ 100.6361, -0.7952 ], [ 100.5977, -0.7972 ], [ 100.5613, -0.819 ], [ 100.5497, -0.8274 ], [ 100.5656, -0.9027 ], [ 100.5385, -0.9606 ], [ 100.5525, -0.9877 ], [ 100.5532, -1.0323 ], [ 100.5764, -1.0566 ], [ 100.5945, -1.0684 ], [ 100.5945, -1.0746 ], [ 100.6222, -1.097 ], [ 100.644, -1.1209 ], [ 100.704, -1.0937 ], [ 100.726, -1.0945 ], [ 100.7521, -1.1252 ], [ 100.753, -1.1611 ], [ 100.7961, -1.2215 ], [ 100.8372, -1.305 ], [ 100.973, -1.2985 ], [ 101.0046, -1.2588 ], [ 101.1715, -1.3038 ], [ 101.2451, -1.2134 ], [ 101.1769, -1.1352 ], [ 101.1671, -1.1095 ], [ 101.1717, -1.087 ], [ 101.1656, -1.0555 ], [ 101.1839, -1.0299 ], [ 101.1825, -1.0061 ], [ 101.1585, -0.9558 ], [ 101.1266, -0.9781 ], [ 101.0497, -0.9684 ], [ 101.0459, -0.8859 ], [ 100.8506, -0.7841 ], [ 100.7797, -0.7648 ], [ 100.7142, -0.7358 ], [ 100.7066, -0.6712 ], [ 100.7017, -0.6567 ], [ 100.7019, -0.6111 ], [ 100.6991, -0.5505 ], [ 100.6646, -0.532 ] ] ] ] } },
{ "type": "Feature", "properties": { "balita": 19308.0, "u5mr": 26.74, "kabkota": "Solok Selatan", "jenis": "Kabupaten", "provinsi": "SUMATERA BARAT", "pulau": "Sumatera", "provinsi_geojson": "Sumatera Barat", "jenis_geo": "Kabupaten", "label": "Kab. Solok Selatan", "kode_bps": "1310", "geo_key": "solok selatan", "name_geojson": "Kabupaten Solok Selatan", "peringkat_nasional": 107, "peringkat_provinsi": 3, "kelas_jenks": 3, "kelas_kuantil": 4 }, "geometry": { "type": "MultiPolygon", "coordinates": [ [ [ [ 101.4536, -1.011 ], [ 101.3443, -1.0436 ], [ 101.3507, -1.1315 ], [ 101.2995, -1.1436 ], [ 101.2633, -1.1667 ], [ 101.198, -1.107 ], [ 101.1666, -1.1028 ], [ 101.1769, -1.1352 ], [ 101.2451, -1.2134 ], [ 101.1715, -1.3038 ], [ 101.0046, -1.2588 ], [ 100.973, -1.2985 ], [ 100.8881, -1.3378 ], [ 100.9065, -1.3706 ], [ 100.9168, -1.4014 ], [ 100.9415, -1.4711 ], [ 101.0203, -1.5654 ], [ 101.0654, -1.6579 ], [ 101.1223, -1.6754 ], [ 101.1626, -1.709 ], [ 101.1742, -1.7061 ], [ 101.191, -1.676 ], [ 101.2667, -1.6958 ], [ 101.4111, -1.6727 ], [ 101.4266, -1.6775 ], [ 101.4314, -1.6416 ], [ 101.5097, -1.573 ], [ 101.5409, -1.5142 ], [ 101.5574, -1.4624 ], [ 101.6264, -1.4128 ], [ 101.6465, -1.3674 ], [ 101.5257, -1.3042 ], [ 101.4678, -1.2589 ], [ 101.4501, -1.211 ], [ 101.4205, -1.1948 ], [ 101.403, -1.1599 ], [ 101.4135, -1.1237 ], [ 101.4412, -1.0865 ], [ 101.4601, -1.0306 ], [ 101.4536, -1.011 ] ] ] ] } },
{ "type": "Feature", "properties": { "balita": 32373.0, "u5mr": 17.26, "kabkota": "Tanah Datar", "jenis": "Kabupaten", "provinsi": "SUMATERA BARAT", "pulau": "Sumatera", "provinsi_geojson": "Sumatera Barat", "jenis_geo": "Kabupaten", "label": "Kab. Tanah Datar", "kode_bps": "1305", "geo_key": "tanah datar", "name_geojson": "Kabupaten Tanah Datar", "peringkat_nasional": 285, "peringkat_provinsi": 11, "kelas_jenks": 2, "kelas_kuantil": 3 }, "geometry": { "type": "MultiPolygon", "coordinates": [ [ [ [ 100.5122, -0.2958 ], [ 100.4706, -0.391 ], [ 100.3988, -0.3844 ], [ 100.3341, -0.3946 ], [ 100.3543, -0.4804 ], [ 100.3843, -0.5 ], [ 100.4158, -0.6231 ], [ 100.4844, -0.6591 ], [ 100.5917, -0.5987 ], [ 100.597, -0.5576 ], [ 100.6501, -0.5432 ], [ 100.6646, -0.532 ], [ 100.6991, -0.5505 ], [ 100.7314, -0.5567 ], [ 100.7827, -0.5477 ], [ 100.8216, -0.5157 ], [ 100.8324, -0.4967 ], [ 100.8164, -0.4872 ], [ 100.837, -0.3918 ], [ 100.7784, -0.3467 ], [ 100.7804, -0.3666 ], [ 100.6777, -0.3242 ], [ 100.5842, -0.3393 ], [ 100.5122, -0.2958 ] ], [ [ 100.4102, -0.4598 ], [ 100.4063, -0.4907 ], [ 100.3742, -0.4885 ], [ 100.3961, -0.4601 ], [ 100.4102, -0.4598 ] ] ] ] } },
{ "type": "Feature", "properties": { "balita": 11146.0, "u5mr": 12.01, "kabkota": "Kota Bukittinggi", "jenis": "Kota", "provinsi": "SUMATERA BARAT", "pulau": "Sumatera", "provinsi_geojson": "Sumatera Barat", "jenis_geo": "Kota", "label": "Kota Bukittinggi", "kode_bps": "1375", "geo_key": "kota bukittinggi", "name_geojson": "Kota Bukittinggi", "peringkat_nasional": 479, "peringkat_provinsi": 19, "kelas_jenks": 1, "kelas_kuantil": 1 }, "geometry": { "type": "MultiPolygon", "coordinates": [ [ [ [ 100.4079, -0.3221 ], [ 100.395, -0.2853 ], [ 100.3326, -0.2796 ], [ 100.4079, -0.3221 ] ] ] ] } },
{ "type": "Feature", "properties": { "balita": 83089.0, "u5mr": 13.05, "kabkota": "Kota Padang", "jenis": "Kota", "provinsi": "SUMATERA BARAT", "pulau": "Sumatera", "provinsi_geojson": "Sumatera Barat", "jenis_geo": "Kota", "label": "Kota Padang", "kode_bps": "1371", "geo_key": "kota padang", "name_geojson": "Kota Padang", "peringkat_nasional": 445, "peringkat_provinsi": 18, "kelas_jenks": 1, "kelas_kuantil": 1 }, "geometry": { "type": "MultiPolygon", "coordinates": [ [ [ [ 100.5094, -0.7547 ], [ 100.4766, -0.7334 ], [ 100.4579, -0.7261 ], [ 100.3854, -0.7556 ], [ 100.3674, -0.8004 ], [ 100.2911, -0.8166 ], [ 100.3415, -0.8826 ], [ 100.3644, -1.0757 ], [ 100.3968, -1.1338 ], [ 100.4774, -1.0045 ], [ 100.5252, -1.0002 ], [ 100.5271, -0.9648 ], [ 100.5394, -0.9578 ], [ 100.5656, -0.9027 ], [ 100.5497, -0.8274 ], [ 100.5246, -0.7899 ], [ 100.5094, -0.7547 ] ] ] ] } },
{ "type": "Feature", "properties": { "balita": 5712.0, "u5mr": 15.55, "kabkota": "Kota Padang Panjang", "jenis": "Kota", "provinsi": "SUMATERA BARAT", "pulau": "Sumatera", "provinsi_geojson": "Sumatera Barat", "jenis_geo": "Kota", "label": "Kota Padang Panjang", "kode_bps": "1374", "geo_key": "kota padang panjang", "name_geojson": "Kota Padang Panjang", "peringkat_nasional": 351, "peringkat_provinsi": 15, "kelas_jenks": 1, "kelas_kuantil": 2 }, "geometry": { "type": "MultiPolygon", "coordinates": [ [ [ [ 100.3961, -0.4601 ], [ 100.3742, -0.4885 ], [ 100.4063, -0.4907 ], [ 100.4102, -0.4598 ], [ 100.3961, -0.4601 ] ] ] ] } },
{ "type": "Feature", "properties": { "balita": 8774.0, "u5mr": 16.83, "kabkota": "Kota Pariaman", "jenis": "Kota", "provinsi": "SUMATERA BARAT", "pulau": "Sumatera", "provinsi_geojson": "Sumatera Barat", "jenis_geo": "Kota", "label": "Kota Pariaman", "kode_bps": "1377", "geo_key": "kota pariaman", "name_geojson": "Kota Pariaman", "peringkat_nasional": 299, "peringkat_provinsi": 13, "kelas_jenks": 2, "kelas_kuantil": 3 }, "geometry": { "type": "MultiPolygon", "coordinates": [ [ [ [ 100.0934, -0.5655 ], [ 100.0923, -0.5722 ], [ 100.1644, -0.6501 ], [ 100.1312, -0.5692 ], [ 100.0934, -0.5655 ] ] ] ] } },
{ "type": "Feature", "properties": { "balita": 12723.0, "u5mr": 14.43, "kabkota": "Kota Payakumbuh", "jenis": "Kota", "provinsi": "SUMATERA BARAT", "pulau": "Sumatera", "provinsi_geojson": "Sumatera Barat", "jenis_geo": "Kota", "label": "Kota Payakumbuh", "kode_bps": "1376", "geo_key": "kota payakumbuh", "name_geojson": "Kota Payakumbuh", "peringkat_nasional": 405, "peringkat_provinsi": 17, "kelas_jenks": 1, "kelas_kuantil": 2 }, "geometry": { "type": "MultiPolygon", "coordinates": [ [ [ [ 100.6209, -0.2019 ], [ 100.5969, -0.2661 ], [ 100.6498, -0.277 ], [ 100.6856, -0.2077 ], [ 100.6209, -0.2019 ] ] ] ] } },
{ "type": "Feature", "properties": { "balita": 5876.0, "u5mr": 21.08, "kabkota": "Kota Sawah Lunto", "jenis": "Kota", "provinsi": "SUMATERA BARAT", "pulau": "Sumatera", "provinsi_geojson": "Sumatera Barat", "jenis_geo": "Kota", "label": "Kota Sawah Lunto", "kode_bps": "1373", "geo_key": "kota sawahlunto", "name_geojson": "Kota Sawahlunto", "peringkat_nasional": 181, "peringkat_provinsi": 7, "kelas_jenks": 2, "kelas_kuantil": 4 }, "geometry": { "type": "MultiPolygon", "coordinates": [ [ [ [ 100.7827, -0.5477 ], [ 100.7314, -0.5567 ], [ 100.7019, -0.6111 ], [ 100.7017, -0.6567 ], [ 100.7066, -0.6712 ], [ 100.7142, -0.7358 ], [ 100.7797, -0.7648 ], [ 100.8096, -0.7728 ], [ 100.7891, -0.6707 ], [ 100.8095, -0.6231 ], [ 100.7827, -0.5477 ] ] ] ] } },
{ "type": "Feature", "properties": { "balita": 7454.0, "u5mr": 15.18, "kabkota": "Kota Solok", "jenis": "Kota", "provinsi": "SUMATERA BARAT", "pulau": "Sumatera", "provinsi_geojson": "Sumatera Barat", "jenis_geo": "Kota", "label": "Kota Solok", "kode_bps": "1372", "geo_key": "kota solok", "name_geojson": "Kota Solok", "peringkat_nasional": 372, "peringkat_provinsi": 16, "kelas_jenks": 1, "kelas_kuantil": 2 }, "geometry": { "type": "MultiPolygon", "coordinates": [ [ [ [ 100.6416, -0.805 ], [ 100.6437, -0.7448 ], [ 100.5415, -0.809 ], [ 100.5613, -0.819 ], [ 100.5977, -0.7972 ], [ 100.6361, -0.7952 ], [ 100.6416, -0.805 ] ] ] ] } },
{ "type": "Feature", "properties": { "balita": 73893.0, "u5mr": 16.37, "kabkota": "Banyu Asin", "jenis": "Kabupaten", "provinsi": "SUMATERA SELATAN", "pulau": "Sumatera", "provinsi_geojson": "Sumatera Selatan", "jenis_geo": "Kabupaten", "label": "Kab. Banyu Asin", "kode_bps": "1607", "geo_key": "banyuasin", "name_geojson": "Kabupaten Banyuasin", "peringkat_nasional": 319, "peringkat_provinsi": 13, "kelas_jenks": 1, "kelas_kuantil": 2 }, "geometry": { "type": "MultiPolygon", "coordinates": [ [ [ [ 104.5399, -1.8612 ], [ 104.5061, -1.9653 ], [ 104.5648, -1.9975 ], [ 104.6432, -1.9224 ], [ 104.5399, -1.8612 ] ] ], [ [ [ 104.4618, -1.6509 ], [ 104.3743, -1.6372 ], [ 104.3491, -1.6521 ], [ 104.1446, -1.7155 ], [ 104.2007, -1.8664 ], [ 104.2916, -1.9829 ], [ 104.3382, -2.011 ], [ 104.3714, -2.1177 ], [ 104.429, -2.1909 ], [ 104.5644, -2.2471 ], [ 104.6336, -2.241 ], [ 104.6841, -2.3352 ], [ 104.6054, -2.3769 ], [ 104.5146, -2.3745 ], [ 104.474, -2.4142 ], [ 104.3426, -2.4066 ], [ 104.2794, -2.4398 ], [ 104.1424, -2.3884 ], [ 104.0936, -2.3118 ], [ 104.0389, -2.3302 ], [ 104.0547, -2.3621 ], [ 104.0616, -2.4518 ], [ 104.0833, -2.4449 ], [ 104.0761, -2.4368 ], [ 104.1307, -2.4809 ], [ 104.1402, -2.551 ], [ 104.2092, -2.6287 ], [ 104.2256, -2.689 ], [ 104.1852, -2.8131 ], [ 104.1707, -2.8723 ], [ 104.1752, -2.9185 ], [ 104.1643, -2.9956 ], [ 104.1659, -3.0503 ], [ 104.1931, -3.0518 ], [ 104.233, -3.0201 ], [ 104.2696, -3.0219 ], [ 104.3183, -3.0549 ], [ 104.4821, -3.0727 ], [ 104.5831, -3.0482 ], [ 104.5957, -3.0531 ], [ 104.6377, -3.0129 ], [ 104.6388, -2.9987 ], [ 104.6119, -2.9593 ], [ 104.6434, -2.9343 ], [ 104.6795, -2.964 ], [ 104.6681, -2.8868 ], [ 104.7101, -2.8759 ], [ 104.7273, -2.8969 ], [ 104.8513, -2.9078 ], [ 104.8346, -2.9867 ], [ 104.7918, -3.0266 ], [ 104.7902, -3.0535 ], [ 104.8061, -3.0554 ], [ 104.8301, -3.074 ], [ 104.8303, -3.0908 ], [ 104.88, -3.0989 ], [ 104.8837, -3.1422 ], [ 104.9614, -3.1684 ], [ 105.0503, -3.1485 ], [ 105.0843, -3.1049 ], [ 105.0833, -3.0001 ], [ 105.1564, -2.9921 ], [ 105.1891, -3.1068 ], [ 105.3008, -2.9348 ], [ 105.2571, -2.8558 ], [ 105.2552, -2.7562 ], [ 105.1955, -2.6572 ], [ 105.1796, -2.6346 ], [ 105.2098, -2.6067 ], [ 105.2855, -2.509 ], [ 105.3512, -2.4455 ], [ 105.4724, -2.4643 ], [ 105.5255, -2.4231 ], [ 105.4811, -2.3863 ], [ 105.2971, -2.3735 ], [ 105.2098, -2.326 ], [ 105.1089, -2.3829 ], [ 105.0068, -2.3331 ], [ 104.8391, -2.3377 ], [ 104.7887, -2.2803 ], [ 104.9025, -2.1909 ], [ 104.9006, -2.1116 ], [ 104.8276, -2.0038 ], [ 104.6113, -2.0058 ], [ 104.562, -1.9993 ], [ 104.5048, -1.9692 ], [ 104.4722, -1.913 ], [ 104.4836, -1.7869 ], [ 104.5256, -1.7118 ], [ 104.4927, -1.6812 ], [ 104.475, -1.6534 ], [ 104.4618, -1.6509 ] ] ] ] } },
{ "type": "Feature", "properties": { "balita": 31248.0, "u5mr": 29.19, "kabkota": "Empat Lawang", "jenis": "Kabupaten", "provinsi": "SUMATERA SELATAN", "pulau": "Sumatera", "provinsi_geojson": "Sumatera Selatan", "jenis_geo": "Kabupaten", "label": "Kab. Empat Lawang", "kode_bps": "1611", "geo_key": "empat lawang", "name_geojson": "Kabupaten Empat Lawang", "peringkat_nasional": 81, "peringkat_provinsi": 1, "kelas_jenks": 3, "kelas_kuantil": 5 }, "geometry": { "type": "MultiPolygon", "coordinates": [ [ [ [ 102.9985, -3.4129 ], [ 103.0044, -3.4354 ], [ 102.9969, -3.4453 ], [ 103.0056, -3.4673 ], [ 102.9947, -3.5248 ], [ 102.9071, -3.6165 ], [ 102.8859, -3.5788 ], [ 102.8476, -3.5369 ], [ 102.8102, -3.5299 ], [ 102.8108, -3.5539 ], [ 102.7946, -3.5829 ], [ 102.8078, -3.6128 ], [ 102.7706, -3.7082 ], [ 102.7344, -3.7463 ], [ 102.7028, -3.7569 ], [ 102.6927, -3.7584 ], [ 102.6412, -3.7936 ], [ 102.6203, -3.8022 ], [ 102.6697, -3.826 ], [ 102.7701, -3.9102 ], [ 102.7929, -3.9601 ], [ 102.9119, -3.9696 ], [ 102.9629, -4.0201 ], [ 103.0348, -4.0204 ], [ 103.1069, -3.9743 ], [ 103.1381, -3.8163 ], [ 103.0882, -3.7652 ], [ 103.1024, -3.6539 ], [ 103.1801, -3.5318 ], [ 103.1678, -3.5089 ], [ 103.2022, -3.5013 ], [ 103.1758, -3.4524 ], [ 103.1019, -3.475 ], [ 103.0425, -3.4167 ], [ 103.0323, -3.4206 ], [ 102.9985, -3.4129 ] ] ] ] } },
{ "type": "Feature", "properties": { "balita": 36301.0, "u5mr": 19.86, "kabkota": "Lahat", "jenis": "Kabupaten", "provinsi": "SUMATERA SELATAN", "pulau": "Sumatera", "provinsi_geojson": "Sumatera Selatan", "jenis_geo": "Kabupaten", "label": "Kab. Lahat", "kode_bps": "1604", "geo_key": "lahat", "name_geojson": "Kabupaten Lahat", "peringkat_nasional": 207, "peringkat_provinsi": 5, "kelas_jenks": 2, "kelas_kuantil": 3 }, "geometry": { "type": "MultiPolygon", "coordinates": [ [ [ [ 103.4115, -3.5027 ], [ 103.3647, -3.5322 ], [ 103.2764, -3.5004 ], [ 103.2536, -3.499 ], [ 103.1678, -3.5089 ], [ 103.1801, -3.5318 ], [ 103.1024, -3.6539 ], [ 103.0882, -3.7652 ], [ 103.1381, -3.8163 ], [ 103.1069, -3.9743 ], [ 103.0348, -4.0204 ], [ 102.9584, -4.0547 ], [ 102.9308, -4.0482 ], [ 102.922, -4.0763 ], [ 102.9196, -4.0966 ], [ 103.0027, -4.1605 ], [ 103.0347, -4.1725 ], [ 103.0848, -4.2679 ], [ 103.1378, -4.2576 ], [ 103.1777, -4.2407 ], [ 103.1823, -4.1784 ], [ 103.1652, -4.1175 ], [ 103.1199, -4.0157 ], [ 103.2249, -3.9892 ], [ 103.3438, -4.051 ], [ 103.3531, -4.0025 ], [ 103.3952, -4.0637 ], [ 103.3596, -4.0979 ], [ 103.376, -4.2106 ], [ 103.4053, -4.1731 ], [ 103.5262, -4.1375 ], [ 103.5846, -4.0919 ], [ 103.5968, -3.9958 ], [ 103.6952, -3.9073 ], [ 103.7555, -3.6046 ], [ 103.7631, -3.5859 ], [ 103.6277, -3.5093 ], [ 103.5383, -3.5478 ], [ 103.5128, -3.5752 ], [ 103.49, -3.5446 ], [ 103.4708, -3.5329 ], [ 103.4213, -3.5016 ], [ 103.4115, -3.5027 ] ] ] ] } },
{ "type": "Feature", "properties": { "balita": 52183.0, "u5mr": 16.38, "kabkota": "Muara Enim", "jenis": "Kabupaten", "provinsi": "SUMATERA SELATAN", "pulau": "Sumatera", "provinsi_geojson": "Sumatera Selatan", "jenis_geo": "Kabupaten", "label": "Kab. Muara Enim", "kode_bps": "1603", "geo_key": "muara enim", "name_geojson": "Kabupaten Muara Enim", "peringkat_nasional": 318, "peringkat_provinsi": 12, "kelas_jenks": 1, "kelas_kuantil": 2 }, "geometry": { "type": "MultiPolygon", "coordinates": [ [ [ [ 103.7606, -3.2801 ], [ 103.7161, -3.3335 ], [ 103.7074, -3.2942 ], [ 103.6267, -3.3594 ], [ 103.6109, -3.4261 ], [ 103.5937, -3.4573 ], [ 103.5604, -3.4793 ], [ 103.5492, -3.5274 ], [ 103.5383, -3.5478 ], [ 103.6277, -3.5093 ], [ 103.7631, -3.5859 ], [ 103.7555, -3.6046 ], [ 103.6952, -3.9073 ], [ 103.5968, -3.9958 ], [ 103.5846, -4.0919 ], [ 103.5262, -4.1375 ], [ 103.4053, -4.1731 ], [ 103.3707, -4.2299 ], [ 103.3161, -4.2672 ], [ 103.3227, -4.2836 ], [ 103.4422, -4.3301 ], [ 103.5043, -4.3609 ], [ 103.6018, -4.3631 ], [ 103.6152, -4.2627 ], [ 103.6441, -4.2177 ], [ 103.7052, -4.1839 ], [ 103.7018, -4.087 ], [ 103.7742, -4.0745 ], [ 103.8915, -3.9681 ], [ 103.9286, -3.9163 ], [ 104.1142, -3.9006 ], [ 104.212, -3.8522 ], [ 104.2798, -3.7675 ], [ 104.3076, -3.7746 ], [ 104.3608, -3.7712 ], [ 104.375, -3.692 ], [ 104.4514, -3.644 ], [ 104.4558, -3.5788 ], [ 104.4141, -3.5727 ], [ 104.3209, -3.6092 ], [ 104.3146, -3.5667 ], [ 104.2988, -3.5638 ], [ 104.2512, -3.5776 ], [ 104.1493, -3.5512 ], [ 104.1257, -3.4949 ], [ 104.1537, -3.4087 ], [ 104.1248, -3.3604 ], [ 104.1126, -3.3511 ], [ 104.0925, -3.356 ], [ 104.0246, -3.4058 ], [ 103.9487, -3.4125 ], [ 103.9074, -3.3597 ], [ 103.8705, -3.3285 ], [ 103.8569, -3.3329 ], [ 103.8013, -3.3095 ], [ 103.7606, -3.2801 ] ] ], [ [ [ 104.6638, -3.0414 ], [ 104.5957, -3.0531 ], [ 104.5831, -3.0482 ], [ 104.4821, -3.0727 ], [ 104.3183, -3.0549 ], [ 104.2696, -3.0219 ], [ 104.2354, -3.2063 ], [ 104.2136, -3.3122 ], [ 104.1786, -3.349 ], [ 104.3517, -3.3759 ], [ 104.295, -3.4745 ], [ 104.3177, -3.5387 ], [ 104.4244, -3.4917 ], [ 104.4373, -3.4281 ], [ 104.5385, -3.3449 ], [ 104.5217, -3.2081 ], [ 104.576, -3.1148 ], [ 104.577, -3.1016 ], [ 104.643, -3.0963 ], [ 104.6604, -3.0777 ], [ 104.6638, -3.0414 ] ] ] ] } },
{ "type": "Feature", "properties": { "balita": 55319.0, "u5mr": 17.08, "kabkota": "Musi Banyuasin", "jenis": "Kabupaten", "provinsi": "SUMATERA SELATAN", "pulau": "Sumatera", "provinsi_geojson": "Sumatera Selatan", "jenis_geo": "Kabupaten", "label": "Kab. Musi Banyuasin", "kode_bps": "1606", "geo_key": "musi banyuasin", "name_geojson": "Kabupaten Musi Banyuasin", "peringkat_nasional": 292, "peringkat_provinsi": 10, "kelas_jenks": 2, "kelas_kuantil": 3 }, "geometry": { "type": "MultiPolygon", "coordinates": [ [ [ [ 104.1446, -1.7155 ], [ 103.8733, -1.7886 ], [ 103.6303, -1.8412 ], [ 103.5214, -1.9067 ], [ 103.5, -1.9822 ], [ 103.5536, -2.0422 ], [ 103.507, -2.1737 ], [ 103.4602, -2.1777 ], [ 103.4521, -2.2219 ], [ 103.4384, -2.3424 ], [ 103.3011, -2.2218 ], [ 103.2776, -2.1479 ], [ 103.2305, -2.1358 ], [ 103.2258, -2.1654 ], [ 103.187, -2.1842 ], [ 103.1982, -2.2606 ], [ 103.154, -2.3356 ], [ 103.0671, -2.3399 ], [ 103.0293, -2.3416 ], [ 103.0827, -2.4326 ], [ 103.2758, -2.4468 ], [ 103.2854, -2.5116 ], [ 103.3614, -2.5732 ], [ 103.3413, -2.6947 ], [ 103.3087, -2.7315 ], [ 103.3379, -2.8231 ], [ 103.4338, -2.8542 ], [ 103.4111, -2.9247 ], [ 103.457, -2.9758 ], [ 103.5093, -3.1337 ], [ 103.5333, -3.2332 ], [ 103.5882, -3.2227 ], [ 103.6367, -3.2374 ], [ 103.6501, -3.2417 ], [ 103.6344, -3.2628 ], [ 103.655, -3.266 ], [ 103.7219, -3.2557 ], [ 103.7837, -3.2392 ], [ 103.7972, -3.1504 ], [ 103.8192, -3.103 ], [ 103.8897, -3.0758 ], [ 103.9504, -3.0042 ], [ 104.0196, -3.0302 ], [ 104.0647, -3.0044 ], [ 104.1321, -3.0266 ], [ 104.1416, -3.0465 ], [ 104.1659, -3.0503 ], [ 104.1643, -2.9956 ], [ 104.1752, -2.9185 ], [ 104.1707, -2.8723 ], [ 104.1852, -2.8131 ], [ 104.2256, -2.689 ], [ 104.2092, -2.6287 ], [ 104.1402, -2.551 ], [ 104.1307, -2.4809 ], [ 104.0761, -2.4368 ], [ 104.0833, -2.4449 ], [ 104.0616, -2.4518 ], [ 104.0547, -2.3621 ], [ 104.0389, -2.3302 ], [ 104.0936, -2.3118 ], [ 104.1424, -2.3884 ], [ 104.2794, -2.4398 ], [ 104.3426, -2.4066 ], [ 104.474, -2.4142 ], [ 104.5146, -2.3745 ], [ 104.6054, -2.3769 ], [ 104.6841, -2.3352 ], [ 104.6336, -2.241 ], [ 104.5644, -2.2471 ], [ 104.429, -2.1909 ], [ 104.3714, -2.1177 ], [ 104.3382, -2.011 ], [ 104.2942, -1.9861 ], [ 104.2007, -1.8664 ], [ 104.1446, -1.7155 ] ] ] ] } },
{ "type": "Feature", "properties": { "balita": 33566.0, "u5mr": 18.29, "kabkota": "Musi Rawas", "jenis": "Kabupaten", "provinsi": "SUMATERA SELATAN", "pulau": "Sumatera", "provinsi_geojson": "Sumatera Selatan", "jenis_geo": "Kabupaten", "label": "Kab. Musi Rawas", "kode_bps": "1605", "geo_key": "musi rawas", "name_geojson": "Kabupaten Musi Rawas", "peringkat_nasional": 244, "peringkat_provinsi": 8, "kelas_jenks": 2, "kelas_kuantil": 3 }, "geometry": { "type": "MultiPolygon", "coordinates": [ [ [ [ 103.3379, -2.8231 ], [ 103.2711, -2.7531 ], [ 103.2047, -2.7536 ], [ 103.1021, -2.7925 ], [ 103.1008, -2.8457 ], [ 103.0269, -2.8595 ], [ 102.901, -2.886 ], [ 102.8699, -2.973 ], [ 102.6727, -3.0314 ], [ 102.5846, -3.0714 ], [ 102.4865, -3.1099 ], [ 102.4867, -3.157 ], [ 102.4939, -3.1691 ], [ 102.4843, -3.2282 ], [ 102.4842, -3.2545 ], [ 102.5677, -3.2766 ], [ 102.6381, -3.3378 ], [ 102.7396, -3.3051 ], [ 102.753, -3.2833 ], [ 102.7702, -3.254 ], [ 102.8073, -3.2337 ], [ 102.8376, -3.1511 ], [ 102.8614, -3.1307 ], [ 102.8927, -3.151 ], [ 102.9274, -3.2615 ], [ 102.9765, -3.2925 ], [ 102.9581, -3.3089 ], [ 102.959, -3.3299 ], [ 102.967, -3.3623 ], [ 102.9883, -3.3677 ], [ 102.9985, -3.4129 ], [ 103.0425, -3.4167 ], [ 103.1019, -3.475 ], [ 103.1758, -3.4524 ], [ 103.2022, -3.5013 ], [ 103.2536, -3.499 ], [ 103.2764, -3.5004 ], [ 103.3647, -3.5322 ], [ 103.4115, -3.5027 ], [ 103.4213, -3.5016 ], [ 103.4708, -3.5329 ], [ 103.49, -3.5446 ], [ 103.5128, -3.5752 ], [ 103.5492, -3.5274 ], [ 103.5604, -3.4793 ], [ 103.5937, -3.4573 ], [ 103.6256, -3.3758 ], [ 103.6051, -3.2875 ], [ 103.6501, -3.2417 ], [ 103.6367, -3.2374 ], [ 103.5882, -3.2227 ], [ 103.5333, -3.2332 ], [ 103.5093, -3.1337 ], [ 103.457, -2.9758 ], [ 103.4111, -2.9247 ], [ 103.4338, -2.8542 ], [ 103.3379, -2.8231 ] ] ] ] } },
{ "type": "Feature", "properties": { "balita": 17467.0, "u5mr": 21.71, "kabkota": "Musi Rawas Utara", "jenis": "Kabupaten", "provinsi": "SUMATERA SELATAN", "pulau": "Sumatera", "provinsi_geojson": "Sumatera Selatan", "jenis_geo": "Kabupaten", "label": "Kab. Musi Rawas Utara", "kode_bps": "1613", "geo_key": "musi rawas utara", "name_geojson": "Kabupaten Musi Rawas Utara", "peringkat_nasional": 166, "peringkat_provinsi": 2, "kelas_jenks": 2, "kelas_kuantil": 4 }, "geometry": { "type": "MultiPolygon", "coordinates": [ [ [ [ 102.8675, -2.3145 ], [ 102.8435, -2.374 ], [ 102.8671, -2.3977 ], [ 102.7867, -2.5467 ], [ 102.6141, -2.6222 ], [ 102.5806, -2.6783 ], [ 102.4691, -2.7043 ], [ 102.2713, -2.6245 ], [ 102.2361, -2.6912 ], [ 102.1684, -2.7072 ], [ 102.097, -2.7667 ], [ 102.0639, -2.7685 ], [ 102.0734, -2.7949 ], [ 102.1313, -2.8748 ], [ 102.222, -2.9277 ], [ 102.2429, -3.0195 ], [ 102.3176, -3.0699 ], [ 102.4083, -3.0547 ], [ 102.4423, -3.0586 ], [ 102.4865, -3.1099 ], [ 102.5846, -3.0714 ], [ 102.6727, -3.0314 ], [ 102.8699, -2.973 ], [ 102.901, -2.886 ], [ 103.0269, -2.8595 ], [ 103.1004, -2.8459 ], [ 103.1021, -2.7925 ], [ 103.2047, -2.7536 ], [ 103.3087, -2.7315 ], [ 103.3413, -2.6947 ], [ 103.3614, -2.5732 ], [ 103.2854, -2.5116 ], [ 103.2758, -2.4468 ], [ 103.0827, -2.4326 ], [ 103.0293, -2.3416 ], [ 102.9723, -2.3302 ], [ 102.9407, -2.3362 ], [ 102.8928, -2.3173 ], [ 102.8675, -2.3145 ] ] ] ] } },
{ "type": "Feature", "properties": { "balita": 35294.0, "u5mr": 21.33, "kabkota": "Ogan Ilir", "jenis": "Kabupaten", "provinsi": "SUMATERA SELATAN", "pulau": "Sumatera", "provinsi_geojson": "Sumatera Selatan", "jenis_geo": "Kabupaten", "label": "Kab. Ogan Ilir", "kode_bps": "1610", "geo_key": "ogan ilir", "name_geojson": "Kabupaten Ogan Ilir", "peringkat_nasional": 175, "peringkat_provinsi": 3, "kelas_jenks": 2, "kelas_kuantil": 4 }, "geometry": { "type": "MultiPolygon", "coordinates": [ [ [ [ 104.7505, -3.0392 ], [ 104.7105, -3.0578 ], [ 104.6604, -3.0777 ], [ 104.643, -3.0963 ], [ 104.577, -3.1016 ], [ 104.576, -3.1148 ], [ 104.5217, -3.2081 ], [ 104.5385, -3.3449 ], [ 104.4373, -3.4281 ], [ 104.4244, -3.4917 ], [ 104.3177, -3.5387 ], [ 104.3209, -3.6092 ], [ 104.4141, -3.5727 ], [ 104.4558, -3.5788 ], [ 104.4514, -3.644 ], [ 104.3752, -3.6917 ], [ 104.3669, -3.7572 ], [ 104.3973, -3.7663 ], [ 104.4633, -3.7479 ], [ 104.5182, -3.7942 ], [ 104.5397, -3.7993 ], [ 104.5445, -3.7929 ], [ 104.5564, -3.8031 ], [ 104.6353, -3.6534 ], [ 104.66, -3.6504 ], [ 104.6393, -3.6288 ], [ 104.6314, -3.6037 ], [ 104.6513, -3.5759 ], [ 104.7009, -3.4666 ], [ 104.7488, -3.4874 ], [ 104.8161, -3.4506 ], [ 104.8264, -3.3187 ], [ 104.8089, -3.2729 ], [ 104.8141, -3.1328 ], [ 104.7999, -3.1206 ], [ 104.7919, -3.1136 ], [ 104.8061, -3.0554 ], [ 104.7788, -3.0522 ], [ 104.7739, -3.035 ], [ 104.7505, -3.0392 ] ] ] ] } },
{ "type": "Feature", "properties": { "balita": 68422.0, "u5mr": 16.93, "kabkota": "Ogan Komering Ilir", "jenis": "Kabupaten", "provinsi": "SUMATERA SELATAN", "pulau": "Sumatera", "provinsi_geojson": "Sumatera Selatan", "jenis_geo": "Kabupaten", "label": "Kab. Ogan Komering Ilir", "kode_bps": "1602", "geo_key": "ogan komering ilir", "name_geojson": "Kabupaten Ogan Komering Ilir", "peringkat_nasional": 294, "peringkat_provinsi": 11, "kelas_jenks": 2, "kelas_kuantil": 3 }, "geometry": { "type": "MultiPolygon", "coordinates": [ [ [ [ 105.8112, -4.1261 ], [ 105.847, -4.0926 ], [ 105.8861, -3.974 ], [ 105.961, -3.8279 ], [ 105.9262, -3.7754 ], [ 105.8308, -3.7107 ], [ 105.8262, -3.5939 ], [ 105.8855, -3.4288 ], [ 105.9298, -3.3604 ], [ 106.0841, -3.2618 ], [ 106.0954, -3.2199 ], [ 106.0479, -3.1227 ], [ 106.0417, -2.9869 ], [ 105.8861, -2.9659 ], [ 105.811, -2.9154 ], [ 105.7823, -2.8567 ], [ 105.7796, -2.6829 ], [ 105.6924, -2.6836 ], [ 105.6103, -2.5972 ], [ 105.6079, -2.5066 ], [ 105.6337, -2.4375 ], [ 105.5255, -2.4231 ], [ 105.4724, -2.4643 ], [ 105.3512, -2.4455 ], [ 105.2855, -2.509 ], [ 105.2291, -2.5417 ], [ 105.2098, -2.6067 ], [ 105.1796, -2.6346 ], [ 105.1955, -2.6572 ], [ 105.2552, -2.7562 ], [ 105.2571, -2.8558 ], [ 105.3008, -2.9348 ], [ 105.1891, -3.1068 ], [ 105.1564, -2.9921 ], [ 105.0833, -3.0001 ], [ 105.0843, -3.1049 ], [ 105.0503, -3.1485 ], [ 104.9614, -3.1684 ], [ 104.8837, -3.1422 ], [ 104.88, -3.0989 ], [ 104.8303, -3.0908 ], [ 104.8301, -3.074 ], [ 104.7919, -3.1136 ], [ 104.7999, -3.1206 ], [ 104.8141, -3.1328 ], [ 104.8089, -3.2729 ], [ 104.8264, -3.3187 ], [ 104.8161, -3.4506 ], [ 104.7488, -3.4874 ], [ 104.7009, -3.4666 ], [ 104.6513, -3.5759 ], [ 104.6355, -3.5906 ], [ 104.632, -3.6151 ], [ 104.66, -3.6504 ], [ 104.6648, -3.6395 ], [ 104.6518, -3.6356 ], [ 104.6474, -3.6219 ], [ 104.6588, -3.6158 ], [ 104.6809, -3.6378 ], [ 104.6981, -3.6601 ], [ 104.7535, -3.6859 ], [ 104.7994, -3.757 ], [ 104.8716, -3.8385 ], [ 104.8606, -3.8739 ], [ 104.8675, -3.9576 ], [ 104.8726, -4.021 ], [ 104.7905, -4.127 ], [ 104.76, -4.2128 ], [ 104.7969, -4.2505 ], [ 104.8912, -4.2174 ], [ 104.9061, -4.201 ], [ 104.9462, -4.1921 ], [ 104.9532, -4.1782 ], [ 105.0139, -4.1747 ], [ 105.0614, -4.0972 ], [ 105.0947, -4.0459 ], [ 105.121, -4.0345 ], [ 105.1359, -3.9487 ], [ 105.151, -3.9312 ], [ 105.245, -3.9062 ], [ 105.293, -3.8427 ], [ 105.2821, -3.8285 ], [ 105.3043, -3.792 ], [ 105.3191, -3.7316 ], [ 105.333, -3.7237 ], [ 105.3492, -3.7472 ], [ 105.3666, -3.7981 ], [ 105.4329, -3.7835 ], [ 105.48, -3.8217 ], [ 105.4927, -3.841 ], [ 105.5122, -3.873 ], [ 105.5831, -3.9371 ], [ 105.611, -3.9649 ], [ 105.6044, -4.0526 ], [ 105.6391, -4.0487 ], [ 105.6625, -4.055 ], [ 105.7267, -4.1304 ], [ 105.7686, -4.133 ], [ 105.8112, -4.1261 ] ] ] ] } },
{ "type": "Feature", "properties": { "balita": 31816.0, "u5mr": 18.61, "kabkota": "Ogan Komering Ulu", "jenis": "Kabupaten", "provinsi": "SUMATERA SELATAN", "pulau": "Sumatera", "provinsi_geojson": "Sumatera Selatan", "jenis_geo": "Kabupaten", "label": "Kab. Ogan Komering Ulu", "kode_bps": "1601", "geo_key": "ogan komering ulu", "name_geojson": "Kabupaten Ogan Komering Ulu", "peringkat_nasional": 236, "peringkat_provinsi": 7, "kelas_jenks": 2, "kelas_kuantil": 3 }, "geometry": { "type": "MultiPolygon", "coordinates": [ [ [ [ 104.4633, -3.7479 ], [ 104.3973, -3.7663 ], [ 104.3608, -3.7712 ], [ 104.3076, -3.7746 ], [ 104.2798, -3.7675 ], [ 104.212, -3.8522 ], [ 104.1142, -3.9006 ], [ 103.9286, -3.9163 ], [ 103.8915, -3.9681 ], [ 103.7742, -4.0745 ], [ 103.7018, -4.087 ], [ 103.7052, -4.1839 ], [ 103.6441, -4.2177 ], [ 103.6152, -4.2627 ], [ 103.6263, -4.2733 ], [ 103.7633, -4.2482 ], [ 103.7957, -4.2368 ], [ 103.8364, -4.237 ], [ 103.9167, -4.3437 ], [ 103.9561, -4.3804 ], [ 103.9699, -4.453 ], [ 104.0059, -4.463 ], [ 104.1513, -4.4058 ], [ 104.1958, -4.3947 ], [ 104.2403, -4.3322 ], [ 104.2607, -4.2461 ], [ 104.3345, -4.1787 ], [ 104.3085, -4.0747 ], [ 104.4031, -3.9834 ], [ 104.414, -3.9841 ], [ 104.4042, -3.9744 ], [ 104.4183, -3.9837 ], [ 104.4233, -3.9764 ], [ 104.423, -3.9891 ], [ 104.5416, -3.8725 ], [ 104.5445, -3.7929 ], [ 104.5397, -3.7993 ], [ 104.5182, -3.7942 ], [ 104.4633, -3.7479 ] ] ] ] } },
{ "type": "Feature", "properties": { "balita": 37350.0, "u5mr": 19.8, "kabkota": "Ogan Komering Ulu Selatan", "jenis": "Kabupaten", "provinsi": "SUMATERA SELATAN", "pulau": "Sumatera", "provinsi_geojson": "Sumatera Selatan", "jenis_geo": "Kabupaten", "label": "Kab. Ogan Komering Ulu Selatan", "kode_bps": "1608", "geo_key": "ogan komering ulu selatan", "name_geojson": "Kabupaten Ogan Komering Ulu Selatan", "peringkat_nasional": 208, "peringkat_provinsi": 6, "kelas_jenks": 2, "kelas_kuantil": 3 }, "geometry": { "type": "MultiPolygon", "coordinates": [ [ [ [ 103.7633, -4.2482 ], [ 103.6263, -4.2733 ], [ 103.6018, -4.3631 ], [ 103.5043, -4.3609 ], [ 103.4359, -4.3865 ], [ 103.413, -4.4665 ], [ 103.4209, -4.506 ], [ 103.4874, -4.5779 ], [ 103.5931, -4.5229 ], [ 103.6301, -4.5575 ], [ 103.7024, -4.6644 ], [ 103.7047, -4.7041 ], [ 103.7013, -4.723 ], [ 103.7633, -4.7423 ], [ 103.8263, -4.8015 ], [ 103.8652, -4.8825 ], [ 103.9356, -4.8846 ], [ 104.0488, -4.9017 ], [ 104.0712, -4.908 ], [ 104.1444, -4.9238 ], [ 104.2341, -4.8808 ], [ 104.2699, -4.8767 ], [ 104.3352, -4.8718 ], [ 104.369, -4.8217 ], [ 104.3042, -4.7652 ], [ 104.3059, -4.7306 ], [ 104.3079, -4.705 ], [ 104.2872, -4.6837 ], [ 104.2807, -4.6249 ], [ 104.2774, -4.5792 ], [ 104.2124, -4.4428 ], [ 104.1513, -4.4058 ], [ 104.0059, -4.463 ], [ 103.9699, -4.453 ], [ 103.9561, -4.3804 ], [ 103.9167, -4.3437 ], [ 103.8364, -4.237 ], [ 103.7957, -4.2368 ], [ 103.7633, -4.2482 ] ] ] ] } },
{ "type": "Feature", "properties": { "balita": 52878.0, "u5mr": 16.14, "kabkota": "Ogan Komering Ulu Timur", "jenis": "Kabupaten", "provinsi": "SUMATERA SELATAN", "pulau": "Sumatera", "provinsi_geojson": "Sumatera Selatan", "jenis_geo": "Kabupaten", "label": "Kab. Ogan Komering Ulu Timur", "kode_bps": "1609", "geo_key": "ogan komering ulu timur", "name_geojson": "Kabupaten Ogan Komering Ulu Timur", "peringkat_nasional": 330, "peringkat_provinsi": 14, "kelas_jenks": 1, "kelas_kuantil": 2 }, "geometry": { "type": "MultiPolygon", "coordinates": [ [ [ [ 104.6588, -3.6158 ], [ 104.6474, -3.6219 ], [ 104.6646, -3.6462 ], [ 104.6353, -3.6534 ], [ 104.5564, -3.8031 ], [ 104.5416, -3.8725 ], [ 104.423, -3.9891 ], [ 104.4233, -3.9764 ], [ 104.4183, -3.9837 ], [ 104.4042, -3.9744 ], [ 104.414, -3.9841 ], [ 104.4031, -3.9834 ], [ 104.3085, -4.0747 ], [ 104.3345, -4.1787 ], [ 104.2607, -4.2461 ], [ 104.2403, -4.3322 ], [ 104.1958, -4.3947 ], [ 104.1513, -4.4058 ], [ 104.2124, -4.4428 ], [ 104.2774, -4.5792 ], [ 104.2807, -4.6249 ], [ 104.3243, -4.6274 ], [ 104.3106, -4.5127 ], [ 104.3489, -4.398 ], [ 104.4497, -4.2985 ], [ 104.5849, -4.2432 ], [ 104.6787, -4.2574 ], [ 104.7064, -4.2593 ], [ 104.76, -4.2128 ], [ 104.7905, -4.127 ], [ 104.8726, -4.021 ], [ 104.8675, -3.9576 ], [ 104.8606, -3.8739 ], [ 104.8716, -3.8385 ], [ 104.7994, -3.757 ], [ 104.7535, -3.6859 ], [ 104.6981, -3.6601 ], [ 104.6809, -3.6378 ], [ 104.6588, -3.6158 ] ] ] ] } },
{ "type": "Feature", "properties": { "balita": 18161.0, "u5mr": 17.86, "kabkota": "Penukal Abab Lematang Ilir", "jenis": "Kabupaten", "provinsi": "SUMATERA SELATAN", "pulau": "Sumatera", "provinsi_geojson": "Sumatera Selatan", "jenis_geo": "Kabupaten", "label": "Kab. Penukal Abab Lematang Ilir", "kode_bps": "1612", "geo_key": "penukal abab lematang ilir", "name_geojson": "Kabupaten Penukal Abab Lematang Ilir", "peringkat_nasional": 257, "peringkat_provinsi": 9, "kelas_jenks": 2, "kelas_kuantil": 3 }, "geometry": { "type": "MultiPolygon", "coordinates": [ [ [ [ 104.1321, -3.0266 ], [ 104.0234, -3.0301 ], [ 103.9504, -3.0042 ], [ 103.8897, -3.0758 ], [ 103.8192, -3.103 ], [ 103.7972, -3.1504 ], [ 103.7837, -3.2392 ], [ 103.7219, -3.2557 ], [ 103.655, -3.266 ], [ 103.6344, -3.2628 ], [ 103.6051, -3.2875 ], [ 103.6267, -3.3594 ], [ 103.7074, -3.2942 ], [ 103.7161, -3.3335 ], [ 103.7606, -3.2801 ], [ 103.8013, -3.3095 ], [ 103.8569, -3.3329 ], [ 103.8705, -3.3285 ], [ 103.9074, -3.3597 ], [ 103.9487, -3.4125 ], [ 104.0246, -3.4058 ], [ 104.0925, -3.356 ], [ 104.1126, -3.3511 ], [ 104.1745, -3.3308 ], [ 104.2136, -3.3122 ], [ 104.2354, -3.2063 ], [ 104.2579, -3.0315 ], [ 104.1943, -3.0512 ], [ 104.1712, -3.0528 ], [ 104.1416, -3.0465 ], [ 104.1321, -3.0266 ] ] ] ] } },
{ "type": "Feature", "properties": { "balita": 20804.0, "u5mr": 15.58, "kabkota": "Kota Lubuklinggau", "jenis": "Kota", "provinsi": "SUMATERA SELATAN", "pulau": "Sumatera", "provinsi_geojson": "Sumatera Selatan", "jenis_geo": "Kota", "label": "Kota Lubuklinggau", "kode_bps": "1674", "geo_key": "kota lubuk linggau", "name_geojson": "Kota Lubuk Linggau", "peringkat_nasional": 349, "peringkat_provinsi": 16, "kelas_jenks": 1, "kelas_kuantil": 2 }, "geometry": { "type": "MultiPolygon", "coordinates": [ [ [ [ 102.8614, -3.1307 ], [ 102.8376, -3.1511 ], [ 102.8073, -3.2337 ], [ 102.7702, -3.254 ], [ 102.753, -3.2833 ], [ 102.7761, -3.2818 ], [ 102.798, -3.3317 ], [ 102.8963, -3.3762 ], [ 102.9581, -3.3089 ], [ 102.9765, -3.2925 ], [ 102.9274, -3.2615 ], [ 102.8927, -3.151 ], [ 102.8614, -3.1307 ] ] ] ] } },
{ "type": "Feature", "properties": { "balita": 11688.0, "u5mr": 20.6, "kabkota": "Kota Pagar Alam", "jenis": "Kota", "provinsi": "SUMATERA SELATAN", "pulau": "Sumatera", "provinsi_geojson": "Sumatera Selatan", "jenis_geo": "Kota", "label": "Kota Pagar Alam", "kode_bps": "1673", "geo_key": "kota pagar alam", "name_geojson": "Kota Pagar Alam", "peringkat_nasional": 196, "peringkat_provinsi": 4, "kelas_jenks": 2, "kelas_kuantil": 4 }, "geometry": { "type": "MultiPolygon", "coordinates": [ [ [ [ 103.3952, -4.0637 ], [ 103.3531, -4.0025 ], [ 103.3438, -4.051 ], [ 103.2249, -3.9892 ], [ 103.1199, -4.0157 ], [ 103.1652, -4.1175 ], [ 103.1823, -4.1784 ], [ 103.1777, -4.2407 ], [ 103.1907, -4.2361 ], [ 103.2241, -4.2407 ], [ 103.3161, -4.2672 ], [ 103.3707, -4.2299 ], [ 103.376, -4.2106 ], [ 103.3596, -4.0979 ], [ 103.3952, -4.0637 ] ] ] ] } },
{ "type": "Feature", "properties": { "balita": 134303.0, "u5mr": 13.95, "kabkota": "Kota Palembang", "jenis": "Kota", "provinsi": "SUMATERA SELATAN", "pulau": "Sumatera", "provinsi_geojson": "Sumatera Selatan", "jenis_geo": "Kota", "label": "Kota Palembang", "kode_bps": "1671", "geo_key": "kota palembang", "name_geojson": "Kota Palembang", "peringkat_nasional": 416, "peringkat_provinsi": 17, "kelas_jenks": 1, "kelas_kuantil": 1 }, "geometry": { "type": "MultiPolygon", "coordinates": [ [ [ [ 104.7273, -2.8969 ], [ 104.7101, -2.8759 ], [ 104.6681, -2.8868 ], [ 104.6795, -2.964 ], [ 104.6434, -2.9343 ], [ 104.6119, -2.9593 ], [ 104.6388, -2.9987 ], [ 104.6377, -3.0129 ], [ 104.6638, -3.0414 ], [ 104.7105, -3.0578 ], [ 104.7505, -3.0392 ], [ 104.7754, -3.0353 ], [ 104.7902, -3.0535 ], [ 104.7918, -3.0266 ], [ 104.8346, -2.9867 ], [ 104.8513, -2.9078 ], [ 104.7273, -2.8969 ] ] ] ] } },
{ "type": "Feature", "properties": { "balita": 16630.0, "u5mr": 15.6, "kabkota": "Kota Prabumulih", "jenis": "Kota", "provinsi": "SUMATERA SELATAN", "pulau": "Sumatera", "provinsi_geojson": "Sumatera Selatan", "jenis_geo": "Kota", "label": "Kota Prabumulih", "kode_bps": "1672", "geo_key": "kota prabumulih", "name_geojson": "Kota Prabumulih", "peringkat_nasional": 348, "peringkat_provinsi": 15, "kelas_jenks": 1, "kelas_kuantil": 2 }, "geometry": { "type": "MultiPolygon", "coordinates": [ [ [ [ 104.1745, -3.3308 ], [ 104.1248, -3.3604 ], [ 104.1537, -3.4087 ], [ 104.1257, -3.4949 ], [ 104.1493, -3.5512 ], [ 104.2512, -3.5776 ], [ 104.2988, -3.5638 ], [ 104.3146, -3.5667 ], [ 104.295, -3.4745 ], [ 104.3517, -3.3759 ], [ 104.1786, -3.349 ], [ 104.1745, -3.3308 ] ] ] ] } },
{ "type": "Feature", "properties": { "balita": 74592.0, "u5mr": 20.13, "kabkota": "Asahan", "jenis": "Kabupaten", "provinsi": "SUMATERA UTARA", "pulau": "Sumatera", "provinsi_geojson": "Sumatera Utara", "jenis_geo": "Kabupaten", "label": "Kab. Asahan", "kode_bps": "1208", "geo_key": "asahan", "name_geojson": "Kabupaten Asahan", "peringkat_nasional": 202, "peringkat_provinsi": 15, "kelas_jenks": 2, "kelas_kuantil": 4 }, "geometry": { "type": "MultiPolygon", "coordinates": [ [ [ [ 99.7021, 3.1176 ], [ 99.6274, 3.1271 ], [ 99.6182, 3.1292 ], [ 99.6019, 3.0944 ], [ 99.5956, 3.0652 ], [ 99.5535, 3.0279 ], [ 99.5628, 3.0184 ], [ 99.5496, 3.0216 ], [ 99.569, 3.0626 ], [ 99.5443, 3.0377 ], [ 99.4973, 3.0024 ], [ 99.4551, 2.9555 ], [ 99.3993, 2.9152 ], [ 99.3329, 2.8942 ], [ 99.0786, 2.6621 ], [ 99.0777, 2.5971 ], [ 99.1686, 2.56 ], [ 99.2215, 2.541 ], [ 99.3486, 2.5602 ], [ 99.4424, 2.5951 ], [ 99.4605, 2.5851 ], [ 99.4485, 2.5674 ], [ 99.4656, 2.5475 ], [ 99.5042, 2.5858 ], [ 99.5701, 2.5847 ], [ 99.6091, 2.5743 ], [ 99.6463, 2.5756 ], [ 99.6946, 2.5963 ], [ 99.987, 2.8564 ], [ 99.9787, 2.9447 ], [ 99.8579, 3.0352 ], [ 99.7374, 3.1728 ], [ 99.7021, 3.1176 ] ], [ [ 99.8172, 3.0251 ], [ 99.8189, 2.9935 ], [ 99.8172, 2.9242 ], [ 99.7986, 3.0095 ], [ 99.8172, 3.0251 ] ] ] ] } },
{ "type": "Feature", "properties": { "balita": 41390.0, "u5mr": 23.93, "kabkota": "Batu Bara", "jenis": "Kabupaten", "provinsi": "SUMATERA UTARA", "pulau": "Sumatera", "provinsi_geojson": "Sumatera Utara", "jenis_geo": "Kabupaten", "label": "Kab. Batu Bara", "kode_bps": "1219", "geo_key": "batu bara", "name_geojson": "Kabupaten Batu Bara", "peringkat_nasional": 141, "peringkat_provinsi": 10, "kelas_jenks": 3, "kelas_kuantil": 4 }, "geometry": { "type": "MultiPolygon", "coordinates": [ [ [ [ 99.2823, 3.3935 ], [ 99.2236, 3.2608 ], [ 99.2068, 3.2247 ], [ 99.2263, 3.2276 ], [ 99.2402, 3.2471 ], [ 99.2602, 3.2596 ], [ 99.305, 3.3043 ], [ 99.3449, 3.2878 ], [ 99.3567, 3.2198 ], [ 99.3833, 3.2578 ], [ 99.3926, 3.2495 ], [ 99.3699, 3.1511 ], [ 99.4969, 3.1151 ], [ 99.5123, 3.1064 ], [ 99.5021, 3.095 ], [ 99.5298, 3.1043 ], [ 99.5513, 3.0998 ], [ 99.569, 3.0626 ], [ 99.5496, 3.0216 ], [ 99.5628, 3.0184 ], [ 99.5535, 3.0279 ], [ 99.5956, 3.0652 ], [ 99.6019, 3.0944 ], [ 99.6182, 3.1292 ], [ 99.6274, 3.1271 ], [ 99.7021, 3.1176 ], [ 99.6916, 3.2034 ], [ 99.5582, 3.2375 ], [ 99.4887, 3.3441 ], [ 99.3197, 3.4325 ], [ 99.2823, 3.3935 ] ] ] ] } },
{ "type": "Feature", "properties": { "balita": 35889.0, "u5mr": 17.8, "kabkota": "Dairi", "jenis": "Kabupaten", "provinsi": "SUMATERA UTARA", "pulau": "Sumatera", "provinsi_geojson": "Sumatera Utara", "jenis_geo": "Kabupaten", "label": "Kab. Dairi", "kode_bps": "1210", "geo_key": "dairi", "name_geojson": "Kabupaten Dairi", "peringkat_nasional": 259, "peringkat_provinsi": 24, "kelas_jenks": 2, "kelas_kuantil": 3 }, "geometry": { "type": "MultiPolygon", "coordinates": [ [ [ [ 98.0358, 3.1087 ], [ 98.0376, 3.0782 ], [ 97.9883, 3.0916 ], [ 97.9611, 3.0649 ], [ 97.9486, 3.0655 ], [ 97.9499, 3.0748 ], [ 97.9301, 3.0547 ], [ 97.9376, 3.0292 ], [ 97.9567, 2.9604 ], [ 97.993, 2.8818 ], [ 98.0553, 2.8188 ], [ 98.0994, 2.8227 ], [ 98.1579, 2.7693 ], [ 98.1784, 2.7603 ], [ 98.2469, 2.7086 ], [ 98.307, 2.6961 ], [ 98.34, 2.6788 ], [ 98.4222, 2.6357 ], [ 98.4675, 2.5492 ], [ 98.5197, 2.5567 ], [ 98.5603, 2.5802 ], [ 98.5723, 2.7244 ], [ 98.6289, 2.7949 ], [ 98.5408, 2.8582 ], [ 98.4382, 2.8919 ], [ 98.3457, 2.9659 ], [ 98.2489, 2.9312 ], [ 98.1985, 2.9901 ], [ 98.1984, 3.0465 ], [ 98.1769, 3.0635 ], [ 98.0778, 3.0749 ], [ 98.0358, 3.1087 ] ] ] ] } },
{ "type": "Feature", "properties": { "balita": 175368.0, "u5mr": 16.63, "kabkota": "Deli Serdang", "jenis": "Kabupaten", "provinsi": "SUMATERA UTARA", "pulau": "Sumatera", "provinsi_geojson": "Sumatera Utara", "jenis_geo": "Kabupaten", "label": "Kab. Deli Serdang", "kode_bps": "1212", "geo_key": "deli serdang", "name_geojson": "Kabupaten Deli Serdang", "peringkat_nasional": 304, "peringkat_provinsi": 30, "kelas_jenks": 1, "kelas_kuantil": 3 }, "geometry": { "type": "MultiPolygon", "coordinates": [ [ [ [ 98.6813, 3.789 ], [ 98.6917, 3.8853 ], [ 98.6232, 3.8841 ], [ 98.6116, 3.8662 ], [ 98.6097, 3.8556 ], [ 98.6016, 3.8488 ], [ 98.5867, 3.8251 ], [ 98.5515, 3.7899 ], [ 98.5045, 3.745 ], [ 98.5099, 3.7279 ], [ 98.5185, 3.6681 ], [ 98.5332, 3.6209 ], [ 98.5153, 3.5698 ], [ 98.5102, 3.5538 ], [ 98.4959, 3.3912 ], [ 98.5092, 3.3085 ], [ 98.47, 3.2765 ], [ 98.4714, 3.2417 ], [ 98.5389, 3.2469 ], [ 98.6016, 3.1629 ], [ 98.6233, 3.1049 ], [ 98.6348, 3.062 ], [ 98.6953, 3.041 ], [ 98.7145, 3.0667 ], [ 98.7274, 3.1767 ], [ 98.7908, 3.2797 ], [ 98.8454, 3.3404 ], [ 98.9143, 3.3618 ], [ 98.9142, 3.4507 ], [ 98.9342, 3.4925 ], [ 98.9376, 3.6249 ], [ 98.9433, 3.6758 ], [ 98.7271, 3.7333 ], [ 98.7151, 3.7257 ], [ 98.6966, 3.6782 ], [ 98.6966, 3.5189 ], [ 98.6617, 3.5174 ], [ 98.6577, 3.5224 ], [ 98.6461, 3.496 ], [ 98.638, 3.4898 ], [ 98.6001, 3.4908 ], [ 98.6027, 3.5341 ], [ 98.6067, 3.5589 ], [ 98.6022, 3.5871 ], [ 98.6526, 3.6152 ], [ 98.6528, 3.7286 ], [ 98.6813, 3.789 ] ] ] ] } },
{ "type": "Feature", "properties": { "balita": 20143.0, "u5mr": 18.86, "kabkota": "Humbang Hasundutan", "jenis": "Kabupaten", "provinsi": "SUMATERA UTARA", "pulau": "Sumatera", "provinsi_geojson": "Sumatera Utara", "jenis_geo": "Kabupaten", "label": "Kab. Humbang Hasundutan", "kode_bps": "1215", "geo_key": "humbang hasundutan", "name_geojson": "Kabupaten Humbang Hasundutan", "peringkat_nasional": 231, "peringkat_provinsi": 21, "kelas_jenks": 2, "kelas_kuantil": 3 }, "geometry": { "type": "MultiPolygon", "coordinates": [ [ [ [ 98.4214, 2.4764 ], [ 98.2987, 2.4175 ], [ 98.2767, 2.3389 ], [ 98.2636, 2.2761 ], [ 98.2773, 2.2542 ], [ 98.2834, 2.1906 ], [ 98.3124, 2.1598 ], [ 98.362, 2.1416 ], [ 98.4379, 2.1082 ], [ 98.544, 2.0828 ], [ 98.6084, 2.0217 ], [ 98.658, 2.0147 ], [ 98.6904, 2.0531 ], [ 98.7349, 2.1286 ], [ 98.8424, 2.2119 ], [ 98.9181, 2.2242 ], [ 98.9626, 2.2674 ], [ 98.8881, 2.3266 ], [ 98.8498, 2.3559 ], [ 98.8077, 2.374 ], [ 98.7302, 2.4387 ], [ 98.6188, 2.3958 ], [ 98.5592, 2.4378 ], [ 98.4574, 2.4365 ], [ 98.4214, 2.4764 ] ] ] ] } },
{ "type": "Feature", "properties": { "balita": 37368.0, "u5mr": 17.06, "kabkota": "Karo", "jenis": "Kabupaten", "provinsi": "SUMATERA UTARA", "pulau": "Sumatera", "provinsi_geojson": "Sumatera Utara", "jenis_geo": "Kabupaten", "label": "Kab. Karo", "kode_bps": "1211", "geo_key": "karo", "name_geojson": "Kabupaten Karo", "peringkat_nasional": 293, "peringkat_provinsi": 29, "kelas_jenks": 2, "kelas_kuantil": 3 }, "geometry": { "type": "MultiPolygon", "coordinates": [ [ [ [ 98.0293, 3.3308 ], [ 97.9322, 3.2104 ], [ 97.9421, 3.1648 ], [ 97.9762, 3.1309 ], [ 97.9835, 3.0863 ], [ 97.9921, 3.0913 ], [ 98.0376, 3.0782 ], [ 98.0358, 3.1087 ], [ 98.0778, 3.0749 ], [ 98.1769, 3.0635 ], [ 98.1984, 3.0465 ], [ 98.1985, 2.9901 ], [ 98.2489, 2.9312 ], [ 98.3457, 2.9659 ], [ 98.4382, 2.8919 ], [ 98.5408, 2.8582 ], [ 98.5652, 2.8808 ], [ 98.5372, 2.9042 ], [ 98.5347, 2.9159 ], [ 98.5605, 3.0265 ], [ 98.5848, 3.0502 ], [ 98.5819, 3.0712 ], [ 98.6233, 3.1049 ], [ 98.6016, 3.1629 ], [ 98.5389, 3.2469 ], [ 98.4714, 3.2417 ], [ 98.4657, 3.2304 ], [ 98.4325, 3.2375 ], [ 98.3482, 3.2594 ], [ 98.3003, 3.2257 ], [ 98.2927, 3.256 ], [ 98.2159, 3.2837 ], [ 98.1226, 3.2665 ], [ 98.0963, 3.3157 ], [ 98.0293, 3.3308 ] ] ] ] } },
{ "type": "Feature", "properties": { "balita": 48919.0, "u5mr": 24.17, "kabkota": "Labuhan Batu", "jenis": "Kabupaten", "provinsi": "SUMATERA UTARA", "pulau": "Sumatera", "provinsi_geojson": "Sumatera Utara", "jenis_geo": "Kabupaten", "label": "Kab. Labuhan Batu", "kode_bps": "1207", "geo_key": "labuhanbatu", "name_geojson": "Kabupaten Labuhanbatu", "peringkat_nasional": 136, "peringkat_provinsi": 9, "kelas_jenks": 3, "kelas_kuantil": 4 }, "geometry": { "type": "MultiPolygon", "coordinates": [ [ [ [ 100.299, 2.4426 ], [ 100.3209, 2.5503 ], [ 100.2343, 2.6425 ], [ 100.2202, 2.7046 ], [ 100.1383, 2.6876 ], [ 100.0596, 2.7341 ], [ 100.0596, 2.6334 ], [ 100.0552, 2.5145 ], [ 99.9832, 2.4084 ], [ 99.9899, 2.1985 ], [ 99.8642, 2.181 ], [ 99.7711, 2.188 ], [ 99.7319, 2.1183 ], [ 99.673, 2.0758 ], [ 99.6676, 2.0647 ], [ 99.6778, 2.0371 ], [ 99.7011, 1.9428 ], [ 99.7094, 1.9632 ], [ 99.7915, 2.0242 ], [ 99.839, 1.9936 ], [ 99.852, 1.9936 ], [ 99.8304, 1.954 ], [ 99.8291, 1.9098 ], [ 99.8479, 1.8352 ], [ 99.8403, 1.8213 ], [ 99.8509, 1.7937 ], [ 99.8632, 1.8134 ], [ 99.8679, 1.8632 ], [ 99.8883, 1.9364 ], [ 99.9126, 1.9659 ], [ 99.9691, 1.9614 ], [ 99.9632, 1.9484 ], [ 100.0372, 1.9363 ], [ 100.06, 1.9874 ], [ 100.0357, 2.0762 ], [ 100.1242, 2.1284 ], [ 100.125, 2.1706 ], [ 100.238, 2.2196 ], [ 100.3471, 2.2425 ], [ 100.3067, 2.3752 ], [ 100.299, 2.4426 ] ] ] ] } },
{ "type": "Feature", "properties": { "balita": 34953.0, "u5mr": 23.64, "kabkota": "Labuhan Batu Selatan", "jenis": "Kabupaten", "provinsi": "SUMATERA UTARA", "pulau": "Sumatera", "provinsi_geojson": "Sumatera Utara", "jenis_geo": "Kabupaten", "label": "Kab. Labuhan Batu Selatan", "kode_bps": "1222", "geo_key": "labuhanbatu selatan", "name_geojson": "Kabupaten Labuhanbatu Selatan", "peringkat_nasional": 142, "peringkat_provinsi": 11, "kelas_jenks": 3, "kelas_kuantil": 4 }, "geometry": { "type": "MultiPolygon", "coordinates": [ [ [ [ 100.3471, 2.2425 ], [ 100.238, 2.2196 ], [ 100.125, 2.1706 ], [ 100.1242, 2.1284 ], [ 100.0357, 2.0762 ], [ 100.06, 1.9874 ], [ 100.0372, 1.9363 ], [ 99.9632, 1.9484 ], [ 99.9691, 1.9614 ], [ 99.9126, 1.9659 ], [ 99.8883, 1.9364 ], [ 99.8679, 1.8632 ], [ 99.8632, 1.8134 ], [ 99.8509, 1.7937 ], [ 99.7349, 1.8348 ], [ 99.695, 1.8049 ], [ 99.7321, 1.727 ], [ 99.8159, 1.6728 ], [ 99.8979, 1.7144 ], [ 99.9918, 1.6627 ], [ 100.0547, 1.7304 ], [ 100.202, 1.5841 ], [ 100.2091, 1.5703 ], [ 100.2552, 1.5381 ], [ 100.3079, 1.5139 ], [ 100.3183, 1.5 ], [ 100.3485, 1.4541 ], [ 100.3766, 1.4498 ], [ 100.4218, 1.4854 ], [ 100.4082, 1.6247 ], [ 100.4116, 1.6736 ], [ 100.3898, 1.7577 ], [ 100.2891, 1.7989 ], [ 100.2889, 1.8755 ], [ 100.3181, 1.9018 ], [ 100.3211, 2.0493 ], [ 100.3439, 2.1373 ], [ 100.3729, 2.1931 ], [ 100.3471, 2.2425 ] ] ] ] } },
{ "type": "Feature", "properties": { "balita": 42198.0, "u5mr": 17.79, "kabkota": "Labuhan Batu Utara", "jenis": "Kabupaten", "provinsi": "SUMATERA UTARA", "pulau": "Sumatera", "provinsi_geojson": "Sumatera Utara", "jenis_geo": "Kabupaten", "label": "Kab. Labuhan Batu Utara", "kode_bps": "1223", "geo_key": "labuhanbatu utara", "name_geojson": "Kabupaten Labuhanbatu Utara", "peringkat_nasional": 260, "peringkat_provinsi": 25, "kelas_jenks": 2, "kelas_kuantil": 3 }, "geometry": { "type": "MultiPolygon", "coordinates": [ [ [ [ 100.0596, 2.7341 ], [ 99.9849, 2.758 ], [ 99.987, 2.8564 ], [ 99.6939, 2.5958 ], [ 99.6463, 2.5756 ], [ 99.6091, 2.5743 ], [ 99.5701, 2.5847 ], [ 99.5042, 2.5858 ], [ 99.4744, 2.5523 ], [ 99.4525, 2.5409 ], [ 99.4187, 2.4604 ], [ 99.5819, 2.3374 ], [ 99.5621, 2.3017 ], [ 99.5348, 2.2474 ], [ 99.4241, 2.2153 ], [ 99.3876, 2.1357 ], [ 99.4153, 2.1124 ], [ 99.4573, 2.1261 ], [ 99.4891, 2.1119 ], [ 99.5506, 2.0787 ], [ 99.6055, 1.9969 ], [ 99.6676, 2.0647 ], [ 99.673, 2.0758 ], [ 99.7319, 2.1183 ], [ 99.7711, 2.188 ], [ 99.8642, 2.181 ], [ 99.9899, 2.1985 ], [ 99.9832, 2.4084 ], [ 100.0552, 2.5145 ], [ 100.0596, 2.6334 ], [ 100.0596, 2.7341 ] ] ] ] } },
{ "type": "Feature", "properties": { "balita": 97390.0, "u5mr": 17.49, "kabkota": "Langkat", "jenis": "Kabupaten", "provinsi": "SUMATERA UTARA", "pulau": "Sumatera", "provinsi_geojson": "Sumatera Utara", "jenis_geo": "Kabupaten", "label": "Kab. Langkat", "kode_bps": "1213", "geo_key": "langkat", "name_geojson": "Kabupaten Langkat", "peringkat_nasional": 274, "peringkat_provinsi": 28, "kelas_jenks": 2, "kelas_kuantil": 3 }, "geometry": { "type": "MultiPolygon", "coordinates": [ [ [ [ 98.1988, 4.3025 ], [ 98.1438, 4.2598 ], [ 98.0918, 4.2285 ], [ 98.0402, 4.0412 ], [ 98.0957, 3.9841 ], [ 98.0776, 3.9494 ], [ 98.0743, 3.9574 ], [ 98.0412, 3.9534 ], [ 98.0078, 3.9018 ], [ 97.9133, 3.9141 ], [ 97.9024, 3.8855 ], [ 97.9087, 3.8184 ], [ 97.8005, 3.7226 ], [ 97.8447, 3.6606 ], [ 97.8681, 3.5711 ], [ 97.9066, 3.5552 ], [ 97.9507, 3.413 ], [ 97.9778, 3.3718 ], [ 98.0034, 3.3689 ], [ 98.0963, 3.3157 ], [ 98.1226, 3.2665 ], [ 98.2159, 3.2837 ], [ 98.2927, 3.256 ], [ 98.3003, 3.2257 ], [ 98.3482, 3.2594 ], [ 98.4325, 3.2375 ], [ 98.4657, 3.2304 ], [ 98.47, 3.2765 ], [ 98.5092, 3.3081 ], [ 98.4959, 3.3912 ], [ 98.5102, 3.5538 ], [ 98.4953, 3.5559 ], [ 98.474, 3.5281 ], [ 98.4462, 3.5653 ], [ 98.4627, 3.652 ], [ 98.4464, 3.6568 ], [ 98.4884, 3.6675 ], [ 98.5099, 3.7279 ], [ 98.5045, 3.745 ], [ 98.5515, 3.7899 ], [ 98.5867, 3.8251 ], [ 98.6016, 3.8488 ], [ 98.6097, 3.8556 ], [ 98.6116, 3.8662 ], [ 98.6232, 3.8841 ], [ 98.5603, 3.9387 ], [ 98.5282, 4.0184 ], [ 98.4309, 4.039 ], [ 98.3908, 4.0755 ], [ 98.3148, 4.0701 ], [ 98.1875, 4.175 ], [ 98.2542, 4.202 ], [ 98.2439, 4.294 ], [ 98.2146, 4.2873 ], [ 98.2114, 4.2987 ], [ 98.1988, 4.3025 ] ] ] ] } },
{ "type": "Feature", "properties": { "balita": 55216.0, "u5mr": 25.05, "kabkota": "Mandailing Natal", "jenis": "Kabupaten", "provinsi": "SUMATERA UTARA", "pulau": "Sumatera", "provinsi_geojson": "Sumatera Utara", "jenis_geo": "Kabupaten", "label": "Kab. Mandailing Natal", "kode_bps": "1202", "geo_key": "mandailing natal", "name_geojson": "Kabupaten Mandailing Natal", "peringkat_nasional": 121, "peringkat_provinsi": 5, "kelas_jenks": 3, "kelas_kuantil": 4 }, "geometry": { "type": "MultiPolygon", "coordinates": [ [ [ [ 98.9377, 1.3271 ], [ 98.9079, 1.2933 ], [ 98.8404, 1.2836 ], [ 98.9088, 1.1283 ], [ 98.9947, 0.821 ], [ 99.0585, 0.7424 ], [ 99.0664, 0.6593 ], [ 99.1065, 0.5804 ], [ 99.1395, 0.4238 ], [ 99.121, 0.3526 ], [ 99.1961, 0.272 ], [ 99.2628, 0.3446 ], [ 99.3167, 0.3339 ], [ 99.366, 0.4315 ], [ 99.4385, 0.4776 ], [ 99.5125, 0.5379 ], [ 99.5734, 0.5089 ], [ 99.6654, 0.5162 ], [ 99.7178, 0.4514 ], [ 99.744, 0.4789 ], [ 99.785, 0.4812 ], [ 99.8098, 0.4627 ], [ 99.8358, 0.4587 ], [ 99.8493, 0.47 ], [ 99.9073, 0.4715 ], [ 99.9645, 0.5459 ], [ 99.9204, 0.6051 ], [ 99.9113, 0.6798 ], [ 99.8506, 0.6836 ], [ 99.8501, 0.7911 ], [ 99.7987, 0.8585 ], [ 99.7328, 0.8934 ], [ 99.6741, 0.9329 ], [ 99.6205, 0.9487 ], [ 99.5903, 0.9801 ], [ 99.5697, 1.0407 ], [ 99.5246, 1.1059 ], [ 99.5204, 1.1192 ], [ 99.5106, 1.1146 ], [ 99.4956, 1.1271 ], [ 99.4811, 1.127 ], [ 99.4286, 1.0897 ], [ 99.4517, 1.0466 ], [ 99.3747, 1.0235 ], [ 99.3363, 1.0237 ], [ 99.2695, 1.0973 ], [ 99.2404, 1.0416 ], [ 99.1523, 1.0977 ], [ 99.1323, 1.1104 ], [ 99.1328, 1.1673 ], [ 99.0504, 1.2045 ], [ 99.0292, 1.2619 ], [ 99.0063, 1.3064 ], [ 98.9377, 1.3271 ] ] ] ] } },
{ "type": "Feature", "properties": { "balita": 19174.0, "u5mr": 25.35, "kabkota": "Nias", "jenis": "Kabupaten", "provinsi": "SUMATERA UTARA", "pulau": "Sumatera", "provinsi_geojson": "Sumatera Utara", "jenis_geo": "Kabupaten", "label": "Kab. Nias", "kode_bps": "1201", "geo_key": "nias", "name_geojson": "Kabupaten Nias", "peringkat_nasional": 115, "peringkat_provinsi": 3, "kelas_jenks": 3, "kelas_kuantil": 4 }, "geometry": { "type": "MultiPolygon", "coordinates": [ [ [ [ 97.5354, 1.2932 ], [ 97.5208, 1.2623 ], [ 97.4947, 1.2616 ], [ 97.4882, 1.188 ], [ 97.5034, 1.1893 ], [ 97.494, 1.1742 ], [ 97.4954, 1.1421 ], [ 97.603, 1.1115 ], [ 97.611, 1.064 ], [ 97.6196, 1.055 ], [ 97.6611, 0.9975 ], [ 97.6945, 0.9328 ], [ 97.8752, 0.933 ], [ 97.9036, 0.8944 ], [ 97.9469, 0.9583 ], [ 97.8982, 1.0527 ], [ 97.8348, 1.0873 ], [ 97.8045, 1.1472 ], [ 97.7231, 1.1706 ], [ 97.636, 1.1514 ], [ 97.6263, 1.1739 ], [ 97.5677, 1.2417 ], [ 97.5527, 1.2818 ], [ 97.5354, 1.2932 ] ] ] ] } },
{ "type": "Feature", "properties": { "balita": 13144.0, "u5mr": 24.93, "kabkota": "Nias Barat", "jenis": "Kabupaten", "provinsi": "SUMATERA UTARA", "pulau": "Sumatera", "provinsi_geojson": "Sumatera Utara", "jenis_geo": "Kabupaten", "label": "Kab. Nias Barat", "kode_bps": "1225", "geo_key": "nias barat", "name_geojson": "Kabupaten Nias Barat", "peringkat_nasional": 122, "peringkat_provinsi": 6, "kelas_jenks": 3, "kelas_kuantil": 4 }, "geometry": { "type": "MultiPolygon", "coordinates": [ [ [ [ 97.5018, 1.1915 ], [ 97.4952, 1.184 ], [ 97.4931, 1.1643 ], [ 97.4774, 1.1391 ], [ 97.4342, 1.0917 ], [ 97.3615, 1.0904 ], [ 97.4315, 0.9418 ], [ 97.5482, 0.8882 ], [ 97.5236, 0.9517 ], [ 97.5878, 1.0186 ], [ 97.6196, 1.055 ], [ 97.611, 1.064 ], [ 97.603, 1.1115 ], [ 97.4954, 1.1421 ], [ 97.5002, 1.1854 ], [ 97.5018, 1.1915 ] ] ] ] } },
{ "type": "Feature", "properties": { "balita": 50860.0, "u5mr": 25.7, "kabkota": "Nias Selatan", "jenis": "Kabupaten", "provinsi": "SUMATERA UTARA", "pulau": "Sumatera", "provinsi_geojson": "Sumatera Utara", "jenis_geo": "Kabupaten", "label": "Kab. Nias Selatan", "kode_bps": "1214", "geo_key": "nias selatan", "name_geojson": "Kabupaten Nias Selatan", "peringkat_nasional": 111, "peringkat_provinsi": 1, "kelas_jenks": 3, "kelas_kuantil": 4 }, "geometry": { "type": "MultiPolygon", "coordinates": [ [ [ [ 98.4138, -0.2463 ], [ 98.4408, -0.3018 ], [ 98.3842, -0.3433 ], [ 98.3756, -0.4612 ], [ 98.2875, -0.5232 ], [ 98.3935, -0.5633 ], [ 98.4764, -0.5354 ], [ 98.5059, -0.4943 ], [ 98.5224, -0.38 ], [ 98.4891, -0.2999 ], [ 98.4138, -0.2463 ] ] ], [ [ [ 98.37, -0.0006 ], [ 98.3502, -0.043 ], [ 98.4344, -0.2098 ], [ 98.5264, -0.3318 ], [ 98.573, -0.2801 ], [ 98.4927, -0.2102 ], [ 98.4839, -0.1244 ], [ 98.4229, -0.0337 ], [ 98.37, -0.0006 ] ] ], [ [ [ 98.5656, 0.173 ], [ 98.5538, 0.0918 ], [ 98.7487, 0.071 ], [ 98.8536, 0.1172 ], [ 98.798, 0.1709 ], [ 98.7536, 0.1557 ], [ 98.5656, 0.173 ] ] ], [ [ [ 97.6611, 0.9975 ], [ 97.5878, 1.0186 ], [ 97.5236, 0.9517 ], [ 97.5482, 0.8882 ], [ 97.6024, 0.8382 ], [ 97.6554, 0.7436 ], [ 97.6617, 0.6761 ], [ 97.7442, 0.5539 ], [ 97.8363, 0.5702 ], [ 97.9004, 0.6262 ], [ 97.8868, 0.7433 ], [ 97.9116, 0.7993 ], [ 97.9036, 0.8944 ], [ 97.8752, 0.933 ], [ 97.6945, 0.9328 ], [ 97.6611, 0.9975 ] ] ] ] } },
{ "type": "Feature", "properties": { "balita": 20124.0, "u5mr": 23.61, "kabkota": "Nias Utara", "jenis": "Kabupaten", "provinsi": "SUMATERA UTARA", "pulau": "Sumatera", "provinsi_geojson": "Sumatera Utara", "jenis_geo": "Kabupaten", "label": "Kab. Nias Utara", "kode_bps": "1224", "geo_key": "nias utara", "name_geojson": "Kabupaten Nias Utara", "peringkat_nasional": 144, "peringkat_provinsi": 12, "kelas_jenks": 3, "kelas_kuantil": 4 }, "geometry": { "type": "MultiPolygon", "coordinates": [ [ [ [ 97.5392, 1.4208 ], [ 97.4834, 1.4788 ], [ 97.3452, 1.4807 ], [ 97.2749, 1.4189 ], [ 97.1515, 1.366 ], [ 97.2629, 1.2416 ], [ 97.3615, 1.0904 ], [ 97.4342, 1.0917 ], [ 97.4774, 1.1391 ], [ 97.5018, 1.1915 ], [ 97.4882, 1.188 ], [ 97.4947, 1.2616 ], [ 97.4808, 1.2917 ], [ 97.493, 1.2882 ], [ 97.4901, 1.3172 ], [ 97.4993, 1.3391 ], [ 97.4976, 1.3824 ], [ 97.5392, 1.4208 ] ] ] ] } },
{ "type": "Feature", "properties": { "balita": 33773.0, "u5mr": 25.43, "kabkota": "Padang Lawas", "jenis": "Kabupaten", "provinsi": "SUMATERA UTARA", "pulau": "Sumatera", "provinsi_geojson": "Sumatera Utara", "jenis_geo": "Kabupaten", "label": "Kab. Padang Lawas", "kode_bps": "1221", "geo_key": "padang lawas", "name_geojson": "Kabupaten Padang Lawas", "peringkat_nasional": 114, "peringkat_provinsi": 2, "kelas_jenks": 3, "kelas_kuantil": 4 }, "geometry": { "type": "MultiPolygon", "coordinates": [ [ [ [ 99.9234, 1.5456 ], [ 99.8595, 1.4864 ], [ 99.7295, 1.438 ], [ 99.7292, 1.396 ], [ 99.6079, 1.3323 ], [ 99.5751, 1.2623 ], [ 99.487, 1.2762 ], [ 99.4313, 1.2322 ], [ 99.4914, 1.1397 ], [ 99.5125, 1.1336 ], [ 99.5246, 1.1059 ], [ 99.5697, 1.0407 ], [ 99.5903, 0.9801 ], [ 99.6205, 0.9487 ], [ 99.6741, 0.9329 ], [ 99.7328, 0.8934 ], [ 99.7987, 0.8585 ], [ 99.8374, 0.8262 ], [ 99.8412, 0.8518 ], [ 99.8325, 0.8844 ], [ 99.8745, 0.9064 ], [ 99.913, 0.885 ], [ 100.1213, 0.7813 ], [ 100.1579, 0.7991 ], [ 100.1208, 0.8374 ], [ 100.133, 0.8657 ], [ 100.1218, 0.8955 ], [ 100.0979, 0.9097 ], [ 100.1196, 0.9102 ], [ 100.1507, 0.9347 ], [ 100.1402, 1.0608 ], [ 100.1787, 1.1181 ], [ 100.1627, 1.1396 ], [ 100.1111, 1.2215 ], [ 100.0853, 1.3406 ], [ 100.0322, 1.3939 ], [ 99.9924, 1.4264 ], [ 99.9649, 1.3945 ], [ 99.945, 1.412 ], [ 99.9098, 1.4983 ], [ 99.9234, 1.5456 ] ] ] ] } },
{ "type": "Feature", "properties": { "balita": 31179.0, "u5mr": 23.39, "kabkota": "Padang Lawas Utara", "jenis": "Kabupaten", "provinsi": "SUMATERA UTARA", "pulau": "Sumatera", "provinsi_geojson": "Sumatera Utara", "jenis_geo": "Kabupaten", "label": "Kab. Padang Lawas Utara", "kode_bps": "1220", "geo_key": "padang lawas utara", "name_geojson": "Kabupaten Padang Lawas Utara", "peringkat_nasional": 147, "peringkat_provinsi": 13, "kelas_jenks": 3, "kelas_kuantil": 4 }, "geometry": { "type": "MultiPolygon", "coordinates": [ [ [ [ 99.6778, 2.0371 ], [ 99.6055, 1.9969 ], [ 99.5895, 2.0167 ], [ 99.5983, 1.943 ], [ 99.6157, 1.9072 ], [ 99.5653, 1.8907 ], [ 99.5708, 1.8112 ], [ 99.5186, 1.7288 ], [ 99.4352, 1.6581 ], [ 99.4546, 1.593 ], [ 99.3945, 1.4887 ], [ 99.3597, 1.3829 ], [ 99.3912, 1.3154 ], [ 99.419, 1.2457 ], [ 99.427, 1.2386 ], [ 99.4313, 1.2322 ], [ 99.487, 1.2762 ], [ 99.5751, 1.2623 ], [ 99.6079, 1.3323 ], [ 99.7292, 1.396 ], [ 99.7295, 1.438 ], [ 99.8595, 1.4864 ], [ 99.9234, 1.5456 ], [ 99.9098, 1.4983 ], [ 99.945, 1.412 ], [ 99.9649, 1.3945 ], [ 99.9924, 1.4264 ], [ 100.0322, 1.3939 ], [ 100.0725, 1.3917 ], [ 100.1673, 1.4065 ], [ 100.2537, 1.4132 ], [ 100.3035, 1.4166 ], [ 100.3409, 1.4376 ], [ 100.3266, 1.4371 ], [ 100.2772, 1.4747 ], [ 100.3181, 1.4709 ], [ 100.314, 1.507 ], [ 100.2325, 1.5521 ], [ 100.202, 1.5841 ], [ 100.0547, 1.7304 ], [ 99.9918, 1.6627 ], [ 99.8979, 1.7144 ], [ 99.8159, 1.6728 ], [ 99.7321, 1.727 ], [ 99.695, 1.8049 ], [ 99.7349, 1.8348 ], [ 99.8403, 1.8213 ], [ 99.8479, 1.8352 ], [ 99.8291, 1.9098 ], [ 99.8304, 1.954 ], [ 99.852, 1.9936 ], [ 99.839, 1.9936 ], [ 99.7915, 2.0242 ], [ 99.7094, 1.9632 ], [ 99.7011, 1.9428 ], [ 99.6778, 2.0371 ] ] ] ] } },
{ "type": "Feature", "properties": { "balita": 6508.0, "u5mr": 24.74, "kabkota": "Pakpak Bharat", "jenis": "Kabupaten", "provinsi": "SUMATERA UTARA", "pulau": "Sumatera", "provinsi_geojson": "Sumatera Utara", "jenis_geo": "Kabupaten", "label": "Kab. Pakpak Bharat", "kode_bps": "1216", "geo_key": "pakpak bharat", "name_geojson": "Kabupaten Pakpak Bharat", "peringkat_nasional": 126, "peringkat_provinsi": 8, "kelas_jenks": 3, "kelas_kuantil": 4 }, "geometry": { "type": "MultiPolygon", "coordinates": [ [ [ [ 98.1579, 2.7693 ], [ 98.0694, 2.7642 ], [ 98.104, 2.6819 ], [ 98.1071, 2.6042 ], [ 98.0848, 2.6034 ], [ 98.0785, 2.5822 ], [ 98.0825, 2.5109 ], [ 98.0978, 2.4798 ], [ 98.148, 2.4226 ], [ 98.197, 2.3116 ], [ 98.2767, 2.3389 ], [ 98.2987, 2.4175 ], [ 98.4214, 2.4764 ], [ 98.4201, 2.5368 ], [ 98.4675, 2.5492 ], [ 98.4222, 2.6357 ], [ 98.34, 2.6788 ], [ 98.307, 2.6961 ], [ 98.2469, 2.7086 ], [ 98.1784, 2.7603 ], [ 98.1579, 2.7693 ] ] ] ] } },
{ "type": "Feature", "properties": { "balita": 13656.0, "u5mr": 18.88, "kabkota": "Samosir", "jenis": "Kabupaten", "provinsi": "SUMATERA UTARA", "pulau": "Sumatera", "provinsi_geojson": "Sumatera Utara", "jenis_geo": "Kabupaten", "label": "Kab. Samosir", "kode_bps": "1217", "geo_key": "samosir", "name_geojson": "Kabupaten Samosir", "peringkat_nasional": 230, "peringkat_provinsi": 20, "kelas_jenks": 2, "kelas_kuantil": 3 }, "geometry": { "type": "MultiPolygon", "coordinates": [ [ [ [ 98.6971, 2.7986 ], [ 98.6457, 2.7887 ], [ 98.6289, 2.7949 ], [ 98.5723, 2.7244 ], [ 98.5603, 2.5802 ], [ 98.5197, 2.5567 ], [ 98.4201, 2.5368 ], [ 98.4214, 2.4764 ], [ 98.4574, 2.4365 ], [ 98.5592, 2.4378 ], [ 98.6188, 2.3958 ], [ 98.7302, 2.4387 ], [ 98.8077, 2.374 ], [ 98.8498, 2.3559 ], [ 98.8623, 2.3726 ], [ 98.8603, 2.3964 ], [ 98.9124, 2.408 ], [ 98.9816, 2.3945 ], [ 99.0186, 2.4837 ], [ 99.0104, 2.4979 ], [ 98.9222, 2.5699 ], [ 98.9053, 2.5971 ], [ 98.8933, 2.6721 ], [ 98.8412, 2.7121 ], [ 98.7809, 2.7685 ], [ 98.6971, 2.7986 ] ] ] ] } },
{ "type": "Feature", "properties": { "balita": 59929.0, "u5mr": 21.05, "kabkota": "Serdang Bedagai", "jenis": "Kabupaten", "provinsi": "SUMATERA UTARA", "pulau": "Sumatera", "provinsi_geojson": "Sumatera Utara", "jenis_geo": "Kabupaten", "label": "Kab. Serdang Bedagai", "kode_bps": "1218", "geo_key": "serdang bedagai", "name_geojson": "Kabupaten Serdang Bedagai", "peringkat_nasional": 183, "peringkat_provinsi": 14, "kelas_jenks": 2, "kelas_kuantil": 4 }, "geometry": { "type": "MultiPolygon", "coordinates": [ [ [ [ 99.2823, 3.3935 ], [ 99.3195, 3.4327 ], [ 99.2752, 3.487 ], [ 99.0583, 3.6176 ], [ 98.9433, 3.6758 ], [ 98.9376, 3.6249 ], [ 98.9342, 3.4925 ], [ 98.9142, 3.4507 ], [ 98.9143, 3.3618 ], [ 98.8454, 3.3404 ], [ 98.7908, 3.2797 ], [ 98.7618, 3.2215 ], [ 98.8404, 3.2224 ], [ 98.9232, 3.2655 ], [ 98.9584, 3.2488 ], [ 99.008, 3.2085 ], [ 98.965, 3.1448 ], [ 98.9814, 3.0788 ], [ 98.9269, 3.0159 ], [ 99.0105, 3.0492 ], [ 99.0327, 3.1108 ], [ 99.1329, 3.1738 ], [ 99.1529, 3.1501 ], [ 99.1967, 3.1785 ], [ 99.1953, 3.2004 ], [ 99.2236, 3.2608 ], [ 99.2823, 3.3935 ] ], [ [ 99.1546, 3.3667 ], [ 99.187, 3.357 ], [ 99.1937, 3.3104 ], [ 99.1389, 3.3086 ], [ 99.1546, 3.3667 ] ] ] ] } },
{ "type": "Feature", "properties": { "balita": 94934.0, "u5mr": 18.36, "kabkota": "Simalungun", "jenis": "Kabupaten", "provinsi": "SUMATERA UTARA", "pulau": "Sumatera", "provinsi_geojson": "Sumatera Utara", "jenis_geo": "Kabupaten", "label": "Kab. Simalungun", "kode_bps": "1209", "geo_key": "simalungun", "name_geojson": "Kabupaten Simalungun", "peringkat_nasional": 241, "peringkat_provinsi": 22, "kelas_jenks": 2, "kelas_kuantil": 3 }, "geometry": { "type": "MultiPolygon", "coordinates": [ [ [ [ 99.305, 3.3043 ], [ 99.2602, 3.2596 ], [ 99.2402, 3.2471 ], [ 99.2263, 3.2276 ], [ 99.2068, 3.2247 ], [ 99.1967, 3.1785 ], [ 99.1529, 3.1501 ], [ 99.1329, 3.1738 ], [ 99.0327, 3.1108 ], [ 99.0105, 3.0492 ], [ 98.9269, 3.0159 ], [ 98.9814, 3.0788 ], [ 98.965, 3.1448 ], [ 99.008, 3.2085 ], [ 98.9584, 3.2488 ], [ 98.9232, 3.2655 ], [ 98.8404, 3.2224 ], [ 98.7618, 3.2215 ], [ 98.7274, 3.1767 ], [ 98.7145, 3.0667 ], [ 98.6953, 3.041 ], [ 98.6348, 3.062 ], [ 98.5819, 3.0712 ], [ 98.5848, 3.0502 ], [ 98.5602, 3.0257 ], [ 98.5346, 2.9102 ], [ 98.5652, 2.8808 ], [ 98.5812, 2.825 ], [ 98.6457, 2.7887 ], [ 98.6971, 2.7986 ], [ 98.7809, 2.7685 ], [ 98.8412, 2.7121 ], [ 98.8947, 2.6629 ], [ 98.9505, 2.6541 ], [ 98.9934, 2.6027 ], [ 99.0424, 2.6338 ], [ 99.0777, 2.5971 ], [ 99.0786, 2.6621 ], [ 99.3329, 2.8942 ], [ 99.3993, 2.9152 ], [ 99.4551, 2.9555 ], [ 99.4973, 3.0024 ], [ 99.5443, 3.0377 ], [ 99.5513, 3.0998 ], [ 99.5298, 3.1043 ], [ 99.5021, 3.095 ], [ 99.5123, 3.1064 ], [ 99.4969, 3.1151 ], [ 99.3699, 3.1511 ], [ 99.3926, 3.2495 ], [ 99.3833, 3.2578 ], [ 99.3567, 3.2198 ], [ 99.3449, 3.2878 ], [ 99.305, 3.3043 ] ], [ [ 99.0923, 3.0039 ], [ 99.08, 2.9597 ], [ 99.0989, 2.9627 ], [ 99.0396, 2.9087 ], [ 99.0385, 3.0033 ], [ 99.03, 3.0037 ], [ 99.0923, 3.0039 ] ] ] ] } },
{ "type": "Feature", "properties": { "balita": 30921.0, "u5mr": 24.91, "kabkota": "Tapanuli Selatan", "jenis": "Kabupaten", "provinsi": "SUMATERA UTARA", "pulau": "Sumatera", "provinsi_geojson": "Sumatera Utara", "jenis_geo": "Kabupaten", "label": "Kab. Tapanuli Selatan", "kode_bps": "1203", "geo_key": "tapanuli selatan", "name_geojson": "Kabupaten Tapanuli Selatan", "peringkat_nasional": 123, "peringkat_provinsi": 7, "kelas_jenks": 3, "kelas_kuantil": 4 }, "geometry": { "type": "MultiPolygon", "coordinates": [ [ [ [ 99.4594, 2.1253 ], [ 99.4502, 2.0831 ], [ 99.4447, 2.027 ], [ 99.4573, 2.0187 ], [ 99.4615, 1.9529 ], [ 99.3792, 1.9505 ], [ 99.3499, 1.8346 ], [ 99.2555, 1.8236 ], [ 99.2393, 1.7045 ], [ 99.1162, 1.6492 ], [ 99.0774, 1.6994 ], [ 99.057, 1.6451 ], [ 98.9893, 1.523 ], [ 98.9867, 1.4477 ], [ 98.9641, 1.4478 ], [ 98.8838, 1.4539 ], [ 98.8003, 1.4238 ], [ 98.8509, 1.3107 ], [ 98.9079, 1.2933 ], [ 98.9377, 1.3271 ], [ 99.0063, 1.3064 ], [ 99.0292, 1.2619 ], [ 99.0504, 1.2045 ], [ 99.1328, 1.1673 ], [ 99.1323, 1.1104 ], [ 99.1523, 1.0977 ], [ 99.2404, 1.0416 ], [ 99.2695, 1.0973 ], [ 99.3363, 1.0237 ], [ 99.3747, 1.0235 ], [ 99.4517, 1.0466 ], [ 99.4286, 1.0897 ], [ 99.4811, 1.127 ], [ 99.4956, 1.1271 ], [ 99.5106, 1.1146 ], [ 99.5204, 1.1192 ], [ 99.5125, 1.1336 ], [ 99.4914, 1.1397 ], [ 99.427, 1.2386 ], [ 99.419, 1.2457 ], [ 99.3912, 1.3154 ], [ 99.3597, 1.3829 ], [ 99.3945, 1.4887 ], [ 99.4546, 1.593 ], [ 99.4352, 1.6581 ], [ 99.5186, 1.7288 ], [ 99.5708, 1.8112 ], [ 99.5653, 1.8907 ], [ 99.6157, 1.9072 ], [ 99.5983, 1.943 ], [ 99.5895, 2.0167 ], [ 99.5506, 2.0787 ], [ 99.4891, 2.1119 ], [ 99.4594, 2.1253 ] ], [ [ 99.2723, 1.4689 ], [ 99.3278, 1.4155 ], [ 99.3493, 1.3111 ], [ 99.311, 1.3028 ], [ 99.2437, 1.3631 ], [ 99.2225, 1.4381 ], [ 99.2723, 1.4689 ] ] ] ] } },
{ "type": "Feature", "properties": { "balita": 44317.0, "u5mr": 25.26, "kabkota": "Tapanuli Tengah", "jenis": "Kabupaten", "provinsi": "SUMATERA UTARA", "pulau": "Sumatera", "provinsi_geojson": "Sumatera Utara", "jenis_geo": "Kabupaten", "label": "Kab. Tapanuli Tengah", "kode_bps": "1204", "geo_key": "tapanuli tengah", "name_geojson": "Kabupaten Tapanuli Tengah", "peringkat_nasional": 119, "peringkat_provinsi": 4, "kelas_jenks": 3, "kelas_kuantil": 4 }, "geometry": { "type": "MultiPolygon", "coordinates": [ [ [ [ 98.362, 2.1416 ], [ 98.3131, 2.1594 ], [ 98.2776, 2.2036 ], [ 98.2791, 2.2409 ], [ 98.2769, 2.255 ], [ 98.2517, 2.2766 ], [ 98.1947, 2.3108 ], [ 98.1785, 2.2391 ], [ 98.1273, 2.1695 ], [ 98.2849, 2.0438 ], [ 98.4691, 1.9838 ], [ 98.609, 1.8375 ], [ 98.6858, 1.7344 ], [ 98.7287, 1.7335 ], [ 98.7068, 1.7858 ], [ 98.7694, 1.7576 ], [ 98.8008, 1.758 ], [ 98.7969, 1.7461 ], [ 98.8117, 1.7309 ], [ 98.7817, 1.7029 ], [ 98.8377, 1.6509 ], [ 98.766, 1.5278 ], [ 98.8003, 1.4238 ], [ 98.8838, 1.4539 ], [ 98.9641, 1.4478 ], [ 98.9867, 1.4477 ], [ 98.9893, 1.523 ], [ 99.057, 1.6451 ], [ 99.0519, 1.7083 ], [ 98.9923, 1.7558 ], [ 98.8894, 1.7417 ], [ 98.8642, 1.8095 ], [ 98.7832, 1.8813 ], [ 98.7438, 1.9581 ], [ 98.6925, 1.979 ], [ 98.6705, 2.0041 ], [ 98.658, 2.0147 ], [ 98.6084, 2.0217 ], [ 98.544, 2.0828 ], [ 98.4379, 2.1082 ], [ 98.362, 2.1416 ] ] ] ] } },
{ "type": "Feature", "properties": { "balita": 31224.0, "u5mr": 19.21, "kabkota": "Tapanuli Utara", "jenis": "Kabupaten", "provinsi": "SUMATERA UTARA", "pulau": "Sumatera", "provinsi_geojson": "Sumatera Utara", "jenis_geo": "Kabupaten", "label": "Kab. Tapanuli Utara", "kode_bps": "1205", "geo_key": "tapanuli utara", "name_geojson": "Kabupaten Tapanuli Utara", "peringkat_nasional": 221, "peringkat_provinsi": 18, "kelas_jenks": 2, "kelas_kuantil": 3 }, "geometry": { "type": "MultiPolygon", "coordinates": [ [ [ [ 98.9124, 2.408 ], [ 98.8603, 2.3964 ], [ 98.8623, 2.3726 ], [ 98.8881, 2.3266 ], [ 98.9626, 2.2674 ], [ 98.9181, 2.2242 ], [ 98.8424, 2.2119 ], [ 98.7349, 2.1286 ], [ 98.6904, 2.0531 ], [ 98.6705, 2.0041 ], [ 98.6925, 1.979 ], [ 98.7438, 1.9581 ], [ 98.7832, 1.8813 ], [ 98.8642, 1.8095 ], [ 98.8894, 1.7417 ], [ 98.9923, 1.7558 ], [ 99.0519, 1.7083 ], [ 99.0774, 1.6994 ], [ 99.1162, 1.6492 ], [ 99.2393, 1.7045 ], [ 99.2555, 1.8236 ], [ 99.3499, 1.8346 ], [ 99.3792, 1.9505 ], [ 99.4615, 1.9529 ], [ 99.4573, 2.0187 ], [ 99.4452, 2.0228 ], [ 99.4594, 2.1253 ], [ 99.4145, 2.1127 ], [ 99.3876, 2.1357 ], [ 99.3582, 2.1598 ], [ 99.3316, 2.105 ], [ 99.2517, 2.1209 ], [ 99.2124, 2.165 ], [ 99.1965, 2.27 ], [ 99.02, 2.2856 ], [ 98.9869, 2.3253 ], [ 98.9816, 2.3945 ], [ 98.9124, 2.408 ] ] ] ] } },
{ "type": "Feature", "properties": { "balita": 20638.0, "u5mr": 17.65, "kabkota": "Toba Samosir", "jenis": "Kabupaten", "provinsi": "SUMATERA UTARA", "pulau": "Sumatera", "provinsi_geojson": "Sumatera Utara", "jenis_geo": "Kabupaten", "label": "Kab. Toba Samosir", "kode_bps": "1206", "geo_key": "toba", "name_geojson": "Kabupaten Toba", "peringkat_nasional": 267, "peringkat_provinsi": 27, "kelas_jenks": 2, "kelas_kuantil": 3 }, "geometry": { "type": "MultiPolygon", "coordinates": [ [ [ [ 98.8947, 2.6629 ], [ 98.9068, 2.5932 ], [ 98.9351, 2.5563 ], [ 99.0186, 2.4837 ], [ 98.9816, 2.3945 ], [ 98.9869, 2.3253 ], [ 99.02, 2.2856 ], [ 99.1965, 2.27 ], [ 99.2124, 2.165 ], [ 99.2517, 2.1209 ], [ 99.3316, 2.105 ], [ 99.3582, 2.1598 ], [ 99.4241, 2.2153 ], [ 99.5348, 2.2474 ], [ 99.5621, 2.3017 ], [ 99.5819, 2.3374 ], [ 99.4187, 2.4604 ], [ 99.4525, 2.5409 ], [ 99.4656, 2.5475 ], [ 99.4485, 2.5674 ], [ 99.4605, 2.5851 ], [ 99.4424, 2.5951 ], [ 99.3486, 2.5602 ], [ 99.2215, 2.541 ], [ 99.1686, 2.56 ], [ 99.0907, 2.5766 ], [ 99.0424, 2.6338 ], [ 98.9934, 2.6027 ], [ 98.9505, 2.6541 ], [ 98.9145, 2.6594 ], [ 98.8947, 2.6629 ] ] ] ] } },
{ "type": "Feature", "properties": { "balita": 24801.0, "u5mr": 16.2, "kabkota": "Kota Binjai", "jenis": "Kota", "provinsi": "SUMATERA UTARA", "pulau": "Sumatera", "provinsi_geojson": "Sumatera Utara", "jenis_geo": "Kota", "label": "Kota Binjai", "kode_bps": "1276", "geo_key": "kota binjai", "name_geojson": "Kota Binjai", "peringkat_nasional": 326, "peringkat_provinsi": 32, "kelas_jenks": 1, "kelas_kuantil": 2 }, "geometry": { "type": "MultiPolygon", "coordinates": [ [ [ [ 98.4884, 3.6675 ], [ 98.4464, 3.6568 ], [ 98.4627, 3.652 ], [ 98.4462, 3.5653 ], [ 98.474, 3.5281 ], [ 98.4953, 3.5559 ], [ 98.5153, 3.5698 ], [ 98.5332, 3.6209 ], [ 98.5185, 3.6681 ], [ 98.4884, 3.6675 ] ] ] ] } },
{ "type": "Feature", "properties": { "balita": 15093.0, "u5mr": 18.19, "kabkota": "Kota Gunungsitoli", "jenis": "Kota", "provinsi": "SUMATERA UTARA", "pulau": "Sumatera", "provinsi_geojson": "Sumatera Utara", "jenis_geo": "Kota", "label": "Kota Gunungsitoli", "kode_bps": "1278", "geo_key": "kota gunungsitoli", "name_geojson": "Kota Gunungsitoli", "peringkat_nasional": 248, "peringkat_provinsi": 23, "kelas_jenks": 2, "kelas_kuantil": 3 }, "geometry": { "type": "MultiPolygon", "coordinates": [ [ [ [ 97.5392, 1.4208 ], [ 97.4976, 1.3824 ], [ 97.4993, 1.3391 ], [ 97.4901, 1.3172 ], [ 97.493, 1.2882 ], [ 97.4808, 1.2917 ], [ 97.5208, 1.2623 ], [ 97.5354, 1.2932 ], [ 97.5527, 1.2818 ], [ 97.5677, 1.2417 ], [ 97.6263, 1.1739 ], [ 97.636, 1.1514 ], [ 97.7231, 1.1706 ], [ 97.6883, 1.18 ], [ 97.5392, 1.4208 ] ] ] ] } },
{ "type": "Feature", "properties": { "balita": 179207.0, "u5mr": 15.44, "kabkota": "Kota Medan", "jenis": "Kota", "provinsi": "SUMATERA UTARA", "pulau": "Sumatera", "provinsi_geojson": "Sumatera Utara", "jenis_geo": "Kota", "label": "Kota Medan", "kode_bps": "1275", "geo_key": "kota medan", "name_geojson": "Kota Medan", "peringkat_nasional": 357, "peringkat_provinsi": 33, "kelas_jenks": 1, "kelas_kuantil": 2 }, "geometry": { "type": "MultiPolygon", "coordinates": [ [ [ [ 98.6813, 3.789 ], [ 98.6528, 3.7286 ], [ 98.6526, 3.6152 ], [ 98.6022, 3.5871 ], [ 98.6067, 3.5589 ], [ 98.6027, 3.5341 ], [ 98.6001, 3.4908 ], [ 98.638, 3.4898 ], [ 98.6461, 3.496 ], [ 98.6577, 3.5224 ], [ 98.6617, 3.5174 ], [ 98.6966, 3.5189 ], [ 98.6966, 3.6782 ], [ 98.7151, 3.7257 ], [ 98.7271, 3.7333 ], [ 98.6813, 3.789 ] ] ] ] } },
{ "type": "Feature", "properties": { "balita": 22759.0, "u5mr": 19.54, "kabkota": "Kota Padangsidimpuan", "jenis": "Kota", "provinsi": "SUMATERA UTARA", "pulau": "Sumatera", "provinsi_geojson": "Sumatera Utara", "jenis_geo": "Kota", "label": "Kota Padangsidimpuan", "kode_bps": "1277", "geo_key": "kota padangsidimpuan", "name_geojson": "Kota Padangsidimpuan", "peringkat_nasional": 213, "peringkat_provinsi": 17, "kelas_jenks": 2, "kelas_kuantil": 3 }, "geometry": { "type": "MultiPolygon", "coordinates": [ [ [ [ 99.311, 1.3028 ], [ 99.3197, 1.3032 ], [ 99.3504, 1.314 ], [ 99.3305, 1.409 ], [ 99.2723, 1.4689 ], [ 99.2225, 1.4381 ], [ 99.2437, 1.3631 ], [ 99.311, 1.3028 ] ] ] ] } },
{ "type": "Feature", "properties": { "balita": 21728.0, "u5mr": 17.76, "kabkota": "Kota Pematang Siantar", "jenis": "Kota", "provinsi": "SUMATERA UTARA", "pulau": "Sumatera", "provinsi_geojson": "Sumatera Utara", "jenis_geo": "Kota", "label": "Kota Pematang Siantar", "kode_bps": "1273", "geo_key": "kota pematangsiantar", "name_geojson": "Kota Pematangsiantar", "peringkat_nasional": 262, "peringkat_provinsi": 26, "kelas_jenks": 2, "kelas_kuantil": 3 }, "geometry": { "type": "MultiPolygon", "coordinates": [ [ [ [ 99.03, 3.0037 ], [ 99.0385, 3.0033 ], [ 99.0396, 2.9087 ], [ 99.0989, 2.9627 ], [ 99.08, 2.9597 ], [ 99.0923, 3.0039 ], [ 99.03, 3.0037 ] ] ] ] } },
{ "type": "Feature", "properties": { "balita": 7864.0, "u5mr": 19.59, "kabkota": "Kota Sibolga", "jenis": "Kota", "provinsi": "SUMATERA UTARA", "pulau": "Sumatera", "provinsi_geojson": "Sumatera Utara", "jenis_geo": "Kota", "label": "Kota Sibolga", "kode_bps": "1271", "geo_key": "kota sibolga", "name_geojson": "Kota Sibolga", "peringkat_nasional": 212, "peringkat_provinsi": 16, "kelas_jenks": 2, "kelas_kuantil": 3 }, "geometry": { "type": "MultiPolygon", "coordinates": [ [ [ [ 98.8008, 1.758 ], [ 98.7748, 1.758 ], [ 98.7685, 1.7457 ], [ 98.7984, 1.7207 ], [ 98.7969, 1.7461 ], [ 98.8008, 1.758 ] ] ] ] } },
{ "type": "Feature", "properties": { "balita": 16702.0, "u5mr": 19.13, "kabkota": "Kota Tanjung Balai", "jenis": "Kota", "provinsi": "SUMATERA UTARA", "pulau": "Sumatera", "provinsi_geojson": "Sumatera Utara", "jenis_geo": "Kota", "label": "Kota Tanjung Balai", "kode_bps": "1272", "geo_key": "kota tanjungbalai", "name_geojson": "Kota Tanjungbalai", "peringkat_nasional": 224, "peringkat_provinsi": 19, "kelas_jenks": 2, "kelas_kuantil": 3 }, "geometry": { "type": "MultiPolygon", "coordinates": [ [ [ [ 99.8172, 3.0251 ], [ 99.7986, 3.0095 ], [ 99.8172, 2.9242 ], [ 99.8189, 2.9935 ], [ 99.8172, 3.0251 ] ] ] ] } },
{ "type": "Feature", "properties": { "balita": 14767.0, "u5mr": 16.54, "kabkota": "Kota Tebing Tinggi", "jenis": "Kota", "provinsi": "SUMATERA UTARA", "pulau": "Sumatera", "provinsi_geojson": "Sumatera Utara", "jenis_geo": "Kota", "label": "Kota Tebing Tinggi", "kode_bps": "1274", "geo_key": "kota tebing tinggi", "name_geojson": "Kota Tebing Tinggi", "peringkat_nasional": 310, "peringkat_provinsi": 31, "kelas_jenks": 1, "kelas_kuantil": 2 }, "geometry": { "type": "MultiPolygon", "coordinates": [ [ [ [ 99.187, 3.357 ], [ 99.1546, 3.3667 ], [ 99.1389, 3.3086 ], [ 99.1937, 3.3104 ], [ 99.187, 3.357 ] ] ] ] } }
]
}
